year,month,bank_name,bank_category,sector,anchor_bank,is_merged,merge_year,atm_onsite_count,atm_offsite_count,atm_total_count,pos_online_count,micro_atm_count,credit_cards_outstanding,credit_txn_atm_vol,credit_txn_pos_vol,credit_txn_atm_value_lakh,credit_txn_pos_value_lakh,credit_txn_total_value_lakh,debit_cards_outstanding,debit_txn_atm_vol,debit_txn_pos_vol,debit_txn_atm_value_lakh,debit_txn_pos_value_lakh,debit_txn_total_value_lakh,is_reported
2020,1,American Express,Foreign Banks,Foreign,American Express,False,0,0,0,0,49858,0,1674085,3316,7720295,248.0,432667.0,432915.0,0,0,0,0.0,0.0,0.0,True
2020,1,Bank of America,Foreign Banks,Foreign,Bank of America,False,0,0,0,0,0,0,27029,27,75777,2.27,3748.0,3750.27,0,0,0,0.0,0.0,0.0,True
2020,1,Barclays Bank,Foreign Banks,Foreign,Barclays Bank,False,0,0,0,0,0,0,0,0,0,0.0,0.0,0.0,2271,116,302,8.0,12.0,20.0,True
2020,1,Citi Bank,Foreign Banks,Foreign,Axis Bank,True,2023,47,475,522,0,0,2777490,28656,18087426,1511.0,427757.0,429268.0,1685968,2044055,5047687,85273.0,65857.0,151130.0,True
2020,1,DBS Bank,Foreign Banks,Foreign,DBS Bank,False,0,18,35,53,0,0,0,0,0,0.0,0.0,0.0,1413979,902960,1407850,22407.0,10994.0,33401.0,True
2020,1,Deutsche Bank,Foreign Banks,Foreign,Deutsche Bank,False,0,13,19,32,0,0,0,0,0,0.0,0.0,0.0,125794,95017,196414,4507.0,3203.0,7710.0,True
2020,1,HSBC,Foreign Banks,Foreign,HSBC,False,0,46,38,84,0,0,849245,4066,2348292,289.0,74205.0,74494.0,472358,327076,456594,105005.0,15090.0,120095.0,True
2020,1,Standard Chartered Bank,Foreign Banks,Foreign,Standard Chartered Bank,False,0,99,109,208,0,0,1310053,6114,4497189,393.0,107597.0,107990.0,969018,1643192,2947342,57782.0,35340.0,93122.0,True
2020,1,Airtel Payments Bank,Payment Banks,Payments Bank,Airtel Payments Bank,False,0,0,0,0,0,0,0,0,0,0.0,0.0,0.0,1088158,0,418337,0.0,2048.0,2048.0,True
2020,1,Fino Payments Bank,Payment Banks,Payments Bank,Fino Payments Bank,False,0,0,0,0,336,0,0,0,0,0.0,0.0,0.0,963101,390671,184229,11668.0,1413.0,13081.0,True
2020,1,India Post Payments Bank,Payment Banks,Payments Bank,India Post Payments Bank,False,0,0,0,0,0,0,0,0,0,0.0,0.0,0.0,30,0,9,0.0,0.01,0.01,True
2020,1,Jio Payments Bank,Payment Banks,Payments Bank,Jio Payments Bank,False,0,0,0,0,0,0,0,0,0,0.0,0.0,0.0,0,0,0,0.0,0.0,0.0,False
2020,1,NSDL Payments Bank,Payment Banks,Payments Bank,NSDL Payments Bank,False,0,0,0,0,0,0,0,0,0,0.0,0.0,0.0,283,6,66,0.12,0.4,0.53,True
2020,1,Paytm Payments Bank,Payment Banks,Payments Bank,Paytm Payments Bank,False,0,2,10,12,141200,0,0,0,0,0.0,0.0,0.0,55998002,2202091,3233664,62144.0,21461.0,83605.0,True
2020,1,Aditya Birla Idea Payments Bank,Private Sector,Private,Aditya Birla Idea Payments Bank,False,0,0,0,0,0,0,0,0,0,0.0,0.0,0.0,0,0,0,0.0,0.0,0.0,False
2020,1,Atm,Private Sector,Private,Atm,False,0,0,0,0,0,0,0,0,0,0.0,0.0,0.0,0,0,0,0.0,0.0,0.0,False
2020,1,Axis Bank,Private Sector,Private,Axis Bank,False,0,5392,12113,17505,511232,0,6850890,67112,17012372,3132.0,689650.0,692782.0,24375638,29048830,29013169,1501677.0,443265.0,1944942.0,True
2020,1,Bandhan Bank,Private Sector,Private,Bandhan Bank,False,0,485,0,485,30862,0,0,0,0,0.0,0.0,0.0,3523762,1981883,1112262,90216.0,16596.0,106812.0,True
2020,1,CSB Bank,Private Sector,Private,CSB Bank,False,0,245,52,297,0,0,0,0,0,0.0,0.0,0.0,691007,518303,287924,20631.0,3822.0,24453.0,True
2020,1,City Union Bank,Private Sector,Private,City Union Bank,False,0,1073,685,1758,9936,0,6760,313,21695,7.0,564.0,571.0,1993916,2552007,2064057,116994.0,25741.0,142735.0,True
2020,1,DCB Bank,Private Sector,Private,DCB Bank,False,0,299,205,504,7658,0,26132,907,66612,62.0,744.0,806.0,718469,516523,641059,29788.0,14189.0,43977.0,True
2020,1,Dhanlaxmi Bank,Private Sector,Private,Dhanlaxmi Bank,False,0,202,50,252,1353,0,6142,465,24663,6.81,473.0,479.81,471824,569277,307974,18969.0,4207.0,23176.0,True
2020,1,Federal Bank,Private Sector,Private,Federal Bank,False,0,1468,500,1968,14059,0,0,0,0,0.0,0.0,0.0,7525776,8913002,6389360,403510.0,88269.0,491779.0,True
2020,1,HDFC Bank,Private Sector,Private,HDFC Bank,False,0,6238,7678,13916,805838,0,14174067,212314,58329150,12240.0,1946179.0,1958419.0,31338699,41932670,54044384,2161833.0,791466.0,2953299.0,True
2020,1,ICICI Bank,Private Sector,Private,ICICI Bank,False,0,7227,10137,17364,475372,0,8793125,54201,30226722,2027.0,893414.0,895441.0,45905832,34101912,41895458,1778530.0,627637.0,2406167.0,True
2020,1,IDFC First Bank,Private Sector,Private,IDFC First Bank,False,0,293,14,307,2926,0,0,0,0,0.0,0.0,0.0,1946913,2535865,1769019,82353.0,17968.0,100321.0,True
2020,1,IndusInd Bank,Private Sector,Private,IndusInd Bank,False,0,1232,1510,2742,78420,0,1304183,18408,3751138,955.0,246488.0,247443.0,5408475,4212334,3171638,189026.0,51508.0,240534.0,True
2020,1,J&K Bank,Private Sector,Private,J&K Bank,False,0,767,582,1349,15101,0,138920,10494,196079,406.0,8773.0,9179.0,4166464,6129482,1186067,299249.0,24673.0,323922.0,True
2020,1,Karnataka Bank,Private Sector,Private,Karnataka Bank,False,0,342,701,1043,12719,0,0,0,0,0.0,0.0,0.0,4563569,5071120,3485311,195262.0,40299.0,235561.0,True
2020,1,Karur Vysya Bank,Private Sector,Private,Karur Vysya Bank,False,0,743,911,1654,20200,0,2857,197,10286,7.0,803.0,810.0,3868740,5724593,3325705,254299.0,47292.0,301591.0,True
2020,1,Kotak Mahindra Bank,Private Sector,Private,Kotak Mahindra Bank,False,0,1247,1220,2467,32970,0,2276761,41630,6083085,1860.0,179172.0,181032.0,14340099,9313040,11691713,373179.0,165742.0,538921.0,True
2020,1,Laxmi Vilas Bank,Private Sector,Private,DBS Bank,True,2020,457,540,997,3882,0,0,0,0,0.0,0.0,0.0,1405621,927926,514617,42366.0,7105.0,49471.0,True
2020,1,RBL Bank,Private Sector,Private,RBL Bank,False,0,278,108,386,598976,0,2537468,109051,9036615,4172.0,287740.0,291912.0,910668,799065,677475,30471.0,8484.0,38955.0,True
2020,1,South Indian Bank,Private Sector,Private,South Indian Bank,False,0,806,600,1406,12503,0,0,0,0,0.0,0.0,0.0,3149178,3284742,2417613,134526.0,33437.0,167963.0,True
2020,1,Tamilnad Mercantile Bank,Private Sector,Private,Tamilnad Mercantile Bank,False,0,589,731,1320,4555,0,23655,2524,59645,110.0,2190.0,2300.0,1727965,5266013,804327,214798.0,11545.0,226343.0,True
2020,1,Yes Bank,Private Sector,Private,Yes Bank,False,0,997,340,1337,92065,0,827061,16209,2379644,657.0,65419.0,66076.0,2854269,3329990,3497425,142293.0,50862.0,193155.0,True
2020,1,Allahabad Bank,Public Sector,Public,Indian Bank,True,2020,771,95,866,3280,0,0,0,0,0.0,0.0,0.0,6720335,5907695,4635265,237009.0,39552.0,276561.0,True
2020,1,Andhra Bank,Public Sector,Public,Union Bank of India,True,2020,3024,773,3797,13589,0,304670,9313,607168,437.0,14659.0,15096.0,12947608,13713219,7848257,580101.0,105131.0,685232.0,True
2020,1,Bank of Baroda,Public Sector,Public,Bank of Baroda,False,0,9320,3847,13167,58927,0,441917,15409,1126096,638.0,23885.0,24523.0,54029306,32933816,21871835,1379388.0,270151.0,1649539.0,True
2020,1,Bank of India,Public Sector,Public,Bank of India,False,0,2407,3343,5750,48533,0,165660,15550,440276,866.0,9929.0,10795.0,39986161,21284478,11814821,752835.0,124344.0,877179.0,True
2020,1,Bank of Maharashtra,Public Sector,Public,Bank of Maharashtra,False,0,1389,545,1934,2474,0,0,0,0,0.0,0.0,0.0,7386860,8551954,5693552,307794.0,58430.0,366224.0,True
2020,1,Canara Bank,Public Sector,Public,Canara Bank,False,0,4755,4065,8820,24421,0,519024,61470,877393,2996.0,20358.0,23354.0,23290533,26916776,14724508,1226966.0,190510.0,1417476.0,True
2020,1,Central Bank of India,Public Sector,Public,Central Bank of India,False,0,2759,885,3644,3478,0,88906,1708,150948,80.0,3192.0,3272.0,23814241,12616349,7051582,511044.0,91671.0,602715.0,True
2020,1,Corporation Bank,Public Sector,Public,Union Bank of India,True,2020,2424,425,2849,313730,0,113884,1658,163452,81.0,3860.0,3941.0,7920402,7320517,4658069,300432.0,55897.0,356329.0,True
2020,1,IDBI Bank,Public Sector,Public,IDBI Bank,False,0,2209,1477,3686,34524,0,35703,713,136046,39.0,3354.0,3393.0,12492418,9120576,6359682,412032.0,84448.0,496480.0,True
2020,1,Indian Bank,Public Sector,Public,Indian Bank,False,0,3305,703,4008,10453,0,101874,4235,184359,279.0,4459.0,4738.0,14402089,23744238,8318566,728381.0,104013.0,832394.0,True
2020,1,Indian Overseas Bank,Public Sector,Public,Indian Overseas Bank,False,0,2673,351,3024,19750,0,59933,918,99720,36.0,1933.0,1969.0,17701592,13766430,5759275,531376.0,77463.0,608839.0,True
2020,1,Oriental Bank of Commerce,Public Sector,Public,Punjab National Bank,True,2020,2341,267,2608,9912,0,0,0,0,0.0,0.0,0.0,12171157,5857939,4258078,253500.0,51087.0,304587.0,True
2020,1,Punjab & Sind Bank,Public Sector,Public,Punjab & Sind Bank,False,0,1019,31,1050,900,0,0,0,0,0.0,0.0,0.0,2677571,1661434,759659,68962.0,10872.0,79834.0,True
2020,1,Punjab National Bank,Public Sector,Public,Punjab National Bank,False,0,5406,3713,9119,78220,0,345194,3997,647141,108.0,13774.0,13882.0,23796687,26367837,15708389,1193078.0,223734.0,1416812.0,True
2020,1,State Bank of India,Public Sector,Public,State Bank of India,False,0,25594,32910,58504,664587,0,10237289,158211,38128452,6083.0,1222943.0,1229026.0,274093023,205938180,130968859,10449269.0,1799800.0,12249069.0,True
2020,1,Syndicate Bank,Public Sector,Public,Canara Bank,True,2020,4174,403,4577,12374,0,46683,1992,195926,90.0,4344.0,4434.0,9665117,9887309,6083742,403058.0,71066.0,474124.0,True
2020,1,UCO Bank,Public Sector,Public,UCO Bank,False,0,1960,176,2136,7310,0,0,0,0,0.0,0.0,0.0,8245082,6708794,4236353,264405.0,48970.0,313375.0,True
2020,1,Union Bank of India,Public Sector,Public,Union Bank of India,False,0,3949,2892,6841,55713,0,45930,3320,228016,173.0,5631.0,5804.0,20378661,29633142,11352870,941742.0,126100.0,1067842.0,True
2020,1,United Bank of India,Public Sector,Public,Punjab National Bank,True,2020,1016,1001,2017,7412,0,7655,231,17147,10.0,320.0,330.0,9174028,7189205,2613278,233302.0,32521.0,265823.0,True
2020,1,AU Small Finance Bank,Small Finance Banks,Small Finance,AU Small Finance Bank,False,0,307,3,310,0,0,0,0,0,0.0,0.0,0.0,1255400,704519,387752,39973.0,6642.0,46615.0,True
2020,1,Capital Small Finance Bank,Small Finance Banks,Small Finance,Capital Small Finance Bank,False,0,150,1,151,0,0,0,0,0,0.0,0.0,0.0,121074,90528,64191,4398.0,1064.0,5462.0,True
2020,1,ESAF Small Finance Bank,Small Finance Banks,Small Finance,ESAF Small Finance Bank,False,0,206,3,209,4,0,0,0,0,0.0,0.0,0.0,1523759,939005,161149,53460.0,1388.0,54848.0,True
2020,1,Equitas Small Finance Bank,Small Finance Banks,Small Finance,Equitas Small Finance Bank,False,0,320,2,322,0,0,0,0,0,0.0,0.0,0.0,637431,909641,206232,19589.0,3836.0,23425.0,True
2020,1,Fincare Small Finance Bank,Small Finance Banks,Small Finance,Fincare Small Finance Bank,False,0,100,2,102,0,0,0,0,0,0.0,0.0,0.0,1938494,923965,50064,35075.0,439.0,35514.0,True
2020,1,Jana Small Finance Bank,Small Finance Banks,Small Finance,Jana Small Finance Bank,False,0,128,3,131,0,0,0,0,0,0.0,0.0,0.0,1119517,566186,95442,30023.0,1031.0,31054.0,True
2020,1,North East Small Finance Bank,Small Finance Banks,Small Finance,North East Small Finance Bank,False,0,0,0,0,0,0,0,0,0,0.0,0.0,0.0,113876,18950,12569,690.0,111.0,801.0,True
2020,1,Suryoday Small Finance Bank,Small Finance Banks,Small Finance,Suryoday Small Finance Bank,False,0,25,1,26,0,0,0,0,0,0.0,0.0,0.0,29810,35468,27940,1164.0,325.8,1489.8,True
2020,1,Ujjivan Small Finance Bank,Small Finance Banks,Small Finance,Ujjivan Small Finance Bank,False,0,470,3,473,0,0,0,0,0,0.0,0.0,0.0,5132660,2654590,485282,113244.0,4729.0,117973.0,True
2020,1,Utkarsh Small Finance Bank,Small Finance Banks,Small Finance,Utkarsh Small Finance Bank,False,0,138,36,174,0,0,0,0,0,0.0,0.0,0.0,355691,150415,50781,4459.0,501.0,4960.0,True
2020,2,American Express,Foreign Banks,Foreign,American Express,False,0,0,0,0,50253,0,1694323,3087,7458334,233.0,413568.0,413801.0,0,0,0,0.0,0.0,0.0,True
2020,2,Bank of America,Foreign Banks,Foreign,Bank of America,False,0,0,0,0,0,0,27367,9,74800,0.7,3811.0,3811.7,0,0,0,0.0,0.0,0.0,True
2020,2,Barclays Bank,Foreign Banks,Foreign,Barclays Bank,False,0,0,0,0,0,0,0,0,0,0.0,0.0,0.0,2261,132,283,9.0,12.0,21.0,True
2020,2,Citi Bank,Foreign Banks,Foreign,Axis Bank,True,2023,47,475,522,0,0,2796864,26714,16404433,1388.0,382244.0,383632.0,1696101,1970048,4762608,83235.0,59245.0,142480.0,True
2020,2,DBS Bank,Foreign Banks,Foreign,DBS Bank,False,0,20,33,53,0,0,0,0,0,0.0,0.0,0.0,1454397,897555,1355262,23047.0,10779.0,33826.0,True
2020,2,Deutsche Bank,Foreign Banks,Foreign,Deutsche Bank,False,0,13,19,32,0,0,0,0,0,0.0,0.0,0.0,124894,88663,182788,4285.0,2781.0,7066.0,True
2020,2,HSBC,Foreign Banks,Foreign,HSBC,False,0,46,38,84,0,0,863798,3931,2255376,264.0,72061.0,72325.0,475356,305146,421679,132669.0,13263.0,145932.0,True
2020,2,Standard Chartered Bank,Foreign Banks,Foreign,Standard Chartered Bank,False,0,98,109,207,0,0,1390110,5426,4106451,338.0,95485.0,95823.0,975113,1586296,2896366,56712.0,34135.0,90847.0,True
2020,2,Airtel Payments Bank,Payment Banks,Payments Bank,Airtel Payments Bank,False,0,0,0,0,0,0,0,0,0,0.0,0.0,0.0,1118052,0,345442,0.0,1788.0,1788.0,True
2020,2,Fino Payments Bank,Payment Banks,Payments Bank,Fino Payments Bank,False,0,0,0,0,338,0,0,0,0,0.0,0.0,0.0,1048415,406122,181391,12318.0,1479.0,13797.0,True
2020,2,India Post Payments Bank,Payment Banks,Payments Bank,India Post Payments Bank,False,0,0,0,0,0,0,0,0,0,0.0,0.0,0.0,30,0,0,0.0,0.0,0.0,True
2020,2,Jio Payments Bank,Payment Banks,Payments Bank,Jio Payments Bank,False,0,0,0,0,0,0,0,0,0,0.0,0.0,0.0,0,0,0,0.0,0.0,0.0,False
2020,2,NSDL Payments Bank,Payment Banks,Payments Bank,NSDL Payments Bank,False,0,0,0,0,0,0,0,0,0,0.0,0.0,0.0,1234,10,139,0.27,0.79,1.06,True
2020,2,Paytm Payments Bank,Payment Banks,Payments Bank,Paytm Payments Bank,False,0,2,10,12,146130,0,0,0,0,0.0,0.0,0.0,56777626,2213423,3002659,63393.0,20904.0,84297.0,True
2020,2,Atm,Private Sector,Private,Atm,False,0,0,0,0,0,0,0,0,0,0.0,0.0,0.0,0,0,0,0.0,0.0,0.0,False
2020,2,Axis Bank,Private Sector,Private,Axis Bank,False,0,5415,12052,17467,511697,0,6916566,58437,15838636,2782.0,637566.0,640348.0,24440098,27283471,27027228,1400644.0,411568.0,1812212.0,True
2020,2,Bandhan Bank,Private Sector,Private,Bandhan Bank,False,0,485,0,485,31324,0,0,0,0,0.0,0.0,0.0,3597144,1916777,1047242,89308.0,16317.0,105625.0,True
2020,2,CSB Bank,Private Sector,Private,CSB Bank,False,0,247,51,298,0,0,0,0,0,0.0,0.0,0.0,695794,489519,274895,19992.0,3513.0,23505.0,True
2020,2,City Union Bank,Private Sector,Private,City Union Bank,False,0,1088,683,1771,9614,0,6759,229,18468,6.0,482.0,488.0,2013155,2540655,1564414,118919.0,19298.0,138217.0,True
2020,2,DCB Bank,Private Sector,Private,DCB Bank,False,0,299,205,504,8216,0,26535,822,70402,53.0,737.0,790.0,731160,486400,571408,28388.0,12694.0,41082.0,True
2020,2,Dhanlaxmi Bank,Private Sector,Private,Dhanlaxmi Bank,False,0,201,52,253,1360,0,6140,436,22719,6.62,410.0,416.62,475991,538909,289190,17943.0,3790.0,21733.0,True
2020,2,Federal Bank,Private Sector,Private,Federal Bank,False,0,1474,501,1975,14195,0,0,0,0,0.0,0.0,0.0,7605163,8430181,6083774,378494.0,80214.0,458708.0,True
2020,2,HDFC Bank,Private Sector,Private,HDFC Bank,False,0,6253,7741,13994,844532,0,14394269,201524,54681860,11599.0,1797807.0,1809406.0,31802923,40583316,51455677,2118257.0,734943.0,2853200.0,True
2020,2,ICICI Bank,Private Sector,Private,ICICI Bank,False,0,7249,10169,17418,480600,0,8971011,52754,28913884,2654.0,911235.0,913889.0,46020059,32458827,38858996,1706912.0,570036.0,2276948.0,True
2020,2,IDFC First Bank,Private Sector,Private,IDFC First Bank,False,0,329,16,345,3891,0,0,0,0,0.0,0.0,0.0,2005396,2479261,1773095,84617.0,17495.0,102112.0,True
2020,2,IndusInd Bank,Private Sector,Private,IndusInd Bank,False,0,1244,1507,2751,99536,0,1332592,17189,3524620,900.0,253363.0,254263.0,5492109,4177231,3002056,187701.0,48095.0,235796.0,True
2020,2,J&K Bank,Private Sector,Private,J&K Bank,False,0,767,583,1350,15048,0,137846,9366,225437,360.0,9412.0,9772.0,4202488,6596058,1491061,318455.0,26635.0,345090.0,True
2020,2,Karnataka Bank,Private Sector,Private,Karnataka Bank,False,0,344,692,1036,13611,0,0,0,0,0.0,0.0,0.0,4636543,4786451,3343543,186611.0,37671.0,224282.0,True
2020,2,Karur Vysya Bank,Private Sector,Private,Karur Vysya Bank,False,0,746,912,1658,15747,0,2974,199,9313,7.0,724.0,731.0,3917739,5518295,2975395,247900.0,42812.0,290712.0,True
2020,2,Kotak Mahindra Bank,Private Sector,Private,Kotak Mahindra Bank,False,0,1256,1236,2492,33431,0,2315950,37761,5622850,1695.0,165317.0,167012.0,14744309,9074898,10965208,369117.0,144062.0,513179.0,True
2020,2,Laxmi Vilas Bank,Private Sector,Private,DBS Bank,True,2020,451,540,991,3732,0,0,0,0,0.0,0.0,0.0,1412640,871212,383293,39951.0,5473.0,45424.0,True
2020,2,Payment Banks,Private Sector,Private,Payment Banks,False,0,0,0,0,0,0,0,0,0,0.0,0.0,0.0,0,0,0,0.0,0.0,0.0,False
2020,2,RBL Bank,Private Sector,Private,RBL Bank,False,0,284,106,390,602642,0,2619278,109848,8491587,4065.0,275474.0,279539.0,933758,755435,636219,29459.0,8114.0,37573.0,True
2020,2,Small Finance Banks,Private Sector,Private,Small Finance Banks,False,0,0,0,0,0,0,0,0,0,0.0,0.0,0.0,0,0,0,0.0,0.0,0.0,False
2020,2,South Indian Bank,Private Sector,Private,South Indian Bank,False,0,809,604,1413,12630,0,0,0,0,0.0,0.0,0.0,3187252,3132656,2302573,127989.0,30561.0,158550.0,True
2020,2,Tamilnad Mercantile Bank,Private Sector,Private,Tamilnad Mercantile Bank,False,0,589,732,1321,4558,0,26071,2714,56675,112.0,2089.0,2201.0,1758791,5664150,788317,226245.0,11115.0,237360.0,True
2020,2,Yes Bank,Private Sector,Private,Yes Bank,False,0,999,346,1345,90946,0,871438,16097,2321516,652.0,61553.0,62205.0,2900543,3193552,3254225,134955.0,46445.0,181400.0,True
2020,2,Allahabad Bank,Public Sector,Public,Indian Bank,True,2020,805,95,900,3286,0,0,0,0,0.0,0.0,0.0,6808170,5717337,4033722,234523.0,37765.0,272288.0,True
2020,2,Andhra Bank,Public Sector,Public,Union Bank of India,True,2020,3024,769,3793,13597,0,304310,8679,553227,417.0,13382.0,13799.0,13075284,11574028,7012218,486268.0,94260.0,580528.0,True
2020,2,Bank of Baroda,Public Sector,Public,Bank of Baroda,False,0,9349,3844,13193,60195,0,458202,14580,1093438,620.0,23563.0,24183.0,53624770,29829148,22875640,1244649.0,287216.0,1531865.0,True
2020,2,Bank of India,Public Sector,Public,Bank of India,False,0,2408,3342,5750,48552,0,166498,15421,414772,878.0,9112.0,9990.0,39598183,20156507,11261304,723384.0,119491.0,842875.0,True
2020,2,Bank of Maharashtra,Public Sector,Public,Bank of Maharashtra,False,0,1382,545,1927,2501,0,0,0,0,0.0,0.0,0.0,7539193,7986209,5224681,293418.0,54768.0,348186.0,True
2020,2,Canara Bank,Public Sector,Public,Canara Bank,False,0,4751,4069,8820,24670,0,523750,54360,821547,2602.0,18865.0,21467.0,23769753,24926270,13952663,1132013.0,177113.0,1309126.0,True
2020,2,Central Bank of India,Public Sector,Public,Central Bank of India,False,0,2761,889,3650,3566,0,88296,1500,131454,71.0,2771.0,2842.0,23974333,12109219,6511575,501065.0,86468.0,587533.0,True
2020,2,Corporation Bank,Public Sector,Public,Union Bank of India,True,2020,2462,427,2889,309349,0,114177,1597,151590,82.0,3598.0,3680.0,8055999,6998511,4443044,288627.0,52813.0,341440.0,True
2020,2,IDBI Bank,Public Sector,Public,IDBI Bank,False,0,2207,1478,3685,34822,0,36114,651,127275,33.0,3090.0,3123.0,12575525,8670561,5900465,397289.0,78148.0,475437.0,True
2020,2,Indian Bank,Public Sector,Public,Indian Bank,False,0,3332,700,4032,10611,0,102857,4030,170605,256.0,3948.0,4204.0,14585589,23375038,7757760,722616.0,95423.0,818039.0,True
2020,2,Indian Overseas Bank,Public Sector,Public,Indian Overseas Bank,False,0,2676,348,3024,19750,0,60116,1487,92306,60.0,1733.0,1793.0,17211040,13257767,5271474,520830.0,67699.0,588529.0,True
2020,2,Oriental Bank of Commerce,Public Sector,Public,Punjab National Bank,True,2020,2337,266,2603,9957,0,0,0,0,0.0,0.0,0.0,11526734,5493421,3946117,240799.0,47071.0,287870.0,True
2020,2,Punjab & Sind Bank,Public Sector,Public,Punjab & Sind Bank,False,0,1021,31,1052,900,0,0,0,0,0.0,0.0,0.0,2717347,1582215,946611,67244.0,13436.0,80680.0,True
2020,2,Punjab National Bank,Public Sector,Public,Punjab National Bank,False,0,5426,3731,9157,79467,0,345980,3996,604968,109.0,12680.0,12789.0,24148858,25404744,14697291,1167011.0,211699.0,1378710.0,True
2020,2,State Bank of India,Public Sector,Public,State Bank of India,False,0,25650,32977,58627,672360,0,10458089,140256,34830409,5472.0,1066671.0,1072143.0,276834397,194144902,120343002,9955362.0,1663679.0,11619041.0,True
2020,2,Syndicate Bank,Public Sector,Public,Canara Bank,True,2020,4174,401,4575,12630,0,46613,2345,183775,104.0,4041.0,4145.0,9785412,9313525,5666785,382898.0,65501.0,448399.0,True
2020,2,UCO Bank,Public Sector,Public,UCO Bank,False,0,2014,179,2193,7930,0,0,0,0,0.0,0.0,0.0,8370067,6458205,3960009,260422.0,46692.0,307114.0,True
2020,2,Union Bank of India,Public Sector,Public,Union Bank of India,False,0,3978,2894,6872,55086,0,45542,3002,212140,155.0,5217.0,5372.0,20637015,28353800,10649265,916553.0,118522.0,1035075.0,True
2020,2,United Bank of India,Public Sector,Public,Punjab National Bank,True,2020,1021,996,2017,7442,0,7655,221,16091,9.0,302.0,311.0,9256780,4949429,2480624,231103.0,31141.0,262244.0,True
2020,2,AU Small Finance Bank,Small Finance Banks,Small Finance,AU Small Finance Bank,False,0,310,3,313,0,0,0,0,0,0.0,0.0,0.0,1241502,656637,371068,39800.0,6501.0,46301.0,True
2020,2,Capital Small Finance Bank,Small Finance Banks,Small Finance,Capital Small Finance Bank,False,0,150,1,151,0,0,0,0,0,0.0,0.0,0.0,124413,86863,62602,4197.0,1020.0,5217.0,True
2020,2,ESAF Small Finance Bank,Small Finance Banks,Small Finance,ESAF Small Finance Bank,False,0,214,2,216,0,0,0,0,0,0.0,0.0,0.0,1531945,897021,165189,49834.0,1394.0,51228.0,True
2020,2,Equitas Small Finance Bank,Small Finance Banks,Small Finance,Equitas Small Finance Bank,False,0,320,2,322,0,0,0,0,0,0.0,0.0,0.0,654677,908306,202089,19715.0,3720.0,23435.0,True
2020,2,Fincare Small Finance Bank,Small Finance Banks,Small Finance,Fincare Small Finance Bank,False,0,102,4,106,0,0,0,0,0,0.0,0.0,0.0,2032081,989663,56351,38648.0,476.0,39124.0,True
2020,2,Jana Small Finance Bank,Small Finance Banks,Small Finance,Jana Small Finance Bank,False,0,128,3,131,0,0,0,0,0,0.0,0.0,0.0,1278718,606880,93534,32703.0,1077.0,33780.0,True
2020,2,North East Small Finance Bank,Small Finance Banks,Small Finance,North East Small Finance Bank,False,0,0,0,0,0,0,0,0,0,0.0,0.0,0.0,120349,20468,13030,759.0,112.0,871.0,True
2020,2,Suryoday Small Finance Bank,Small Finance Banks,Small Finance,Suryoday Small Finance Bank,False,0,25,1,26,0,0,0,0,0,0.0,0.0,0.0,38464,38453,29215,1284.0,346.5,1630.5,True
2020,2,Ujjivan Small Finance Bank,Small Finance Banks,Small Finance,Ujjivan Small Finance Bank,False,0,472,3,475,0,0,0,0,0,0.0,0.0,0.0,5276815,2619554,466569,112492.0,4754.0,117246.0,True
2020,2,Utkarsh Small Finance Bank,Small Finance Banks,Small Finance,Utkarsh Small Finance Bank,False,0,139,36,175,0,0,0,0,0,0.0,0.0,0.0,383006,150114,48448,4696.0,511.0,5207.0,True
2020,3,American Express,Foreign Banks,Foreign,American Express,False,0,0,0,0,50636,0,1693175,2270,5644114,175.0,244416.0,244591.0,0,0,0,0.0,0.0,0.0,True
2020,3,Bank of America,Foreign Banks,Foreign,Bank of America,False,0,0,0,0,0,0,27795,3,41564,0.24,2331.0,2331.24,0,0,0,0.0,0.0,0.0,True
2020,3,Barclays Bank,Foreign Banks,Foreign,Barclays Bank,False,0,0,0,0,0,0,0,0,0,0.0,0.0,0.0,2237,82,163,5.0,4.0,9.0,True
2020,3,Citi Bank,Foreign Banks,Foreign,Axis Bank,True,2023,47,478,525,0,0,2793766,22920,13852447,1258.0,313567.0,314825.0,1695554,1627146,3742499,73420.0,48176.0,121596.0,True
2020,3,DBS Bank,Foreign Banks,Foreign,DBS Bank,False,0,20,34,54,0,0,0,0,0,0.0,0.0,0.0,1471374,789811,1152419,20818.0,9248.0,30066.0,True
2020,3,Deutsche Bank,Foreign Banks,Foreign,Deutsche Bank,False,0,13,19,32,0,0,0,0,0,0.0,0.0,0.0,125991,71506,144623,3714.0,2122.0,5836.0,True
2020,3,HSBC,Foreign Banks,Foreign,HSBC,False,0,46,38,84,0,0,873411,3204,1832701,226.0,60253.0,60479.0,482630,254627,350791,50792.0,11124.0,61916.0,True
2020,3,Standard Chartered Bank,Foreign Banks,Foreign,Standard Chartered Bank,False,0,99,109,208,0,0,1450691,4685,3587365,304.0,81245.0,81549.0,981669,1327164,2289382,50803.0,27291.0,78094.0,True
2020,3,Airtel Payments Bank,Payment Banks,Payments Bank,Airtel Payments Bank,False,0,0,0,0,0,0,0,0,0,0.0,0.0,0.0,1193129,0,326361,0.0,1710.0,1710.0,True
2020,3,Fino Payments Bank,Payment Banks,Payments Bank,Fino Payments Bank,False,0,0,0,0,338,0,0,0,0,0.0,0.0,0.0,1118167,396842,169934,11771.0,1409.0,13180.0,True
2020,3,India Post Payments Bank,Payment Banks,Payments Bank,India Post Payments Bank,False,0,0,0,0,0,0,0,0,0,0.0,0.0,0.0,30,0,0,0.0,0.0,0.0,True
2020,3,Jio Payments Bank,Payment Banks,Payments Bank,Jio Payments Bank,False,0,0,0,0,0,0,0,0,0,0.0,0.0,0.0,0,0,0,0.0,0.0,0.0,False
2020,3,NSDL Payments Bank,Payment Banks,Payments Bank,NSDL Payments Bank,False,0,0,0,0,0,0,0,0,0,0.0,0.0,0.0,2733,4,4837,0.0,24.0,24.0,True
2020,3,Paytm Payments Bank,Payment Banks,Payments Bank,Paytm Payments Bank,False,0,2,14,16,156178,0,0,0,0,0.0,0.0,0.0,57530813,2010131,2622723,57769.0,18685.0,76454.0,True
2020,3,Atm,Private Sector,Private,Atm,False,0,0,0,0,0,0,0,0,0,0.0,0.0,0.0,0,0,0,0.0,0.0,0.0,False
2020,3,Axis Bank,Private Sector,Private,Axis Bank,False,0,5447,12030,17477,522523,0,6985774,50464,14160907,2497.0,496497.0,498994.0,24487900,23644098,22566009,1248805.0,334340.0,1583145.0,True
2020,3,Bandhan Bank,Private Sector,Private,Bandhan Bank,False,0,485,0,485,31629,0,0,0,0,0.0,0.0,0.0,3634522,1762792,1013374,82832.0,15154.0,97986.0,True
2020,3,CSB Bank,Private Sector,Private,CSB Bank,False,0,248,51,299,0,0,0,0,0,0.0,0.0,0.0,694837,428620,236354,17438.0,2900.0,20338.0,True
2020,3,City Union Bank,Private Sector,Private,City Union Bank,False,0,1110,683,1793,9600,0,6715,185,14445,6.0,389.0,395.0,2027703,2330169,1471460,106922.0,17661.0,124583.0,True
2020,3,DCB Bank,Private Sector,Private,DCB Bank,False,0,299,205,504,8334,0,26463,760,53047,49.0,613.0,662.0,735901,414987,485965,25219.0,9327.0,34546.0,True
2020,3,Dhanlaxmi Bank,Private Sector,Private,Dhanlaxmi Bank,False,0,201,53,254,1363,0,6140,428,19831,6.0,352.0,358.0,475756,474639,254626,16101.0,3225.0,19326.0,True
2020,3,Federal Bank,Private Sector,Private,Federal Bank,False,0,1480,457,1937,14308,0,0,0,0,0.0,0.0,0.0,7658347,7211826,5071130,326826.0,64364.0,391190.0,True
2020,3,HDFC Bank,Private Sector,Private,HDFC Bank,False,0,6268,7793,14061,872912,0,14499647,181611,48248308,10865.0,1506639.0,1517504.0,32113096,35310508,42026422,1893249.0,609801.0,2503050.0,True
2020,3,ICICI Bank,Private Sector,Private,ICICI Bank,False,0,7258,10172,17430,483538,0,9110690,44389,24735885,2223.0,669235.0,671458.0,46088262,27769999,31898511,1505185.0,466287.0,1971472.0,True
2020,3,IDFC First Bank,Private Sector,Private,IDFC First Bank,False,0,336,21,357,4746,0,0,0,0,0.0,0.0,0.0,2043451,2183807,1543528,74817.0,14659.0,89476.0,True
2020,3,IndusInd Bank,Private Sector,Private,IndusInd Bank,False,0,1255,1505,2760,115793,0,1354206,16004,3197635,881.0,211636.0,212517.0,5553541,3696700,2637477,170571.0,41878.0,212449.0,True
2020,3,J&K Bank,Private Sector,Private,J&K Bank,False,0,590,764,1354,15198,0,138619,7752,241911,302.0,8168.0,8470.0,4222607,5439769,1900536,280448.0,20438.0,300886.0,True
2020,3,Karnataka Bank,Private Sector,Private,Karnataka Bank,False,0,348,675,1023,13112,0,0,0,0,0.0,0.0,0.0,4688947,4331125,3005699,172731.0,33633.0,206364.0,True
2020,3,Karur Vysya Bank,Private Sector,Private,Karur Vysya Bank,False,0,744,915,1659,15534,0,2861,259,9701,10.0,699.0,709.0,3952670,4988655,1631617,223896.0,24367.0,248263.0,True
2020,3,Kotak Mahindra Bank,Private Sector,Private,Kotak Mahindra Bank,False,0,1269,1250,2519,34046,0,2324280,34428,4912214,1631.0,143860.0,145491.0,14948333,7992352,9462210,332360.0,122841.0,455201.0,True
2020,3,Laxmi Vilas Bank,Private Sector,Private,DBS Bank,True,2020,445,528,973,3634,0,0,0,0,0.0,0.0,0.0,1396924,825228,340035,38596.0,4716.0,43312.0,True
2020,3,Payment Banks,Private Sector,Private,Payment Banks,False,0,0,0,0,0,0,0,0,0,0.0,0.0,0.0,0,0,0,0.0,0.0,0.0,False
2020,3,RBL Bank,Private Sector,Private,RBL Bank,False,0,289,100,389,604109,0,2681336,145811,7762581,4998.0,256604.0,261602.0,960827,660654,552804,26716.0,7150.0,33866.0,True
2020,3,Small Finance Banks,Private Sector,Private,Small Finance Banks,False,0,0,0,0,0,0,0,0,0,0.0,0.0,0.0,0,0,0,0.0,0.0,0.0,False
2020,3,South Indian Bank,Private Sector,Private,South Indian Bank,False,0,817,607,1424,12622,0,0,0,0,0.0,0.0,0.0,3198476,2706959,1962283,111993.0,25349.0,137342.0,True
2020,3,Tamilnad Mercantile Bank,Private Sector,Private,Tamilnad Mercantile Bank,False,0,592,729,1321,4524,0,28454,2399,53142,105.0,1987.0,2092.0,1774186,4842698,729290,199201.0,9740.0,208941.0,True
2020,3,Yes Bank,Private Sector,Private,Yes Bank,False,0,1002,348,1350,89148,0,873454,7952,930257,357.53,29248.0,29605.53,2909012,2616698,1033187,160927.0,17078.0,178005.0,True
2020,3,Allahabad Bank,Public Sector,Public,Indian Bank,True,2020,869,94,963,3286,0,0,0,0,0.0,0.0,0.0,6873972,5120231,3495728,211306.0,32626.0,243932.0,True
2020,3,Andhra Bank,Public Sector,Public,Union Bank of India,True,2020,3027,766,3793,13782,0,303962,8361,535293,408.0,12616.0,13024.0,13153572,10293297,6430611,434437.0,84204.0,518641.0,True
2020,3,Bank of Baroda,Public Sector,Public,Bank of Baroda,False,0,9354,3839,13193,59959,0,467879,12997,979604,560.0,21086.0,21646.0,54044749,25998678,15701935,1120781.0,194247.0,1315028.0,True
2020,3,Bank of India,Public Sector,Public,Bank of India,False,0,2413,3337,5750,48361,0,164223,14079,387725,831.0,8130.0,8961.0,40062795,17711223,10077058,645229.0,105439.0,750668.0,True
2020,3,Bank of Maharashtra,Public Sector,Public,Bank of Maharashtra,False,0,1381,545,1926,2512,0,0,0,0,0.0,0.0,0.0,7643666,6693313,4547972,255670.0,46831.0,302501.0,True
2020,3,Canara Bank,Public Sector,Public,Canara Bank,False,0,4734,4038,8772,24881,0,537292,51698,741506,2516.0,16166.0,18682.0,24369941,22983072,12444476,1043516.0,153337.0,1196853.0,True
2020,3,Central Bank of India,Public Sector,Public,Central Bank of India,False,0,2752,890,3642,3635,0,87470,1183,117246,55.0,2291.0,2346.0,24099971,10728352,5873986,444491.0,74155.0,518646.0,True
2020,3,Corporation Bank,Public Sector,Public,Union Bank of India,True,2020,2267,356,2623,301195,0,114497,1414,132851,72.0,3021.0,3093.0,8143209,6212862,3864931,258285.0,44989.0,303274.0,True
2020,3,IDBI Bank,Public Sector,Public,IDBI Bank,False,0,2207,1476,3683,34775,0,36372,612,111312,35.0,2583.0,2618.0,12640911,7663416,5083174,358934.0,67071.0,426005.0,True
2020,3,Indian Bank,Public Sector,Public,Indian Bank,False,0,3359,700,4059,10566,0,103284,3763,155636,238.0,3465.0,3703.0,14727798,22292568,7093535,834984.0,83355.0,918339.0,True
2020,3,Indian Overseas Bank,Public Sector,Public,Indian Overseas Bank,False,0,2678,354,3032,19750,0,60116,827,82296,38.0,1422.0,1460.0,17924815,11958822,4878567,471595.0,59387.0,530982.0,True
2020,3,Oriental Bank of Commerce,Public Sector,Public,Punjab National Bank,True,2020,2340,272,2612,10142,0,0,0,0,0.0,0.0,0.0,8172952,4858451,3537318,213593.0,40288.0,253881.0,True
2020,3,Punjab & Sind Bank,Public Sector,Public,Punjab & Sind Bank,False,0,1024,30,1054,894,0,0,0,0,0.0,0.0,0.0,2755251,1433112,916743,60426.0,11845.0,72271.0,True
2020,3,Punjab National Bank,Public Sector,Public,Punjab National Bank,False,0,5430,3738,9168,80318,0,346663,3546,539446,94.0,11170.0,11264.0,24403555,21774219,12501815,994975.0,175729.0,1170704.0,True
2020,3,State Bank of India,Public Sector,Public,State Bank of India,False,0,25634,32921,58555,672862,0,10547502,125814,31230912,5036.0,953302.0,958338.0,278133593,170888905,104990278,8850193.0,1390533.0,10240726.0,True
2020,3,Syndicate Bank,Public Sector,Public,Canara Bank,True,2020,4172,401,4573,12497,0,46511,2125,158950,97.0,2175.0,2272.0,9871132,8002269,4964775,331786.0,55205.0,386991.0,True
2020,3,UCO Bank,Public Sector,Public,UCO Bank,False,0,2050,186,2236,8260,0,0,0,0,0.0,0.0,0.0,8422524,5737998,3505914,232191.0,39696.0,271887.0,True
2020,3,Union Bank of India,Public Sector,Public,Union Bank of India,False,0,3979,2916,6895,55245,0,44214,2881,185217,152.0,4235.0,4387.0,20378661,24470877,8973398,286724.0,97218.0,383942.0,True
2020,3,United Bank of India,Public Sector,Public,Punjab National Bank,True,2020,1021,996,2017,7596,0,7643,215,13864,9.26,249.0,258.26,9311730,4526005,2363495,213843.0,27073.0,240916.0,True
2020,3,AU Small Finance Bank,Small Finance Banks,Small Finance,AU Small Finance Bank,False,0,311,3,314,0,0,0,0,0,0.0,0.0,0.0,1264358,568885,324293,34705.0,5626.0,40331.0,True
2020,3,Capital Small Finance Bank,Small Finance Banks,Small Finance,Capital Small Finance Bank,False,0,150,1,151,0,0,0,0,0,0.0,0.0,0.0,126171,74532,57735,3618.0,838.0,4456.0,True
2020,3,ESAF Small Finance Bank,Small Finance Banks,Small Finance,ESAF Small Finance Bank,False,0,220,2,222,173,0,0,0,0,0.0,0.0,0.0,3110365,791002,158166,43908.0,1251.0,45159.0,True
2020,3,Equitas Small Finance Bank,Small Finance Banks,Small Finance,Equitas Small Finance Bank,False,0,320,2,322,0,0,0,0,0,0.0,0.0,0.0,670439,785967,134384,17503.0,2318.0,19821.0,True
2020,3,Fincare Small Finance Bank,Small Finance Banks,Small Finance,Fincare Small Finance Bank,False,0,103,5,108,0,0,0,0,0,0.0,0.0,0.0,2769442,973033,56061,37304.0,483.0,37787.0,True
2020,3,Jana Small Finance Bank,Small Finance Banks,Small Finance,Jana Small Finance Bank,False,0,128,3,131,0,0,0,0,0,0.0,0.0,0.0,1378310,505053,84693,25745.0,905.0,26650.0,True
2020,3,North East Small Finance Bank,Small Finance Banks,Small Finance,North East Small Finance Bank,False,0,0,0,0,0,0,0,0,0,0.0,0.0,0.0,155314,19621,14428,776.0,112.0,888.0,True
2020,3,Suryoday Small Finance Bank,Small Finance Banks,Small Finance,Suryoday Small Finance Bank,False,0,25,1,26,0,0,0,0,0,0.0,0.0,0.0,54092,37347,27973,1240.0,350.0,1590.0,True
2020,3,Ujjivan Small Finance Bank,Small Finance Banks,Small Finance,Ujjivan Small Finance Bank,False,0,472,3,475,0,0,0,0,0,0.0,0.0,0.0,5321014,2277637,429302,93589.0,4363.0,97952.0,True
2020,3,Utkarsh Small Finance Bank,Small Finance Banks,Small Finance,Utkarsh Small Finance Bank,False,0,141,36,177,0,0,0,0,0,0.0,0.0,0.0,407712,134264,44530,4386.0,442.0,4828.0,True
2020,4,American Express,Foreign Banks,Foreign,American Express,False,0,0,0,0,47747,0,1670934,747,2830834,60.0,94508.0,94568.0,0,0,0,0.0,0.0,0.0,True
2020,4,Bank of America,Foreign Banks,Foreign,Bank of America,False,0,0,0,0,0,0,27627,0,3991,0.0,298.0,298.0,0,0,0,0.0,0.0,0.0,True
2020,4,Barclays Bank,Foreign Banks,Foreign,Barclays Bank,False,0,0,0,0,0,0,0,0,0,0.0,0.0,0.0,2228,44,44,2.0,2.0,4.0,True
2020,4,Citi Bank,Foreign Banks,Foreign,Axis Bank,True,2023,47,478,525,0,0,2773588,7458,6270025,418.0,143305.0,143723.0,1693191,578702,1602954,25660.0,23826.0,49486.0,True
2020,4,DBS Bank,Foreign Banks,Foreign,DBS Bank,False,0,20,34,54,0,0,0,0,0,0.0,0.0,0.0,1461229,360623,478395,9468.0,3687.0,13155.0,True
2020,4,Deutsche Bank,Foreign Banks,Foreign,Deutsche Bank,False,0,13,19,32,0,0,0,0,0,0.0,0.0,0.0,126393,26229,65685,1427.0,979.0,2406.0,True
2020,4,HSBC,Foreign Banks,Foreign,HSBC,False,0,46,38,84,0,0,871492,874,867945,72.0,26693.0,26765.0,481417,199409,198322,15959.0,7348.0,23307.0,True
2020,4,Standard Chartered Bank,Foreign Banks,Foreign,Standard Chartered Bank,False,0,99,109,208,0,0,1441904,1722,1729152,119.0,40126.0,40245.0,982994,543497,948506,21868.0,12918.0,34786.0,True
2020,4,Airtel Payments Bank,Payment Banks,Payments Bank,Airtel Payments Bank,False,0,0,0,0,0,0,0,0,0,0.0,0.0,0.0,1210146,0,238391,0.0,1137.0,1137.0,True
2020,4,Fino Payments Bank,Payment Banks,Payments Bank,Fino Payments Bank,False,0,0,0,0,338,0,0,0,0,0.0,0.0,0.0,1178472,211382,115965,6438.0,852.0,7290.0,True
2020,4,India Post Payments Bank,Payment Banks,Payments Bank,India Post Payments Bank,False,0,0,0,0,0,0,0,0,0,0.0,0.0,0.0,30,0,0,0.0,0.0,0.0,True
2020,4,Jio Payments Bank,Payment Banks,Payments Bank,Jio Payments Bank,False,0,0,0,0,0,0,0,0,0,0.0,0.0,0.0,0,0,0,0.0,0.0,0.0,False
2020,4,NSDL Payments Bank,Payment Banks,Payments Bank,NSDL Payments Bank,False,0,0,0,0,0,0,0,0,0,0.0,0.0,0.0,19920,6,15261,0.0,59.0,59.0,True
2020,4,Paytm Payments Bank,Payment Banks,Payments Bank,Paytm Payments Bank,False,0,2,18,20,163592,0,0,0,0,0.0,0.0,0.0,57761895,1154348,1460746,37686.0,9292.0,46978.0,True
2020,4,Atm,Private Sector,Private,Atm,False,0,0,0,0,0,0,0,0,0,0.0,0.0,0.0,0,0,0,0.0,0.0,0.0,False
2020,4,Axis Bank,Private Sector,Private,Axis Bank,False,0,5441,12032,17473,521438,0,6903188,17446,6666730,849.0,186722.0,187571.0,24755962,11061507,11194774,535505.0,160321.0,695826.0,True
2020,4,Bandhan Bank,Private Sector,Private,Bandhan Bank,False,0,485,0,485,31632,0,0,0,0,0.0,0.0,0.0,3645921,975399,659080,43422.0,7498.0,50920.0,True
2020,4,CSB Bank,Private Sector,Private,CSB Bank,False,0,248,51,299,0,0,0,0,0,0.0,0.0,0.0,696130,229515,128694,8287.0,1345.0,9632.0,True
2020,4,City Union Bank,Private Sector,Private,City Union Bank,False,0,1110,682,1792,9542,0,6677,71,6483,2.0,182.0,184.0,2029930,1093026,759844,43176.0,7319.0,50495.0,True
2020,4,DCB Bank,Private Sector,Private,DCB Bank,False,0,299,205,504,8325,0,7780,358,9427,23.0,198.0,221.0,754759,213089,234273,10818.0,4747.0,15565.0,True
2020,4,Dhanlaxmi Bank,Private Sector,Private,Dhanlaxmi Bank,False,0,201,53,254,1355,0,6102,426,10704,6.0,160.0,166.0,479950,293161,156870,8450.0,1616.0,10066.0,True
2020,4,Federal Bank,Private Sector,Private,Federal Bank,False,0,1480,463,1943,14305,0,0,0,0,0.0,0.0,0.0,7666398,3633770,2514250,149208.0,26991.0,176199.0,True
2020,4,HDFC Bank,Private Sector,Private,HDFC Bank,False,0,6264,7805,14069,873135,0,14487555,69178,22164843,4138.0,622568.0,626706.0,32142736,16464501,18844650,820369.0,263047.0,1083416.0,True
2020,4,ICICI Bank,Private Sector,Private,ICICI Bank,False,0,7260,10172,17432,484245,0,9090119,9082,11507398,420.0,231783.0,232203.0,46046701,12249919,14415468,601126.0,198493.0,799619.0,True
2020,4,IDFC First Bank,Private Sector,Private,IDFC First Bank,False,0,341,27,368,4751,0,0,0,0,0.0,0.0,0.0,2080118,1404010,753747,49145.0,6018.0,55163.0,True
2020,4,IndusInd Bank,Private Sector,Private,IndusInd Bank,False,0,1257,1512,2769,95820,0,1342871,6159,1507411,333.0,88547.0,88880.0,5551717,2006605,1327636,76370.0,19624.0,95994.0,True
2020,4,J&K Bank,Private Sector,Private,J&K Bank,False,0,590,764,1354,15116,0,70503,2544,151672,101.0,3476.0,3577.0,4224788,3116730,1866863,165964.0,10631.0,176595.0,True
2020,4,Karnataka Bank,Private Sector,Private,Karnataka Bank,False,0,348,674,1022,13112,0,0,0,0,0.0,0.0,0.0,4694433,2210356,1507978,82998.0,14275.0,97273.0,True
2020,4,Karur Vysya Bank,Private Sector,Private,Karur Vysya Bank,False,0,745,914,1659,15453,0,2857,81,4942,3.0,238.0,241.0,3959316,2188133,1334865,87163.0,15423.0,102586.0,True
2020,4,Kotak Mahindra Bank,Private Sector,Private,Kotak Mahindra Bank,False,0,1273,1251,2524,33794,0,2323580,1884,2326009,102.0,64464.0,64566.0,15162896,3633271,4798448,133496.0,56687.0,190183.0,True
2020,4,Laxmi Vilas Bank,Private Sector,Private,DBS Bank,True,2020,445,528,973,3601,0,0,0,0,0.0,0.0,0.0,1393694,377134,149246,14834.0,1623.0,16457.0,True
2020,4,Payment Banks,Private Sector,Private,Payment Banks,False,0,0,0,0,0,0,0,0,0,0.0,0.0,0.0,0,0,0,0.0,0.0,0.0,False
2020,4,RBL Bank,Private Sector,Private,RBL Bank,False,0,289,97,386,601558,0,2627886,147394,3339575,4772.0,113585.0,118357.0,964474,302241,273839,11076.0,3121.0,14197.0,True
2020,4,Small Finance Banks,Private Sector,Private,Small Finance Banks,False,0,0,0,0,0,0,0,0,0,0.0,0.0,0.0,0,0,0,0.0,0.0,0.0,False
2020,4,South Indian Bank,Private Sector,Private,South Indian Bank,False,0,817,607,1424,12497,0,0,0,0,0.0,0.0,0.0,3204587,1410973,1049408,51982.0,11551.0,63533.0,True
2020,4,Tamilnad Mercantile Bank,Private Sector,Private,Tamilnad Mercantile Bank,False,0,589,732,1321,4498,0,28889,1101,25158,48.0,854.0,902.0,1778395,2833839,454029,104699.0,4178.0,108877.0,True
2020,4,Yes Bank,Private Sector,Private,Yes Bank,False,0,1002,347,1349,88785,0,866642,4167,725743,180.0,20108.0,20288.0,2904572,797691,876972,32916.0,12308.0,45224.0,True
2020,4,Bank of Baroda,Public Sector,Public,Bank of Baroda,False,0,8961,3698,12659,58419,0,468264,5819,519250,241.0,10015.0,10256.0,54341674,14859990,11796208,574472.0,109419.0,683891.0,True
2020,4,Bank of India,Public Sector,Public,Bank of India,False,0,2416,3334,5750,48119,0,164103,6404,242618,364.0,4070.0,4434.0,39040017,9809944,6236604,344871.0,51791.0,396662.0,True
2020,4,Bank of Maharashtra,Public Sector,Public,Bank of Maharashtra,False,0,1379,547,1926,2512,0,0,0,0,0.0,0.0,0.0,7692143,3438010,2730343,130551.0,24993.0,155544.0,True
2020,4,Canara Bank,Public Sector,Public,Canara Bank,False,0,8912,4439,13351,37136,0,580453,26323,497845,1231.0,8932.0,10163.0,34104706,15240952,11346063,642714.0,106933.0,749647.0,True
2020,4,Central Bank of India,Public Sector,Public,Central Bank of India,False,0,2749,887,3636,3598,0,87266,570,68259,27.0,1177.0,1204.0,24162770,5997888,3724018,266733.0,37674.0,304407.0,True
2020,4,IDBI Bank,Public Sector,Public,IDBI Bank,False,0,2207,1476,3683,34366,0,36220,298,54738,18.0,1096.0,1114.0,12627664,3851572,2585962,163367.0,31019.0,194386.0,True
2020,4,Indian Bank,Public Sector,Public,Indian Bank,False,0,4262,789,5051,13816,0,103284,1626,81356,101.0,1517.0,1618.0,21646306,15104701,6678629,440657.0,53193.0,493850.0,True
2020,4,Indian Overseas Bank,Public Sector,Public,Indian Overseas Bank,False,0,2684,360,3044,9522,0,60116,304,43342,13.0,561.0,574.0,17953721,6922939,3011235,265350.0,28151.0,293501.0,True
2020,4,Punjab & Sind Bank,Public Sector,Public,Punjab & Sind Bank,False,0,1024,30,1054,893,0,0,0,0,0.0,0.0,0.0,2716584,817400,569510,31675.0,6446.0,38121.0,True
2020,4,Punjab National Bank,Public Sector,Public,Punjab National Bank,False,0,8790,5008,13798,97955,0,354379,1381,315179,35.0,2777.0,2812.0,41954797,17415326,10936767,743016.0,118161.0,861177.0,True
2020,4,State Bank of India,Public Sector,Public,State Bank of India,False,0,25622,32915,58537,663408,0,10499091,48867,14706871,1970.0,408935.0,410905.0,278771154,102060804,65277589,5207095.0,699807.0,5906902.0,True
2020,4,UCO Bank,Public Sector,Public,UCO Bank,False,0,2050,186,2236,8272,0,0,0,0,0.0,0.0,0.0,8481486,3408663,2535617,128735.0,21707.0,150442.0,True
2020,4,Union Bank of India,Public Sector,Public,Union Bank of India,False,0,9239,3983,13222,369101,0,456775,5854,446951,285.0,8920.0,9205.0,42125967,23626546,11662544,747614.0,116066.0,863680.0,True
2020,4,AU Small Finance Bank,Small Finance Banks,Small Finance,AU Small Finance Bank,False,0,311,2,313,0,0,0,0,0,0.0,0.0,0.0,1275291,229223,167977,12228.0,2658.0,14886.0,True
2020,4,Capital Small Finance Bank,Small Finance Banks,Small Finance,Capital Small Finance Bank,False,0,150,1,151,0,0,0,0,0,0.0,0.0,0.0,126754,36334,43294,1682.0,512.0,2194.0,True
2020,4,ESAF Small Finance Bank,Small Finance Banks,Small Finance,ESAF Small Finance Bank,False,0,220,2,222,173,0,0,0,0,0.0,0.0,0.0,3105368,175338,90665,4586.0,566.0,5152.0,True
2020,4,Equitas Small Finance Bank,Small Finance Banks,Small Finance,Equitas Small Finance Bank,False,0,320,2,322,0,0,0,0,0,0.0,0.0,0.0,686495,361748,69249,6555.0,1042.0,7597.0,True
2020,4,Fincare Small Finance Bank,Small Finance Banks,Small Finance,Fincare Small Finance Bank,False,0,103,5,108,0,0,0,0,0,0.0,0.0,0.0,2228064,231743,30029,6346.0,224.0,6570.0,True
2020,4,Jana Small Finance Bank,Small Finance Banks,Small Finance,Jana Small Finance Bank,False,0,128,3,131,0,0,0,0,0,0.0,0.0,0.0,1379134,80411,34077,2604.0,278.0,2882.0,True
2020,4,North East Small Finance Bank,Small Finance Banks,Small Finance,North East Small Finance Bank,False,0,0,0,0,0,0,0,0,0,0.0,0.0,0.0,158411,9965,16223,317.0,66.0,383.0,True
2020,4,Suryoday Small Finance Bank,Small Finance Banks,Small Finance,Suryoday Small Finance Bank,False,0,25,1,26,0,0,0,0,0,0.0,0.0,0.0,54752,17908,13858,528.0,188.0,716.0,True
2020,4,Ujjivan Small Finance Bank,Small Finance Banks,Small Finance,Ujjivan Small Finance Bank,False,0,472,3,475,0,0,0,0,0,0.0,0.0,0.0,5346977,840904,262354,18619.0,1788.0,20407.0,True
2020,4,Utkarsh Small Finance Bank,Small Finance Banks,Small Finance,Utkarsh Small Finance Bank,False,0,141,36,177,0,0,0,0,0,0.0,0.0,0.0,411071,79265,27798,1916.0,217.0,2133.0,True
2020,5,American Express,Foreign Banks,Foreign,American Express,False,0,0,0,0,47720,0,1658151,1165,3494396,92.0,142566.0,142658.0,0,0,0,0.0,0.0,0.0,True
2020,5,Bank of America,Foreign Banks,Foreign,Bank of America,False,0,0,0,0,0,0,27450,0,5589,0.0,429.0,429.0,0,0,0,0.0,0.0,0.0,True
2020,5,Barclays Bank,Foreign Banks,Foreign,Barclays Bank,False,0,0,0,0,0,0,0,0,0,0.0,0.0,0.0,2207,32,84,1.0,5.0,6.0,True
2020,5,Citi Bank,Foreign Banks,Foreign,Axis Bank,True,2023,47,478,525,0,0,2751483,9725,8150602,558.0,212216.0,212774.0,1683725,904371,2160152,44474.0,36955.0,81429.0,True
2020,5,DBS Bank,Foreign Banks,Foreign,DBS Bank,False,0,20,34,54,0,0,0,0,0,0.0,0.0,0.0,1429796,513970,651208,14781.0,6116.0,20897.0,True
2020,5,Deutsche Bank,Foreign Banks,Foreign,Deutsche Bank,False,0,13,19,32,0,0,0,0,0,0.0,0.0,0.0,126463,40193,91876,2227.0,1597.0,3824.0,True
2020,5,HSBC,Foreign Banks,Foreign,HSBC,False,0,46,37,83,0,0,870316,1234,1173276,93.0,44730.0,44823.0,481119,213428,223600,11360.0,6989.0,18349.0,True
2020,5,Standard Chartered Bank,Foreign Banks,Foreign,Standard Chartered Bank,False,0,99,109,208,0,0,1426222,2034,2141876,131.0,54815.0,54946.0,986772,810071,1299943,34802.0,20273.0,55075.0,True
2020,5,Airtel Payments Bank,Payment Banks,Payments Bank,Airtel Payments Bank,False,0,0,0,0,0,0,0,0,0,0.0,0.0,0.0,1272938,0,240799,0.0,1484.0,1484.0,True
2020,5,Fino Payments Bank,Payment Banks,Payments Bank,Fino Payments Bank,False,0,0,0,0,0,137901,0,0,0,0.0,0.0,0.0,1262143,222105,138773,6563.0,1291.0,7854.0,True
2020,5,India Post Payments Bank,Payment Banks,Payments Bank,India Post Payments Bank,False,0,0,0,0,0,114230,0,0,0,0.0,0.0,0.0,30,0,0,0.0,0.0,0.0,True
2020,5,Jio Payments Bank,Payment Banks,Payments Bank,Jio Payments Bank,False,0,0,0,0,0,0,0,0,0,0.0,0.0,0.0,0,0,0,0.0,0.0,0.0,False
2020,5,NSDL Payments Bank,Payment Banks,Payments Bank,NSDL Payments Bank,False,0,0,0,0,0,0,0,0,0,0.0,0.0,0.0,31357,13,3291,0.0,13.0,13.0,True
2020,5,Paytm Payments Bank,Payment Banks,Payments Bank,Paytm Payments Bank,False,0,2,20,22,164001,0,0,0,0,0.0,0.0,0.0,58146754,1420843,1610885,44702.0,13564.0,58266.0,True
2020,5,Aditya Birla Idea Payments Bank,Private Sector,Private,Aditya Birla Idea Payments Bank,False,0,0,0,0,0,0,0,0,0,0.0,0.0,0.0,0,0,0,0.0,0.0,0.0,False
2020,5,Atm,Private Sector,Private,Atm,False,0,0,0,0,0,0,0,0,0,0.0,0.0,0.0,0,0,0,0.0,0.0,0.0,False
2020,5,Axis Bank,Private Sector,Private,Axis Bank,False,0,5460,12001,17461,500977,710,6829149,18764,8030432,950.0,255494.0,256444.0,24733459,16270594,15233963,855269.0,262043.0,1117312.0,True
2020,5,Bandhan Bank,Private Sector,Private,Bandhan Bank,False,0,485,0,485,31148,0,0,0,0,0.0,0.0,0.0,3674886,1279879,760942,58909.0,11137.0,70046.0,True
2020,5,CSB Bank,Private Sector,Private,CSB Bank,False,0,251,51,302,0,33,0,0,0,0.0,0.0,0.0,699110,336076,194830,13753.0,2521.0,16274.0,True
2020,5,City Union Bank,Private Sector,Private,City Union Bank,False,0,1111,682,1793,9532,0,6634,100,10500,4.0,319.0,323.0,2032400,1664988,980684,72354.0,11901.0,84255.0,True
2020,5,DCB Bank,Private Sector,Private,DCB Bank,False,0,299,205,504,8215,0,7467,433,14232,27.0,325.0,352.0,757717,285378,310404,15293.0,6601.0,21894.0,True
2020,5,Dhanlaxmi Bank,Private Sector,Private,Dhanlaxmi Bank,False,0,201,53,254,1339,0,6091,470,15451,5.0,306.0,311.0,480979,393463,216407,13058.0,2845.0,15903.0,True
2020,5,Federal Bank,Private Sector,Private,Federal Bank,False,0,1478,475,1953,14213,0,0,0,0,0.0,0.0,0.0,7706663,5704079,3793015,280686.0,52022.0,332708.0,True
2020,5,HDFC Bank,Private Sector,Private,HDFC Bank,False,0,6259,7850,14109,879894,2334,14485661,86492,29797170,5309.0,1002951.0,1008260.0,32322118,24819190,26795567,1327961.0,458288.0,1786249.0,True
2020,5,ICICI Bank,Private Sector,Private,ICICI Bank,False,0,7263,10169,17432,454700,4324,9091370,8341,16490491,389.0,425550.0,425939.0,46443663,18342856,19468240,981564.0,323545.0,1305109.0,True
2020,5,IDFC First Bank,Private Sector,Private,IDFC First Bank,False,0,349,48,397,4772,11222,0,0,0,0.0,0.0,0.0,2140992,1618343,985768,64965.0,10633.0,75598.0,True
2020,5,IndusInd Bank,Private Sector,Private,IndusInd Bank,False,0,1263,1514,2777,96744,259,1339774,7950,2001547,427.0,102609.0,103036.0,5607875,2703608,1773588,111499.0,30648.0,142147.0,True
2020,5,J&K Bank,Private Sector,Private,J&K Bank,False,0,766,591,1357,15072,919,73322,3468,167913,143.0,4838.0,4981.0,4230620,4365205,1906480,242536.0,16470.0,259006.0,True
2020,5,Karnataka Bank,Private Sector,Private,Karnataka Bank,False,0,348,674,1022,12174,0,0,0,0,0.0,0.0,0.0,4722741,3279424,2185935,130167.0,25956.0,156123.0,True
2020,5,Karur Vysya Bank,Private Sector,Private,Karur Vysya Bank,False,0,745,914,1659,15384,0,2850,129,7035,5.0,452.0,457.0,3976509,3558909,1910358,157574.0,28376.0,185950.0,True
2020,5,Kotak Mahindra Bank,Private Sector,Private,Kotak Mahindra Bank,False,0,1275,1254,2529,33424,0,2321597,640,3144602,43.0,95455.0,95498.0,15126300,5058885,6262209,202287.0,88056.0,290343.0,True
2020,5,Laxmi Vilas Bank,Private Sector,Private,DBS Bank,True,2020,446,527,973,3487,109,0,0,0,0.0,0.0,0.0,1402418,589287,239990,25430.0,3317.0,28747.0,True
2020,5,RBL Bank,Private Sector,Private,RBL Bank,False,0,290,96,386,597276,0,2608889,756,4349162,26.0,155609.0,155635.0,968077,424836,364868,16687.0,4912.0,21599.0,True
2020,5,South Indian Bank,Private Sector,Private,South Indian Bank,False,0,817,607,1424,12604,0,0,0,0,0.0,0.0,0.0,3231612,2142960,1544453,92108.0,21922.0,114030.0,True
2020,5,Tamilnad Mercantile Bank,Private Sector,Private,Tamilnad Mercantile Bank,False,0,589,733,1322,4450,0,28959,1725,37585,66.0,1363.0,1429.0,1784446,4330652,606855,174985.0,7630.0,182615.0,True
2020,5,Yes Bank,Private Sector,Private,Yes Bank,False,0,1002,347,1349,71650,21,858269,5154,955180,221.0,28354.0,28575.0,2903959,1153743,1208038,50392.0,19452.0,69844.0,True
2020,5,Bank of Baroda,Public Sector,Public,Bank of Baroda,False,0,8952,3690,12642,58037,19774,467364,6301,653357,270.0,15226.0,15496.0,55941942,20734304,12925510,866662.0,165302.0,1031964.0,True
2020,5,Bank of India,Public Sector,Public,Bank of India,False,0,2421,3329,5750,47805,7551,159525,8545,304151,485.0,6164.0,6649.0,39091628,13557657,7452699,508126.0,81558.0,589684.0,True
2020,5,Bank of Maharashtra,Public Sector,Public,Bank of Maharashtra,False,0,1379,547,1926,2418,0,0,0,0,0.0,0.0,0.0,7742963,4591323,3295975,186266.0,35797.0,222063.0,True
2020,5,Canara Bank,Public Sector,Public,Canara Bank,False,0,8964,4442,13406,37333,8649,575852,37522,686121,1801.0,15543.0,17344.0,34323678,23845510,16037142,1002615.0,181830.0,1184445.0,True
2020,5,Central Bank of India,Public Sector,Public,Central Bank of India,False,0,2744,884,3628,3536,6284,69477,773,78789,36.0,1580.0,1616.0,24383057,9629644,3508920,406274.0,44811.0,451085.0,True
2020,5,IDBI Bank,Public Sector,Public,IDBI Bank,False,0,2208,1475,3683,34189,501,36148,357,69982,20.0,1648.0,1668.0,12639971,5417788,3398223,244619.0,49436.0,294055.0,True
2020,5,Indian Bank,Public Sector,Public,Indian Bank,False,0,4314,788,5102,13826,9047,103378,2328,116187,141.0,2560.0,2701.0,21655491,15763814,8499903,664664.0,91425.0,756089.0,True
2020,5,Indian Overseas Bank,Public Sector,Public,Indian Overseas Bank,False,0,2691,364,3055,9553,0,60182,442,58614,18.0,1019.0,1037.0,17973769,9941002,3982307,400803.0,48514.0,449317.0,True
2020,5,Punjab & Sind Bank,Public Sector,Public,Punjab & Sind Bank,False,0,1024,30,1054,890,353,0,0,0,0.0,0.0,0.0,2763856,1107078,548316,46251.0,10993.0,57244.0,True
2020,5,Punjab National Bank,Public Sector,Public,Punjab National Bank,False,0,8794,5012,13806,98061,5247,354557,2045,413612,55.0,8888.0,8943.0,42034186,24433156,13561506,1136560.0,191603.0,1328163.0,True
2020,5,State Bank of India,Public Sector,Public,State Bank of India,False,0,25625,32930,58555,663741,56483,10503381,61992,20198275,2477.0,632498.0,634975.0,280629930,142322921,82365182,7744426.0,1142556.0,8886982.0,True
2020,5,UCO Bank,Public Sector,Public,UCO Bank,False,0,2050,186,2236,8346,3568,0,0,0,0.0,0.0,0.0,8599442,4642119,2999616,189706.0,34692.0,224398.0,True
2020,5,Union Bank of India,Public Sector,Public,Union Bank of India,False,0,9247,3985,13232,365467,8046,456381,7588,563342,364.0,13579.0,13943.0,42278694,25635961,15858850,1045562.0,194334.0,1239896.0,True
2020,5,AU Small Finance Bank,Small Finance Banks,Small Finance,AU Small Finance Bank,False,0,312,2,314,0,211,0,0,0,0.0,0.0,0.0,1310582,349960,213667,20603.0,4285.0,24888.0,True
2020,5,Capital Small Finance Bank,Small Finance Banks,Small Finance,Capital Small Finance Bank,False,0,150,1,151,0,0,0,0,0,0.0,0.0,0.0,127941,63236,55091,3114.0,901.0,4015.0,True
2020,5,ESAF Small Finance Bank,Small Finance Banks,Small Finance,ESAF Small Finance Bank,False,0,221,2,223,191,17,0,0,0,0.0,0.0,0.0,3113989,261694,122113,9618.0,1072.0,10690.0,True
2020,5,Equitas Small Finance Bank,Small Finance Banks,Small Finance,Equitas Small Finance Bank,False,0,320,2,322,0,242,0,0,0,0.0,0.0,0.0,709108,574165,99813,11926.0,1859.0,13785.0,True
2020,5,Fincare Small Finance Bank,Small Finance Banks,Small Finance,Fincare Small Finance Bank,False,0,103,5,108,0,0,0,0,0,0.0,0.0,0.0,2283278,304136,38976,8698.0,346.0,9044.0,True
2020,5,Jana Small Finance Bank,Small Finance Banks,Small Finance,Jana Small Finance Bank,False,0,128,3,131,0,0,0,0,0,0.0,0.0,0.0,1381552,97395,49900,3073.0,499.0,3572.0,True
2020,5,North East Small Finance Bank,Small Finance Banks,Small Finance,North East Small Finance Bank,False,0,0,0,0,0,0,0,0,0,0.0,0.0,0.0,167972,19373,17398,774.0,121.0,895.0,True
2020,5,Suryoday Small Finance Bank,Small Finance Banks,Small Finance,Suryoday Small Finance Bank,False,0,25,1,26,0,0,0,0,0,0.0,0.0,0.0,56026,25233,22710,780.0,331.0,1111.0,True
2020,5,Ujjivan Small Finance Bank,Small Finance Banks,Small Finance,Ujjivan Small Finance Bank,False,0,472,3,475,0,0,0,0,0,0.0,0.0,0.0,5371092,929175,316036,25828.0,3025.0,28853.0,True
2020,5,Utkarsh Small Finance Bank,Small Finance Banks,Small Finance,Utkarsh Small Finance Bank,False,0,142,36,178,0,5,0,0,0,0.0,0.0,0.0,399125,90081,30717,2791.0,301.0,3092.0,True
2020,6,American Express,Foreign Banks,Foreign,American Express,False,0,0,0,0,47795,0,1645244,1396,3907068,108.0,157469.0,157577.0,0,0,0,0.0,0.0,0.0,True
2020,6,Bank of America,Foreign Banks,Foreign,Bank of America,False,0,0,0,0,0,0,27392,0,7403,0.0,436.0,436.0,0,0,0,0.0,0.0,0.0,True
2020,6,Barclays Bank,Foreign Banks,Foreign,Barclays Bank,False,0,0,0,0,0,0,0,0,0,0.0,0.0,0.0,1766,47,129,3.0,4.0,7.0,True
2020,6,Citi Bank,Foreign Banks,Foreign,Axis Bank,True,2023,47,478,525,0,0,2739294,11249,10489541,619.0,298400.0,299019.0,1682731,1019836,2538239,49860.0,47050.0,96910.0,True
2020,6,DBS Bank,Foreign Banks,Foreign,DBS Bank,False,0,20,34,54,0,0,0,0,0,0.0,0.0,0.0,1421789,604182,792575,18287.0,7815.0,26102.0,True
2020,6,Deutsche Bank,Foreign Banks,Foreign,Deutsche Bank,False,0,13,19,32,0,0,0,0,0,0.0,0.0,0.0,129153,42080,98132,2327.0,1764.0,4091.0,True
2020,6,HSBC,Foreign Banks,Foreign,HSBC,False,0,46,37,83,0,0,870856,1465,1239587,95.0,41151.0,41246.0,481696,215744,246544,12177.0,6698.0,18875.0,True
2020,6,Standard Chartered Bank,Foreign Banks,Foreign,Standard Chartered Bank,False,0,99,109,208,0,0,1411222,2510,2514199,155.0,66949.0,67104.0,985167,849928,1431964,36222.0,23545.0,59767.0,True
2020,6,Airtel Payments Bank,Payment Banks,Payments Bank,Airtel Payments Bank,False,0,0,0,0,0,0,0,0,0,0.0,0.0,0.0,1338983,0,276871,0.0,1788.0,1788.0,True
2020,6,Fino Payments Bank,Payment Banks,Payments Bank,Fino Payments Bank,False,0,0,0,0,0,148962,0,0,0,0.0,0.0,0.0,1342693,195392,138869,5898.0,1510.0,7408.0,True
2020,6,India Post Payments Bank,Payment Banks,Payments Bank,India Post Payments Bank,False,0,0,0,0,0,114230,0,0,0,0.0,0.0,0.0,30,0,0,0.0,0.0,0.0,True
2020,6,Jio Payments Bank,Payment Banks,Payments Bank,Jio Payments Bank,False,0,0,0,0,0,0,0,0,0,0.0,0.0,0.0,0,0,0,0.0,0.0,0.0,False
2020,6,NSDL Payments Bank,Payment Banks,Payments Bank,NSDL Payments Bank,False,0,0,0,0,0,0,0,0,0,0.0,0.0,0.0,42003,1,5303,0.0,22.0,22.0,True
2020,6,Paytm Payments Bank,Payment Banks,Payments Bank,Paytm Payments Bank,False,0,2,23,25,166130,0,0,0,0,0.0,0.0,0.0,58890438,1618069,1955505,52783.0,17688.0,70471.0,True
2020,6,Atm,Private Sector,Private,Atm,False,0,0,0,0,0,0,0,0,0,0.0,0.0,0.0,0,0,0,0.0,0.0,0.0,False
2020,6,Axis Bank,Private Sector,Private,Axis Bank,False,0,5486,11970,17456,508245,710,6811762,23839,10548455,1182.0,360289.0,361471.0,24995695,18818688,17508736,1042413.0,325924.0,1368337.0,True
2020,6,Bandhan Bank,Private Sector,Private,Bandhan Bank,False,0,485,0,485,31416,0,0,0,0,0.0,0.0,0.0,3747445,1575088,859056,76773.0,14534.0,91307.0,True
2020,6,CSB Bank,Private Sector,Private,CSB Bank,False,0,252,52,304,0,33,0,0,0,0.0,0.0,0.0,702156,368090,215191,15651.0,3130.0,18781.0,True
2020,6,City Union Bank,Private Sector,Private,City Union Bank,False,0,1107,681,1788,9492,0,6634,67,10865,4.0,327.0,331.0,2044990,1927166,1019070,89515.0,13678.0,103193.0,True
2020,6,DCB Bank,Private Sector,Private,DCB Bank,False,0,299,206,505,8137,0,8690,494,16233,30.0,392.0,422.0,1121321,337280,361650,18324.0,8201.0,26525.0,True
2020,6,Dhanlaxmi Bank,Private Sector,Private,Dhanlaxmi Bank,False,0,201,54,255,1369,0,6051,506,15872,8.0,321.0,329.0,486847,449455,239369,14858.0,3380.0,18238.0,True
2020,6,Federal Bank,Private Sector,Private,Federal Bank,False,0,1479,475,1954,14245,0,0,0,0,0.0,0.0,0.0,7785619,6635347,4255409,323780.0,64460.0,388240.0,True
2020,6,HDFC Bank,Private Sector,Private,HDFC Bank,False,0,6292,7805,14097,899167,2373,14570896,100359,35835822,6160.0,1340969.0,1347129.0,32639937,28119331,31251494,1573373.0,598412.0,2171785.0,True
2020,6,ICICI Bank,Private Sector,Private,ICICI Bank,False,0,7276,10138,17414,454904,4324,9066788,23306,19603834,1045.0,587673.0,588718.0,46679063,21240333,22638113,1195812.0,416387.0,1612199.0,True
2020,6,IDFC First Bank,Private Sector,Private,IDFC First Bank,False,0,356,64,420,5216,11066,862,2,2457,0.0,63.0,63.0,2197769,1728542,1134883,72486.0,13127.0,85613.0,True
2020,6,IndusInd Bank,Private Sector,Private,IndusInd Bank,False,0,1275,1446,2721,98418,259,1352725,8500,2396887,457.0,124053.0,124510.0,5703940,2550324,2119261,140653.0,39170.0,179823.0,True
2020,6,J&K Bank,Private Sector,Private,J&K Bank,False,0,764,595,1359,15112,919,77268,4297,225259,167.0,7695.0,7862.0,4272507,5061897,2147504,277272.0,23479.0,300751.0,True
2020,6,Karnataka Bank,Private Sector,Private,Karnataka Bank,False,0,348,676,1024,12284,0,0,0,0,0.0,0.0,0.0,4774607,3785342,2548594,155155.0,30826.0,185981.0,True
2020,6,Karur Vysya Bank,Private Sector,Private,Karur Vysya Bank,False,0,746,914,1660,15092,0,2834,79,7502,3.0,531.0,534.0,4014442,4255325,2174109,200147.0,35774.0,235921.0,True
2020,6,Kotak Mahindra Bank,Private Sector,Private,Kotak Mahindra Bank,False,0,1282,1234,2516,32998,0,2315363,808,3542425,47.0,110474.0,110521.0,15296948,5816952,7090426,249982.0,108905.0,358887.0,True
2020,6,Laxmi Vilas Bank,Private Sector,Private,DBS Bank,True,2020,448,523,971,3315,109,0,0,0,0.0,0.0,0.0,1408263,708938,287567,32454.0,4364.0,36818.0,True
2020,6,Payment Banks,Private Sector,Private,Payment Banks,False,0,0,0,0,0,0,0,0,0,0.0,0.0,0.0,0,0,0,0.0,0.0,0.0,False
2020,6,RBL Bank,Private Sector,Private,RBL Bank,False,0,296,93,389,594654,0,2609962,96,5472315,8.0,198023.0,198031.0,999945,488927,424506,20347.0,6079.0,26426.0,True
2020,6,Small Finance Banks,Private Sector,Private,Small Finance Banks,False,0,0,0,0,0,0,0,0,0,0.0,0.0,0.0,0,0,0,0.0,0.0,0.0,False
2020,6,South Indian Bank,Private Sector,Private,South Indian Bank,False,0,819,607,1426,11933,0,0,0,0,0.0,0.0,0.0,3272637,2470449,1775600,106177.0,27324.0,133501.0,True
2020,6,Tamilnad Mercantile Bank,Private Sector,Private,Tamilnad Mercantile Bank,False,0,589,733,1322,4390,0,29769,1833,42323,70.0,1588.0,1658.0,1807155,4761792,665084,198358.0,9624.0,207982.0,True
2020,6,Yes Bank,Private Sector,Private,Yes Bank,False,0,1006,346,1352,71049,21,860407,5823,1220190,247.0,35542.0,35789.0,2915747,1396635,1480190,63590.0,25413.0,89003.0,True
2020,6,Bank of Baroda,Public Sector,Public,Bank of Baroda,False,0,8934,3685,12619,56915,20126,450146,6055,787148,262.0,19352.0,19614.0,57863557,24743567,14155266,1080246.0,203918.0,1284164.0,True
2020,6,Bank of India,Public Sector,Public,Bank of India,False,0,2439,3311,5750,47703,7591,163933,7973,325631,440.0,7204.0,7644.0,39420291,15787875,8391002,607854.0,105431.0,713285.0,True
2020,6,Bank of Maharashtra,Public Sector,Public,Bank of Maharashtra,False,0,1380,515,1895,2379,0,0,0,0,0.0,0.0,0.0,7769901,5577979,3814282,110193.0,45432.0,155625.0,True
2020,6,Canara Bank,Public Sector,Public,Canara Bank,False,0,8960,4437,13397,37390,9235,577594,39840,770660,1887.0,18580.0,20467.0,35086827,27464468,17363973,1185687.0,215342.0,1401029.0,True
2020,6,Central Bank of India,Public Sector,Public,Central Bank of India,False,0,2744,885,3629,3555,6284,69082,866,86270,40.0,1895.0,1935.0,24646217,9683258,4962168,435115.0,75173.0,510288.0,True
2020,6,IDBI Bank,Public Sector,Public,IDBI Bank,False,0,2208,1472,3680,31476,501,36064,422,85692,24.0,2131.0,2155.0,12692471,6322562,4024417,300292.0,63499.0,363791.0,True
2020,6,Indian Bank,Public Sector,Public,Indian Bank,False,0,4392,787,5179,13697,9047,103445,2450,126665,147.0,3007.0,3154.0,21824035,17884773,9204848,784872.0,116335.0,901207.0,True
2020,6,Indian Overseas Bank,Public Sector,Public,Indian Overseas Bank,False,0,2579,488,3067,9636,0,60237,471,62640,20.0,1141.0,1161.0,18084291,10796804,4320875,443393.0,58941.0,502334.0,True
2020,6,Punjab & Sind Bank,Public Sector,Public,Punjab & Sind Bank,False,0,1030,30,1060,890,353,0,0,0,0.0,0.0,0.0,2783588,1177292,667395,51076.0,10647.0,61723.0,True
2020,6,Punjab National Bank,Public Sector,Public,Punjab National Bank,False,0,8827,5029,13856,98620,5255,355209,2436,467362,66.0,10786.0,10852.0,42039174,28272421,15336537,1365242.0,241813.0,1607055.0,True
2020,6,State Bank of India,Public Sector,Public,State Bank of India,False,0,25619,32963,58582,669474,56483,10602103,68781,24651496,2690.0,867094.0,869784.0,283597379,161061267,90882407,8907512.0,1414570.0,10322082.0,True
2020,6,UCO Bank,Public Sector,Public,UCO Bank,False,0,2060,187,2247,8319,3568,0,0,0,0.0,0.0,0.0,8740803,5306765,3174177,225125.0,42764.0,267889.0,True
2020,6,Union Bank of India,Public Sector,Public,Union Bank of India,False,0,9266,3971,13237,340148,8046,457201,7662,709068,381.0,18282.0,18663.0,42556582,35531689,16944821,1242464.0,234318.0,1476782.0,True
2020,6,AU Small Finance Bank,Small Finance Banks,Small Finance,AU Small Finance Bank,False,0,315,2,317,0,211,0,0,0,0.0,0.0,0.0,1337866,477213,265682,30432.0,5635.0,36067.0,True
2020,6,Capital Small Finance Bank,Small Finance Banks,Small Finance,Capital Small Finance Bank,False,0,150,1,151,0,0,0,0,0,0.0,0.0,0.0,130164,76996,60743,3720.0,1052.0,4772.0,True
2020,6,ESAF Small Finance Bank,Small Finance Banks,Small Finance,ESAF Small Finance Bank,False,0,222,2,224,267,17,0,0,0,0.0,0.0,0.0,3135230,377933,146252,15766.0,1421.0,17187.0,True
2020,6,Equitas Small Finance Bank,Small Finance Banks,Small Finance,Equitas Small Finance Bank,False,0,320,2,322,0,252,0,0,0,0.0,0.0,0.0,735961,682348,116384,15574.0,2160.0,17734.0,True
2020,6,Fincare Small Finance Bank,Small Finance Banks,Small Finance,Fincare Small Finance Bank,False,0,104,6,110,0,0,0,0,0,0.0,0.0,0.0,2319712,613454,44022,25641.0,410.0,26051.0,True
2020,6,Jana Small Finance Bank,Small Finance Banks,Small Finance,Jana Small Finance Bank,False,0,129,3,132,0,0,0,0,0,0.0,0.0,0.0,1385399,99044,54795,3182.0,602.0,3784.0,True
2020,6,North East Small Finance Bank,Small Finance Banks,Small Finance,North East Small Finance Bank,False,0,0,0,0,0,0,0,0,0,0.0,0.0,0.0,180249,22270,18411,846.0,142.0,988.0,True
2020,6,Suryoday Small Finance Bank,Small Finance Banks,Small Finance,Suryoday Small Finance Bank,False,0,25,1,26,0,0,0,0,0,0.0,0.0,0.0,58538,28796,23741,949.0,310.0,1259.0,True
2020,6,Ujjivan Small Finance Bank,Small Finance Banks,Small Finance,Ujjivan Small Finance Bank,False,0,472,3,475,0,0,0,0,0,0.0,0.0,0.0,5426632,1297282,399668,46939.0,5154.0,52093.0,True
2020,6,Utkarsh Small Finance Bank,Small Finance Banks,Small Finance,Utkarsh Small Finance Bank,False,0,142,36,178,0,5,0,0,0,0.0,0.0,0.0,416035,102866,36323,3461.0,408.0,3869.0,True
2020,7,American Express,Foreign Banks,Foreign,American Express,False,0,0,0,0,46911,0,1632171,1419,4258071,106.0,175990.0,176096.0,0,0,0,0.0,0.0,0.0,True
2020,7,Bank of America,Foreign Banks,Foreign,Bank of America,False,0,0,0,0,0,0,27225,0,8255,0.0,483.0,483.0,0,0,0,0.0,0.0,0.0,True
2020,7,Barclays Bank,Foreign Banks,Foreign,Barclays Bank,False,0,0,0,0,0,0,0,0,0,0.0,0.0,0.0,2211,50,141,2.0,4.0,6.0,True
2020,7,Citi Bank,Foreign Banks,Foreign,Axis Bank,True,2023,47,476,523,0,0,2736661,10941,10845029,634.0,294528.0,295162.0,1678373,954388,2491438,47631.0,43194.0,90825.0,True
2020,7,DBS Bank,Foreign Banks,Foreign,DBS Bank,False,0,20,34,54,0,0,0,0,0,0.0,0.0,0.0,1430884,639928,860197,20044.0,8569.0,28613.0,True
2020,7,Deutsche Bank,Foreign Banks,Foreign,Deutsche Bank,False,0,13,19,32,0,0,0,0,0,0.0,0.0,0.0,129908,42766,101113,2440.0,1916.0,4356.0,True
2020,7,HSBC,Foreign Banks,Foreign,HSBC,False,0,46,36,82,0,0,870856,1465,1239587,95.0,41151.0,41246.0,481696,215744,246544,12177.0,6698.0,18875.0,True
2020,7,Standard Chartered Bank,Foreign Banks,Foreign,Standard Chartered Bank,False,0,98,109,207,0,0,1409559,2314,2583871,142.0,71418.0,71560.0,985602,871614,1499582,38118.0,25269.0,63387.0,True
2020,7,Airtel Payments Bank,Payment Banks,Payments Bank,Airtel Payments Bank,False,0,0,0,0,0,0,0,0,0,0.0,0.0,0.0,1541109,0,360802,0.0,2258.0,2258.0,True
2020,7,Fino Payments Bank,Payment Banks,Payments Bank,Fino Payments Bank,False,0,0,0,0,0,158841,0,0,0,0.0,0.0,0.0,1439682,269457,132661,7826.0,1415.0,9241.0,True
2020,7,India Post Payments Bank,Payment Banks,Payments Bank,India Post Payments Bank,False,0,0,0,0,0,134005,0,0,0,0.0,0.0,0.0,30,0,0,0.0,0.0,0.0,True
2020,7,Jio Payments Bank,Payment Banks,Payments Bank,Jio Payments Bank,False,0,0,0,0,0,0,0,0,0,0.0,0.0,0.0,0,0,0,0.0,0.0,0.0,False
2020,7,NSDL Payments Bank,Payment Banks,Payments Bank,NSDL Payments Bank,False,0,0,0,0,0,60,0,0,0,0.0,0.0,0.0,52695,1,8647,0.0,39.0,39.0,True
2020,7,Paytm Payments Bank,Payment Banks,Payments Bank,Paytm Payments Bank,False,0,1,22,23,168109,0,0,0,0,0.0,0.0,0.0,59450951,1433622,2365135,47282.0,21118.0,68400.0,True
2020,7,Atm,Private Sector,Private,Atm,False,0,0,0,0,0,0,0,0,0,0.0,0.0,0.0,0,0,0,0.0,0.0,0.0,False
2020,7,Axis Bank,Private Sector,Private,Axis Bank,False,0,5515,11982,17497,503377,710,6835217,24350,11244948,1215.0,375498.0,376713.0,25801820,19250114,18755712,1087987.0,348400.0,1436387.0,True
2020,7,Bandhan Bank,Private Sector,Private,Bandhan Bank,False,0,485,0,485,31701,0,0,0,0,0.0,0.0,0.0,3834947,1691443,959287,83164.0,16122.0,99286.0,True
2020,7,CSB Bank,Private Sector,Private,CSB Bank,False,0,252,54,306,0,0,0,0,0,0.0,0.0,0.0,708822,371851,225437,16015.0,3259.0,19274.0,True
2020,7,City Union Bank,Private Sector,Private,City Union Bank,False,0,1102,678,1780,9338,0,5144,71,11041,3.0,354.0,357.0,2054883,1989006,1109988,95252.0,15232.0,110484.0,True
2020,7,DCB Bank,Private Sector,Private,DCB Bank,False,0,299,204,503,8121,0,8433,478,16612,30.0,408.0,438.0,1123828,345402,354015,19376.0,8413.0,27789.0,True
2020,7,Dhanlaxmi Bank,Private Sector,Private,Dhanlaxmi Bank,False,0,203,53,256,1390,0,6036,498,16615,6.0,329.0,335.0,496062,453805,248338,15020.0,3469.0,18489.0,True
2020,7,Federal Bank,Private Sector,Private,Federal Bank,False,0,1479,475,1954,14873,0,0,0,0,0.0,0.0,0.0,7872775,6594217,4497094,322314.0,68045.0,390359.0,True
2020,7,HDFC Bank,Private Sector,Private,HDFC Bank,False,0,6352,7833,14185,916709,2383,14696665,99340,37506870,6074.0,1397887.0,1403961.0,33031549,28701127,33278158,1627726.0,631519.0,2259245.0,True
2020,7,ICICI Bank,Private Sector,Private,ICICI Bank,False,0,7319,9751,17070,456628,4308,9119964,23797,21008000,1119.0,642718.0,643837.0,46874746,21781756,24043203,1254499.0,447405.0,1701904.0,True
2020,7,IDFC First Bank,Private Sector,Private,IDFC First Bank,False,0,382,81,463,6350,11039,3168,0,11844,0.0,279.0,279.0,2266946,1736690,1226589,71034.0,14740.0,85774.0,True
2020,7,IndusInd Bank,Private Sector,Private,IndusInd Bank,False,0,1293,1453,2746,98950,259,1368022,8697,2542222,466.0,140813.0,141279.0,5783908,3242745,2328714,145613.0,42922.0,188535.0,True
2020,7,J&K Bank,Private Sector,Private,J&K Bank,False,0,766,597,1363,14953,920,80604,4371,258400,185.0,8567.0,8752.0,4615234,5720196,2809340,336623.0,27978.0,364601.0,True
2020,7,Karnataka Bank,Private Sector,Private,Karnataka Bank,False,0,349,668,1017,12113,0,0,0,0,0.0,0.0,0.0,4828231,3739399,2602366,154074.0,31297.0,185371.0,True
2020,7,Karur Vysya Bank,Private Sector,Private,Karur Vysya Bank,False,0,746,916,1662,14780,0,2823,121,7293,5.0,507.0,512.0,4051002,4379901,2316381,209818.0,38597.0,248415.0,True
2020,7,Kotak Mahindra Bank,Private Sector,Private,Kotak Mahindra Bank,False,0,1283,1237,2520,33080,0,2303722,1198,3839465,66.0,126886.0,126952.0,15455424,6110842,7738519,267199.0,120287.0,387486.0,True
2020,7,Laxmi Vilas Bank,Private Sector,Private,DBS Bank,True,2020,444,523,967,3017,117,0,0,0,0.0,0.0,0.0,1425471,714140,300666,33252.0,4476.0,37728.0,True
2020,7,RBL Bank,Private Sector,Private,RBL Bank,False,0,307,93,400,592531,0,2622743,41,5880553,5.0,221413.0,221418.0,1013069,485866,448112,20829.0,6550.0,27379.0,True
2020,7,South Indian Bank,Private Sector,Private,South Indian Bank,False,0,820,608,1428,11152,0,0,0,0,0.0,0.0,0.0,3253449,2489715,1836463,108528.0,28546.0,137074.0,True
2020,7,Tamilnad Mercantile Bank,Private Sector,Private,Tamilnad Mercantile Bank,False,0,589,734,1323,4323,0,31764,1998,45754,76.0,1791.0,1867.0,1830529,4827348,718595,207981.0,10171.0,218152.0,True
2020,7,Yes Bank,Private Sector,Private,Yes Bank,False,0,1007,342,1349,67375,21,866562,5865,1264891,250.0,42036.0,42286.0,2945303,1519929,1652285,70244.0,28564.0,98808.0,True
2020,7,Bank of Baroda,Public Sector,Public,Bank of Baroda,False,0,8964,3672,12636,56077,20006,452681,6204,827555,264.0,20719.0,20983.0,58825658,22938074,13954039,1023071.0,204833.0,1227904.0,True
2020,7,Bank of India,Public Sector,Public,Bank of India,False,0,2431,3286,5717,47808,7684,165903,8350,342828,455.0,7470.0,7925.0,38278107,15658428,8852313,605688.0,110538.0,716226.0,True
2020,7,Bank of Maharashtra,Public Sector,Public,Bank of Maharashtra,False,0,1382,512,1894,2390,0,0,0,0,0.0,0.0,0.0,7951990,5446324,3962467,229942.0,50320.0,280262.0,True
2020,7,Canara Bank,Public Sector,Public,Canara Bank,False,0,8961,4439,13400,37373,9235,596430,39469,779001,1916.0,18489.0,20405.0,35751556,27226049,16575836,1199468.0,224475.0,1423943.0,True
2020,7,Central Bank of India,Public Sector,Public,Central Bank of India,False,0,2744,889,3633,3599,6348,67162,786,86559,38.0,1886.0,1924.0,24902036,9537174,5533997,426346.0,83789.0,510135.0,True
2020,7,IDBI Bank,Public Sector,Public,IDBI Bank,False,0,2208,1364,3572,31203,501,36048,367,86755,21.0,2199.0,2220.0,12770010,6343317,4229631,306041.0,67170.0,373211.0,True
2020,7,Indian Bank,Public Sector,Public,Indian Bank,False,0,4457,787,5244,13548,9057,103539,2477,134959,155.0,3231.0,3386.0,22047262,18075141,9853032,810829.0,125775.0,936604.0,True
2020,7,Indian Overseas Bank,Public Sector,Public,Indian Overseas Bank,False,0,2700,370,3070,9506,0,60334,436,63099,17.0,1141.0,1158.0,18222135,11103981,4625351,471036.0,63445.0,534481.0,True
2020,7,Punjab & Sind Bank,Public Sector,Public,Punjab & Sind Bank,False,0,1036,29,1065,888,353,0,0,0,0.0,0.0,0.0,2821352,1306588,775633,56157.0,12236.0,68393.0,True
2020,7,Punjab National Bank,Public Sector,Public,Punjab National Bank,False,0,8606,4963,13569,99367,5263,357303,3018,511499,86.0,11845.0,11931.0,42550210,28702171,16593072,1397408.0,261430.0,1658838.0,True
2020,7,State Bank of India,Public Sector,Public,State Bank of India,False,0,25641,32910,58551,674781,56483,10708235,72002,26197289,2784.0,928823.0,931607.0,284587786,155979127,95575488,8729917.0,1464509.0,10194426.0,True
2020,7,UCO Bank,Public Sector,Public,UCO Bank,False,0,2071,192,2263,8250,3568,0,0,0,0.0,0.0,0.0,8954342,5305419,3325715,227687.0,45229.0,272916.0,True
2020,7,Union Bank of India,Public Sector,Public,Union Bank of India,False,0,9272,3965,13237,356214,8047,457073,10041,702335,488.0,17905.0,18393.0,42871401,34887210,17763054,1222890.0,245600.0,1468490.0,True
2020,7,AU Small Finance Bank,Small Finance Banks,Small Finance,AU Small Finance Bank,False,0,317,2,319,0,214,0,0,0,0.0,0.0,0.0,1366309,542900,303163,34243.0,6288.0,40531.0,True
2020,7,Capital Small Finance Bank,Small Finance Banks,Small Finance,Capital Small Finance Bank,False,0,149,1,150,0,0,0,0,0,0.0,0.0,0.0,132527,83845,67941,4119.0,1066.0,5185.0,True
2020,7,ESAF Small Finance Bank,Small Finance Banks,Small Finance,ESAF Small Finance Bank,False,0,225,2,227,338,17,0,0,0,0.0,0.0,0.0,3161455,448474,155395,18900.0,1344.0,20244.0,True
2020,7,Equitas Small Finance Bank,Small Finance Banks,Small Finance,Equitas Small Finance Bank,False,0,320,2,322,0,262,0,0,0,0.0,0.0,0.0,778202,695452,125790,16532.0,2316.0,18848.0,True
2020,7,Fincare Small Finance Bank,Small Finance Banks,Small Finance,Fincare Small Finance Bank,False,0,104,6,110,0,0,0,0,0,0.0,0.0,0.0,2332434,461739,56589,16125.0,530.0,16655.0,True
2020,7,Jana Small Finance Bank,Small Finance Banks,Small Finance,Jana Small Finance Bank,False,0,129,3,132,0,0,0,0,0,0.0,0.0,0.0,1402868,109911,60218,3847.0,635.0,4482.0,True
2020,7,North East Small Finance Bank,Small Finance Banks,Small Finance,North East Small Finance Bank,False,0,0,0,0,0,0,0,0,0,0.0,0.0,0.0,186714,19564,16142,712.0,130.0,842.0,True
2020,7,Suryoday Small Finance Bank,Small Finance Banks,Small Finance,Suryoday Small Finance Bank,False,0,25,1,26,0,0,0,0,0,0.0,0.0,0.0,64573,30169,23508,997.0,308.0,1305.0,True
2020,7,Ujjivan Small Finance Bank,Small Finance Banks,Small Finance,Ujjivan Small Finance Bank,False,0,472,3,475,0,0,0,0,0,0.0,0.0,0.0,5500094,1437688,397333,55166.0,5101.0,60267.0,True
2020,7,Utkarsh Small Finance Bank,Small Finance Banks,Small Finance,Utkarsh Small Finance Bank,False,0,146,36,182,0,5,0,0,0,0.0,0.0,0.0,434841,113247,41996,3584.0,445.0,4029.0,True
2020,8,American Express,Foreign Banks,Foreign,American Express,False,0,0,0,0,47046,0,1623460,1419,4519110,110.0,188266.0,188376.0,0,0,0,0.0,0.0,0.0,True
2020,8,Bank of America,Foreign Banks,Foreign,Bank of America,False,0,0,0,0,0,0,27040,1,9827,0.0,502.0,502.0,0,0,0,0.0,0.0,0.0,True
2020,8,Barclays Bank,Foreign Banks,Foreign,Barclays Bank,False,0,0,0,0,0,0,0,0,0,0.0,0.0,0.0,2191,65,111,3.0,4.0,7.0,True
2020,8,Citi Bank,Foreign Banks,Foreign,Axis Bank,True,2023,47,471,518,0,0,2739475,11963,11214716,666.0,315669.0,316335.0,1674247,1068755,2643172,53243.0,50103.0,103346.0,True
2020,8,DBS Bank,Foreign Banks,Foreign,DBS Bank,False,0,20,33,53,0,0,0,0,0,0.0,0.0,0.0,1429597,696594,976677,21711.0,9761.0,31472.0,True
2020,8,Deutsche Bank,Foreign Banks,Foreign,Deutsche Bank,False,0,13,19,32,0,0,0,0,0,0.0,0.0,0.0,131499,47548,109007,2612.0,2101.0,4713.0,True
2020,8,HSBC,Foreign Banks,Foreign,HSBC,False,0,46,36,82,0,0,853452,1561,1437961,111.0,50272.0,50383.0,482990,242921,401146,13615.0,8547.0,22162.0,True
2020,8,Standard Chartered Bank,Foreign Banks,Foreign,Standard Chartered Bank,False,0,98,109,207,0,0,1408591,2549,2754514,155.0,76105.0,76260.0,995985,951034,1627373,40829.0,28334.0,69163.0,True
2020,8,Airtel Payments Bank,Payment Banks,Payments Bank,Airtel Payments Bank,False,0,0,0,0,0,0,0,0,0,0.0,0.0,0.0,1749278,0,385886,0.0,2289.0,2289.0,True
2020,8,Fino Payments Bank,Payment Banks,Payments Bank,Fino Payments Bank,False,0,0,0,0,0,168449,0,0,0,0.0,0.0,0.0,1532460,337862,143098,9750.0,1490.0,11240.0,True
2020,8,India Post Payments Bank,Payment Banks,Payments Bank,India Post Payments Bank,False,0,0,0,0,0,134005,0,0,0,0.0,0.0,0.0,30,0,0,0.0,0.0,0.0,True
2020,8,Jio Payments Bank,Payment Banks,Payments Bank,Jio Payments Bank,False,0,0,0,0,0,0,0,0,0,0.0,0.0,0.0,0,0,0,0.0,0.0,0.0,False
2020,8,NSDL Payments Bank,Payment Banks,Payments Bank,NSDL Payments Bank,False,0,0,0,0,0,93,0,0,0,0.0,0.0,0.0,65676,137,11417,3.0,70.0,73.0,True
2020,8,Paytm Payments Bank,Payment Banks,Payments Bank,Paytm Payments Bank,False,0,1,23,24,173381,0,0,0,0,0.0,0.0,0.0,60025345,1426896,2543478,46915.0,22322.0,69237.0,True
2020,8,Atm,Private Sector,Private,Atm,False,0,0,0,0,0,0,0,0,0,0.0,0.0,0.0,0,0,0,0.0,0.0,0.0,False
2020,8,Axis Bank,Private Sector,Private,Axis Bank,False,0,5539,11939,17478,490927,710,6665340,24534,12061721,1244.0,405205.0,406449.0,25801820,19559194,19887420,1106896.0,373800.0,1480696.0,True
2020,8,Bandhan Bank,Private Sector,Private,Bandhan Bank,False,0,485,0,485,31934,0,0,0,0,0.0,0.0,0.0,3916709,1685077,1002826,82180.0,16782.0,98962.0,True
2020,8,CSB Bank,Private Sector,Private,CSB Bank,False,0,253,54,307,0,0,0,0,0,0.0,0.0,0.0,717664,406924,256875,17795.0,4007.0,21802.0,True
2020,8,City Union Bank,Private Sector,Private,City Union Bank,False,0,1100,678,1778,8887,0,5087,65,9867,3.0,310.0,313.0,2069895,2114460,1161107,103890.0,17542.0,121432.0,True
2020,8,DCB Bank,Private Sector,Private,DCB Bank,False,0,298,202,500,8090,0,6554,424,17263,27.0,429.0,456.0,771856,407593,404638,19168.0,9734.0,28902.0,True
2020,8,Dhanlaxmi Bank,Private Sector,Private,Dhanlaxmi Bank,False,0,203,53,256,1391,0,6014,566,17604,8.0,371.0,379.0,503111,496341,273814,17423.0,4252.0,21675.0,True
2020,8,Federal Bank,Private Sector,Private,Federal Bank,False,0,1481,476,1957,15030,0,0,0,0,0.0,0.0,0.0,7973964,6858230,4952873,336895.0,81669.0,418564.0,True
2020,8,HDFC Bank,Private Sector,Private,HDFC Bank,False,0,6273,7890,14163,913393,2410,14804724,109955,41016960,6642.0,1610205.0,1616847.0,33248464,29862240,36279862,1657443.0,707087.0,2364530.0,True
2020,8,ICICI Bank,Private Sector,Private,ICICI Bank,False,0,7436,9648,17084,474293,4247,9181160,24990,22551688,1312.0,672775.0,674087.0,47114814,22516255,25707272,1271474.0,496079.0,1767553.0,True
2020,8,IDFC First Bank,Private Sector,Private,IDFC First Bank,False,0,407,87,494,8039,11120,6941,0,29572,0.0,702.0,702.0,2332356,1869135,1369249,75876.0,17043.0,92919.0,True
2020,8,IndusInd Bank,Private Sector,Private,IndusInd Bank,False,0,1299,1466,2765,92948,259,1403101,11868,2863291,606.0,160657.0,161263.0,5881888,3383681,2438416,148077.0,45113.0,193190.0,True
2020,8,J&K Bank,Private Sector,Private,J&K Bank,False,0,769,601,1370,14870,920,78004,4157,254008,168.0,8359.0,8527.0,4341812,4896545,2932229,254867.0,31900.0,286767.0,True
2020,8,Karnataka Bank,Private Sector,Private,Karnataka Bank,False,0,347,672,1019,11503,0,0,0,0,0.0,0.0,0.0,4875464,4066963,2856529,165001.0,34781.0,199782.0,True
2020,8,Karur Vysya Bank,Private Sector,Private,Karur Vysya Bank,False,0,746,915,1661,14497,0,2823,167,7630,6.0,573.0,579.0,4085077,4579092,2433854,222061.0,42490.0,264551.0,True
2020,8,Kotak Mahindra Bank,Private Sector,Private,Kotak Mahindra Bank,False,0,1296,1238,2534,33909,0,2309322,2766,4102454,140.0,137696.0,137836.0,15708499,6490271,8354921,279569.0,132065.0,411634.0,True
2020,8,Laxmi Vilas Bank,Private Sector,Private,DBS Bank,True,2020,445,523,968,2867,0,0,0,0,0.0,0.0,0.0,1443171,752800,328180,35546.0,5267.0,40813.0,True
2020,8,RBL Bank,Private Sector,Private,RBL Bank,False,0,305,92,397,587571,0,2653709,10234,6348341,305.0,231329.0,231634.0,1077709,512582,479004,21852.0,7220.0,29072.0,True
2020,8,South Indian Bank,Private Sector,Private,South Indian Bank,False,0,820,608,1428,10075,0,0,0,0,0.0,0.0,0.0,3288175,2598517,2011656,113981.0,33157.0,147138.0,True
2020,8,Tamilnad Mercantile Bank,Private Sector,Private,Tamilnad Mercantile Bank,False,0,589,735,1324,4297,0,32511,1880,52342,76.0,2084.0,2160.0,1851008,5050167,749650,223798.0,12266.0,236064.0,True
2020,8,Yes Bank,Private Sector,Private,Yes Bank,False,0,1012,339,1351,63583,21,873991,6386,1371729,273.0,41911.0,42184.0,2980026,1595539,1734025,71954.0,30080.0,102034.0,True
2020,8,Bank of Baroda,Public Sector,Public,Bank of Baroda,False,0,8756,3331,12087,54674,20624,466160,6780,902836,284.0,22895.0,23179.0,59705565,24574781,15569338,1071435.0,227702.0,1299137.0,True
2020,8,Bank of India,Public Sector,Public,Bank of India,False,0,2434,3283,5717,47890,7818,166878,8598,344746,478.0,7709.0,8187.0,38816807,16318694,9436219,616308.0,119763.0,736071.0,True
2020,8,Bank of Maharashtra,Public Sector,Public,Bank of Maharashtra,False,0,1376,506,1882,2554,0,0,0,0,0.0,0.0,0.0,8106700,5937002,4357270,243190.0,52539.0,295729.0,True
2020,8,Canara Bank,Public Sector,Public,Canara Bank,False,0,8818,4418,13236,37461,9410,615839,40276,822465,1944.0,19724.0,21668.0,36378380,28621545,17624455,1250037.0,246518.0,1496555.0,True
2020,8,Central Bank of India,Public Sector,Public,Central Bank of India,False,0,2743,890,3633,3613,6360,61002,709,69885,31.0,1603.0,1634.0,25114942,9878884,5767943,430103.0,87753.0,517856.0,True
2020,8,IDBI Bank,Public Sector,Public,IDBI Bank,False,0,2209,1282,3491,30955,501,36197,380,91379,20.0,2353.0,2373.0,12835198,6386730,4316756,300808.0,69916.0,370724.0,True
2020,8,Indian Bank,Public Sector,Public,Indian Bank,False,0,4513,787,5300,13473,0,103428,2539,144975,159.0,3642.0,3801.0,22266209,18809880,10571610,850702.0,144582.0,995284.0,True
2020,8,Indian Overseas Bank,Public Sector,Public,Indian Overseas Bank,False,0,2700,401,3101,9387,0,60451,449,68211,17.0,1295.0,1312.0,18334548,11459798,4845236,490363.0,71434.0,561797.0,True
2020,8,Punjab & Sind Bank,Public Sector,Public,Punjab & Sind Bank,False,0,1037,30,1067,907,354,0,0,0,0.0,0.0,0.0,2857846,1334615,838777,56393.0,13029.0,69422.0,True
2020,8,Punjab National Bank,Public Sector,Public,Punjab National Bank,False,0,8272,4930,13202,100197,5269,358968,2920,534370,85.0,12341.0,12426.0,41963694,29230906,17067808,1388394.0,267066.0,1655460.0,True
2020,8,State Bank of India,Public Sector,Public,State Bank of India,False,0,25531,33120,58651,684228,56483,10823143,78442,28568486,3021.0,1038679.0,1041700.0,286349373,161891974,102434515,8873883.0,1571671.0,10445554.0,True
2020,8,UCO Bank,Public Sector,Public,UCO Bank,False,0,2081,191,2272,8524,3568,0,0,0,0.0,0.0,0.0,9120726,5396450,3425792,225634.0,46737.0,272371.0,True
2020,8,Union Bank of India,Public Sector,Public,Union Bank of India,False,0,9267,4010,13277,352188,8040,457232,9974,710771,491.0,18245.0,18736.0,43195844,35760829,18857512,1234999.0,262591.0,1497590.0,True
2020,8,AU Small Finance Bank,Small Finance Banks,Small Finance,AU Small Finance Bank,False,0,325,2,327,0,226,0,0,0,0.0,0.0,0.0,1356954,536994,306787,33845.0,6266.0,40111.0,True
2020,8,Capital Small Finance Bank,Small Finance Banks,Small Finance,Capital Small Finance Bank,False,0,151,1,152,0,0,0,0,0,0.0,0.0,0.0,135101,82095,68596,3975.0,1063.0,5038.0,True
2020,8,ESAF Small Finance Bank,Small Finance Banks,Small Finance,ESAF Small Finance Bank,False,0,227,2,229,390,17,0,0,0,0.0,0.0,0.0,3187688,422515,160281,18303.0,1510.0,19813.0,True
2020,8,Equitas Small Finance Bank,Small Finance Banks,Small Finance,Equitas Small Finance Bank,False,0,320,2,322,208,269,0,0,0,0.0,0.0,0.0,830675,767203,134608,18452.0,2530.0,20982.0,True
2020,8,Fincare Small Finance Bank,Small Finance Banks,Small Finance,Fincare Small Finance Bank,False,0,106,6,112,0,0,0,0,0,0.0,0.0,0.0,2358491,537267,61210,21905.0,585.0,22490.0,True
2020,8,Jana Small Finance Bank,Small Finance Banks,Small Finance,Jana Small Finance Bank,False,0,122,3,125,0,0,0,0,0,0.0,0.0,0.0,1460652,239455,67802,12234.0,801.0,13035.0,True
2020,8,North East Small Finance Bank,Small Finance Banks,Small Finance,North East Small Finance Bank,False,0,0,0,0,0,0,0,0,0,0.0,0.0,0.0,194133,19945,17233,739.0,149.0,888.0,True
2020,8,Suryoday Small Finance Bank,Small Finance Banks,Small Finance,Suryoday Small Finance Bank,False,0,25,1,26,0,0,0,0,0,0.0,0.0,0.0,70636,32599,26310,1086.0,354.0,1440.0,True
2020,8,Ujjivan Small Finance Bank,Small Finance Banks,Small Finance,Ujjivan Small Finance Bank,False,0,473,3,476,0,0,0,0,0,0.0,0.0,0.0,5539690,1473384,413313,56216.0,5316.0,61532.0,True
2020,8,Utkarsh Small Finance Bank,Small Finance Banks,Small Finance,Utkarsh Small Finance Bank,False,0,154,36,190,0,5,0,0,0,0.0,0.0,0.0,457819,123757,44596,3675.0,482.0,4157.0,True
2020,9,American Express,Foreign Banks,Foreign,American Express,False,0,0,0,0,47413,0,1613316,1505,4606785,115.0,199392.0,199507.0,0,0,0,0.0,0.0,0.0,True
2020,9,Bank of America,Foreign Banks,Foreign,Bank of America,False,0,0,0,0,0,0,26739,2,13014,0.0,476.0,476.0,0,0,0,0.0,0.0,0.0,True
2020,9,Barclays Bank,Foreign Banks,Foreign,Barclays Bank,False,0,0,0,0,0,0,0,0,0,0.0,0.0,0.0,2191,65,111,3.0,4.0,7.0,True
2020,9,Citi Bank,Foreign Banks,Foreign,Axis Bank,True,2023,47,465,512,0,0,2739129,13302,11458950,736.0,294256.0,294992.0,1672612,1074879,2399710,52036.0,43338.0,95374.0,True
2020,9,DBS Bank,Foreign Banks,Foreign,DBS Bank,False,0,21,30,51,0,0,0,0,0,0.0,0.0,0.0,1435265,723357,1020983,22209.0,9991.0,32200.0,True
2020,9,Deutsche Bank,Foreign Banks,Foreign,Deutsche Bank,False,0,13,19,32,0,0,0,0,0,0.0,0.0,0.0,124470,48799,112369,2619.0,2103.0,4722.0,True
2020,9,HSBC,Foreign Banks,Foreign,HSBC,False,0,46,36,82,0,0,872333,1746,1507891,130.0,57094.0,57224.0,483403,246268,395167,13759.0,8216.0,21975.0,True
2020,9,Standard Chartered Bank,Foreign Banks,Foreign,Standard Chartered Bank,False,0,99,104,203,0,0,1435772,2957,2871327,184.0,77743.0,77927.0,1006194,984127,1687904,41211.0,28072.0,69283.0,True
2020,9,Airtel Payments Bank,Payment Banks,Payments Bank,Airtel Payments Bank,False,0,0,0,0,0,0,0,0,0,0.0,0.0,0.0,2006282,0,460241,0.0,2637.0,2637.0,True
2020,9,Fino Payments Bank,Payment Banks,Payments Bank,Fino Payments Bank,False,0,0,0,0,0,178808,0,0,0,0.0,0.0,0.0,1632940,387680,155234,11117.0,1588.0,12705.0,True
2020,9,India Post Payments Bank,Payment Banks,Payments Bank,India Post Payments Bank,False,0,0,0,0,0,134005,0,0,0,0.0,0.0,0.0,30,0,0,0.0,0.0,0.0,True
2020,9,Jio Payments Bank,Payment Banks,Payments Bank,Jio Payments Bank,False,0,0,0,0,0,0,0,0,0,0.0,0.0,0.0,0,0,0,0.0,0.0,0.0,False
2020,9,NSDL Payments Bank,Payment Banks,Payments Bank,NSDL Payments Bank,False,0,0,0,0,0,143,0,0,0,0.0,0.0,0.0,80170,388,22209,13.0,119.0,132.0,True
2020,9,Paytm Payments Bank,Payment Banks,Payments Bank,Paytm Payments Bank,False,0,1,30,31,181601,0,0,0,0,0.0,0.0,0.0,60627085,1521060,2842196,48739.0,24243.0,72982.0,True
2020,9,Atm,Private Sector,Private,Atm,False,0,0,0,0,0,0,0,0,0,0.0,0.0,0.0,0,0,0,0.0,0.0,0.0,False
2020,9,Axis Bank,Private Sector,Private,Axis Bank,False,0,5606,11821,17427,504711,710,6873311,27568,12975524,1397.0,426004.0,427401.0,22609381,20529440,20851158,1171211.0,384916.0,1556127.0,True
2020,9,Bandhan Bank,Private Sector,Private,Bandhan Bank,False,0,485,2,487,32233,0,0,0,0,0.0,0.0,0.0,4009744,1925540,1081295,95561.0,18654.0,114215.0,True
2020,9,CSB Bank,Private Sector,Private,CSB Bank,False,0,255,54,309,0,0,0,0,0,0.0,0.0,0.0,729061,410359,260553,17666.0,3847.0,21513.0,True
2020,9,City Union Bank,Private Sector,Private,City Union Bank,False,0,1101,679,1780,8763,0,4868,35,8831,1.0,264.0,265.0,2089214,2229396,1231837,107953.0,18028.0,125981.0,True
2020,9,DCB Bank,Private Sector,Private,DCB Bank,False,0,278,202,480,8150,0,6367,426,17078,25.0,433.0,458.0,775895,378170,425330,21125.0,11163.0,32288.0,True
2020,9,Dhanlaxmi Bank,Private Sector,Private,Dhanlaxmi Bank,False,0,203,53,256,1395,0,5982,547,17563,7.0,360.0,367.0,508571,467109,274906,15593.0,4074.0,19667.0,True
2020,9,Federal Bank,Private Sector,Private,Federal Bank,False,0,1483,465,1948,14970,0,0,0,0,0.0,0.0,0.0,8077136,6994396,5200920,337998.0,81067.0,419065.0,True
2020,9,HDFC Bank,Private Sector,Private,HDFC Bank,False,0,6410,7877,14287,903670,2412,14979028,125575,42309613,7823.0,1572300.0,1580123.0,33824692,31843379,37901480,1759111.0,698985.0,2458096.0,True
2020,9,ICICI Bank,Private Sector,Private,ICICI Bank,False,0,7604,9641,17245,491209,4277,9272833,26578,23345692,1329.0,746680.0,748009.0,47399007,23575555,26794622,1330060.0,514080.0,1844140.0,True
2020,9,IDFC First Bank,Private Sector,Private,IDFC First Bank,False,0,420,92,512,9916,11140,14014,0,61225,0.0,1608.0,1608.0,2432013,1974014,1501902,76631.0,19110.0,95741.0,True
2020,9,IndusInd Bank,Private Sector,Private,IndusInd Bank,False,0,1311,1474,2785,93945,259,1430766,13104,3155167,669.0,197777.0,198446.0,6032048,3663506,2629807,160450.0,48572.0,209022.0,True
2020,9,J&K Bank,Private Sector,Private,J&K Bank,False,0,768,606,1374,14808,920,77914,5106,262891,212.0,9553.0,9765.0,4375805,5520129,3101554,305341.0,35619.0,340960.0,True
2020,9,Karnataka Bank,Private Sector,Private,Karnataka Bank,False,0,342,674,1016,11220,0,0,0,0,0.0,0.0,0.0,4930134,4143155,2985238,166308.0,35130.0,201438.0,True
2020,9,Karur Vysya Bank,Private Sector,Private,Karur Vysya Bank,False,0,747,918,1665,14288,0,2745,136,8002,6.0,630.0,636.0,4127735,4808258,2596332,227991.0,43885.0,271876.0,True
2020,9,Kotak Mahindra Bank,Private Sector,Private,Kotak Mahindra Bank,False,0,1309,1241,2550,34389,0,2314940,5634,4270539,280.0,143715.0,143995.0,15931912,7080398,8941249,304307.0,138013.0,442320.0,True
2020,9,Laxmi Vilas Bank,Private Sector,Private,DBS Bank,True,2020,446,525,971,2796,0,0,0,0,0.0,0.0,0.0,1462076,804327,347472,37931.0,5413.0,43344.0,True
2020,9,RBL Bank,Private Sector,Private,RBL Bank,False,0,310,92,402,601792,0,2713931,40783,6815065,1366.0,248441.0,249807.0,1099461,558258,516500,24124.0,7653.0,31777.0,True
2020,9,South Indian Bank,Private Sector,Private,South Indian Bank,False,0,822,613,1435,9437,0,0,0,0,0.0,0.0,0.0,3322291,2630525,2071756,113081.0,32807.0,145888.0,True
2020,9,Tamilnad Mercantile Bank,Private Sector,Private,Tamilnad Mercantile Bank,False,0,601,734,1335,4182,0,32649,2065,57134,84.0,2268.0,2352.0,1864822,5217319,794868,227004.0,12658.0,239662.0,True
2020,9,Yes Bank,Private Sector,Private,Yes Bank,False,0,1011,335,1346,60862,56,816208,7152,1512646,303.0,48773.0,49076.0,3028279,1711135,1851631,77530.0,31842.0,109372.0,True
2020,9,Bank of Baroda,Public Sector,Public,Bank of Baroda,False,0,8756,3331,12087,53693,21099,489879,7593,1014150,335.0,26354.0,26689.0,60872108,25572882,16384183,1124935.0,232842.0,1357777.0,True
2020,9,Bank of India,Public Sector,Public,Bank of India,False,0,2440,3271,5711,48224,7849,170058,9831,361611,552.0,8188.0,8740.0,39325494,17265494,10225186,649105.0,125730.0,774835.0,True
2020,9,Bank of Maharashtra,Public Sector,Public,Bank of Maharashtra,False,0,1376,500,1876,2608,0,77,0,53,0.0,1.0,1.0,8351667,6230747,4519580,253376.0,52910.0,306286.0,True
2020,9,Canara Bank,Public Sector,Public,Canara Bank,False,0,8672,4351,13023,37615,9723,716309,44345,863347,2107.0,20970.0,23077.0,37094961,29528074,18046403,1272504.0,246590.0,1519094.0,True
2020,9,Central Bank of India,Public Sector,Public,Central Bank of India,False,0,2749,891,3640,3690,6360,57555,0,82,0.0,2.0,2.0,25341130,10418744,6039522,454907.0,89517.0,544424.0,True
2020,9,IDBI Bank,Public Sector,Public,IDBI Bank,False,0,2208,1259,3467,30370,501,36534,426,97178,23.0,2488.0,2511.0,12919227,6843931,4548757,324579.0,70883.0,395462.0,True
2020,9,Indian Bank,Public Sector,Public,Indian Bank,False,0,4557,786,5343,13438,9057,103354,2674,151125,170.0,3655.0,3825.0,22579439,19578830,10946018,878663.0,144530.0,1023193.0,True
2020,9,Indian Overseas Bank,Public Sector,Public,Indian Overseas Bank,False,0,2707,407,3114,9467,0,60484,481,74054,20.0,1382.0,1402.0,18476318,11660982,5022420,490365.0,70969.0,561334.0,True
2020,9,Punjab & Sind Bank,Public Sector,Public,Punjab & Sind Bank,False,0,1045,30,1075,931,354,0,0,0,0.0,0.0,0.0,2944410,1412464,912457,60363.0,13734.0,74097.0,True
2020,9,Punjab National Bank,Public Sector,Public,Punjab National Bank,False,0,8839,5039,13878,101291,5268,360889,3231,529411,92.0,12341.0,12433.0,42057418,29505152,17182044,1403059.0,268130.0,1671189.0,True
2020,9,State Bank of India,Public Sector,Public,State Bank of India,False,0,25597,33165,58762,701523,56483,11008947,84190,29940318,3250.0,991545.0,994795.0,288910959,167229727,103799486,8705004.0,1560269.0,10265273.0,True
2020,9,UCO Bank,Public Sector,Public,UCO Bank,False,0,2086,195,2281,8961,3568,0,0,0,0.0,0.0,0.0,9274062,5752025,3583170,241750.0,49009.0,290759.0,True
2020,9,Union Bank of India,Public Sector,Public,Union Bank of India,False,0,9276,4011,13287,359152,8040,457281,10060,752949,483.0,19278.0,19761.0,43647290,37646593,19812661,1267285.0,273440.0,1540725.0,True
2020,9,AU Small Finance Bank,Small Finance Banks,Small Finance,AU Small Finance Bank,False,0,330,2,332,0,225,0,0,0,0.0,0.0,0.0,1360446,581856,329266,37009.0,6862.0,43871.0,True
2020,9,Capital Small Finance Bank,Small Finance Banks,Small Finance,Capital Small Finance Bank,False,0,152,1,153,0,0,0,0,0,0.0,0.0,0.0,137511,84831,70032,4102.0,1097.0,5199.0,True
2020,9,ESAF Small Finance Bank,Small Finance Banks,Small Finance,ESAF Small Finance Bank,False,0,230,2,232,451,82,0,0,0,0.0,0.0,0.0,3320413,596224,169978,29870.0,1501.0,31371.0,True
2020,9,Equitas Small Finance Bank,Small Finance Banks,Small Finance,Equitas Small Finance Bank,False,0,323,2,325,301,281,0,0,0,0.0,0.0,0.0,876967,785226,162201,19257.0,2987.0,22244.0,True
2020,9,Fincare Small Finance Bank,Small Finance Banks,Small Finance,Fincare Small Finance Bank,False,0,108,0,108,0,0,0,0,0,0.0,0.0,0.0,2387527,513143,66949,20655.0,668.0,21323.0,True
2020,9,Jana Small Finance Bank,Small Finance Banks,Small Finance,Jana Small Finance Bank,False,0,131,3,134,0,0,0,0,0,0.0,0.0,0.0,1486402,201449,74450,8897.0,811.0,9708.0,True
2020,9,North East Small Finance Bank,Small Finance Banks,Small Finance,North East Small Finance Bank,False,0,1,0,1,0,0,0,0,0,0.0,0.0,0.0,201646,24084,16573,898.0,160.0,1058.0,True
2020,9,Suryoday Small Finance Bank,Small Finance Banks,Small Finance,Suryoday Small Finance Bank,False,0,25,1,26,0,0,0,0,0,0.0,0.0,0.0,90903,38160,28984,1330.0,377.0,1707.0,True
2020,9,Ujjivan Small Finance Bank,Small Finance Banks,Small Finance,Ujjivan Small Finance Bank,False,0,474,3,477,0,0,0,0,0,0.0,0.0,0.0,5597583,1632911,431038,63177.0,5322.0,68499.0,True
2020,9,Utkarsh Small Finance Bank,Small Finance Banks,Small Finance,Utkarsh Small Finance Bank,False,0,160,36,196,0,5,0,0,0,0.0,0.0,0.0,481200,147854,50622,4430.0,541.0,4971.0,True
2020,10,American Express,Foreign Banks,Foreign,American Express,False,0,0,0,0,47777,0,1602513,1475,4682922,122.0,230475.0,230597.0,0,0,0,0.0,0.0,0.0,True
2020,10,Bank of America,Foreign Banks,Foreign,Bank of America,False,0,0,0,0,0,0,26462,0,14824,0.0,620.0,620.0,0,0,0,0.0,0.0,0.0,True
2020,10,Barclays Bank,Foreign Banks,Foreign,Barclays Bank,False,0,0,0,0,0,0,0,0,0,0.0,0.0,0.0,2198,95,170,7.0,5.0,12.0,True
2020,10,Citi Bank,Foreign Banks,Foreign,Axis Bank,True,2023,47,465,512,0,0,2737277,14610,12716228,813.0,354523.0,355336.0,1669022,1269390,2809809,63893.0,55084.0,118977.0,True
2020,10,DBS Bank,Foreign Banks,Foreign,DBS Bank,False,0,22,29,51,0,0,0,0,0,0.0,0.0,0.0,1090593,799482,1132084,25144.0,11668.0,36812.0,True
2020,10,Deutsche Bank,Foreign Banks,Foreign,Deutsche Bank,False,0,13,19,32,0,0,0,0,0,0.0,0.0,0.0,125238,56313,131624,3089.0,2484.0,5573.0,True
2020,10,HSBC,Foreign Banks,Foreign,HSBC,False,0,46,36,82,0,0,873294,2042,1612546,141.0,59079.0,59220.0,484409,287973,455552,16361.0,10012.0,26373.0,True
2020,10,Standard Chartered Bank,Foreign Banks,Foreign,Standard Chartered Bank,False,0,99,86,185,0,0,1433479,3269,3193370,185.0,88357.0,88542.0,1006834,1130342,1917531,48354.0,33301.0,81655.0,True
2020,10,Airtel Payments Bank,Payment Banks,Payments Bank,Airtel Payments Bank,False,0,0,0,0,0,0,0,0,0,0.0,0.0,0.0,2177776,0,538022,0.0,2799.0,2799.0,True
2020,10,Fino Payments Bank,Payment Banks,Payments Bank,Fino Payments Bank,False,0,0,0,0,0,187612,0,0,0,0.0,0.0,0.0,1726555,463941,166456,13629.0,1830.0,15459.0,True
2020,10,India Post Payments Bank,Payment Banks,Payments Bank,India Post Payments Bank,False,0,0,0,0,0,140487,0,0,0,0.0,0.0,0.0,228,0,13,0.0,0.0,0.0,True
2020,10,Jio Payments Bank,Payment Banks,Payments Bank,Jio Payments Bank,False,0,0,0,0,0,0,0,0,0,0.0,0.0,0.0,0,0,0,0.0,0.0,0.0,False
2020,10,NSDL Payments Bank,Payment Banks,Payments Bank,NSDL Payments Bank,False,0,0,0,0,0,322,0,0,0,0.0,0.0,0.0,95863,1185,26210,37.0,125.0,162.0,True
2020,10,Paytm Payments Bank,Payment Banks,Payments Bank,Paytm Payments Bank,False,0,1,34,35,192794,0,0,0,0,0.0,0.0,0.0,61208819,1639769,2620359,52858.0,23497.0,76355.0,True
2020,10,Atm,Private Sector,Private,Atm,False,0,0,0,0,0,0,0,0,0,0.0,0.0,0.0,0,0,0,0.0,0.0,0.0,False
2020,10,Axis Bank,Private Sector,Private,Axis Bank,False,0,5591,11793,17384,517288,710,6902336,29256,14973940,1502.0,522714.0,524216.0,22815217,23069221,22851010,1327505.0,456325.0,1783830.0,True
2020,10,Bandhan Bank,Private Sector,Private,Bandhan Bank,False,0,485,2,487,32781,0,0,0,0,0.0,0.0,0.0,4119797,2168330,1214774,109317.0,21368.0,130685.0,True
2020,10,CSB Bank,Private Sector,Private,CSB Bank,False,0,256,54,310,0,0,0,0,0,0.0,0.0,0.0,738735,454005,290549,19761.0,4254.0,24015.0,True
2020,10,City Union Bank,Private Sector,Private,City Union Bank,False,0,1106,680,1786,8709,1602,4729,27,7160,2.0,204.0,206.0,2109005,2414115,1321191,117822.0,19816.0,137638.0,True
2020,10,DCB Bank,Private Sector,Private,DCB Bank,False,0,299,173,472,8220,0,6166,390,17290,24.0,458.0,482.0,779186,407229,445769,23130.0,10338.0,33468.0,True
2020,10,Dhanlaxmi Bank,Private Sector,Private,Dhanlaxmi Bank,False,0,204,52,256,1405,0,5957,619,19239,8.0,392.0,400.0,512964,518274,306320,17732.0,4476.0,22208.0,True
2020,10,Federal Bank,Private Sector,Private,Federal Bank,False,0,1485,467,1952,14919,0,0,0,0,0.0,0.0,0.0,8182766,7642983,5798511,373453.0,89244.0,462697.0,True
2020,10,HDFC Bank,Private Sector,Private,HDFC Bank,False,0,6439,7895,14334,940533,2343,15173420,134494,50078009,8342.0,2167772.0,2176114.0,34439937,35863200,45056025,2010343.0,942075.0,2952418.0,True
2020,10,ICICI Bank,Private Sector,Private,ICICI Bank,False,0,7800,9429,17229,501047,4140,9501579,30677,27712093,1616.0,879949.0,881565.0,47485542,26542957,30596835,1531389.0,631634.0,2163023.0,True
2020,10,IDFC First Bank,Private Sector,Private,IDFC First Bank,False,0,424,96,520,11730,11309,20058,0,107325,0.0,2899.0,2899.0,2502843,2313555,1748583,90547.0,23435.0,113982.0,True
2020,10,IndusInd Bank,Private Sector,Private,IndusInd Bank,False,0,1333,1482,2815,105963,259,1456305,14416,3648450,740.0,223892.0,224632.0,6128861,3964741,2773806,178739.0,51897.0,230636.0,True
2020,10,J&K Bank,Private Sector,Private,J&K Bank,False,0,771,606,1377,14758,920,81317,5647,309596,228.0,11121.0,11349.0,4404124,6045234,3847126,345281.0,37951.0,383232.0,True
2020,10,Karnataka Bank,Private Sector,Private,Karnataka Bank,False,0,343,675,1018,11297,0,0,0,0,0.0,0.0,0.0,4985608,4318643,3280533,176768.0,39756.0,216524.0,True
2020,10,Karur Vysya Bank,Private Sector,Private,Karur Vysya Bank,False,0,746,920,1666,13498,0,2720,105,8743,4.0,700.0,704.0,4175257,5150606,2770352,245471.0,47634.0,293105.0,True
2020,10,Kotak Mahindra Bank,Private Sector,Private,Kotak Mahindra Bank,False,0,1319,1238,2557,34491,0,2321367,8711,4614507,396.0,154019.0,154415.0,15979204,7857673,10097154,345325.0,171729.0,517054.0,True
2020,10,Laxmi Vilas Bank,Private Sector,Private,DBS Bank,True,2020,449,525,974,2657,0,0,0,0,0.0,0.0,0.0,1477981,879694,390504,41676.0,6407.0,48083.0,True
2020,10,Payment Banks,Private Sector,Private,Payment Banks,False,0,0,0,0,0,0,0,0,0,0.0,0.0,0.0,0,0,0,0.0,0.0,0.0,False
2020,10,RBL Bank,Private Sector,Private,RBL Bank,False,0,314,92,406,602976,0,2783632,46987,7615271,1711.0,284949.0,286660.0,1115253,615047,571480,27218.0,8740.0,35958.0,True
2020,10,Small Finance Banks,Private Sector,Private,Small Finance Banks,False,0,0,0,0,0,0,0,0,0,0.0,0.0,0.0,0,0,0,0.0,0.0,0.0,False
2020,10,South Indian Bank,Private Sector,Private,South Indian Bank,False,0,822,616,1438,9494,0,0,0,0,0.0,0.0,0.0,3359558,2864562,2228867,124705.0,35371.0,160076.0,True
2020,10,Tamilnad Mercantile Bank,Private Sector,Private,Tamilnad Mercantile Bank,False,0,613,735,1348,4165,0,32774,2190,63556,92.0,2457.0,2549.0,1865474,5482302,859985,239280.0,14128.0,253408.0,True
2020,10,Yes Bank,Private Sector,Private,Yes Bank,False,0,1002,335,1337,60672,56,831722,8370,1734269,354.0,55340.0,55694.0,3089570,1929061,2084612,89877.0,37151.0,127028.0,True
2020,10,Bank of Baroda,Public Sector,Public,Bank of Baroda,False,0,8838,3275,12113,52395,21133,507911,9088,1150890,380.0,30307.0,30687.0,61854016,27942562,18409589,1262616.0,269277.0,1531893.0,True
2020,10,Bank of India,Public Sector,Public,Bank of India,False,0,2443,3268,5711,103982,7903,169946,11385,405744,651.0,9605.0,10256.0,39737037,19093643,11175778,730006.0,141352.0,871358.0,True
2020,10,Bank of Maharashtra,Public Sector,Public,Bank of Maharashtra,False,0,1356,495,1851,2649,0,2169,0,212,0.0,7.0,7.0,8542514,6916621,4946101,283811.0,60326.0,344137.0,True
2020,10,Canara Bank,Public Sector,Public,Canara Bank,False,0,8715,4374,13089,37667,9282,721912,50548,974386,2264.0,24107.0,26371.0,37599838,31050839,19070601,1357903.0,271414.0,1629317.0,True
2020,10,Central Bank of India,Public Sector,Public,Central Bank of India,False,0,2747,896,3643,3903,6356,50848,0,0,0.0,0.0,0.0,25557010,11566313,6278430,517842.0,93263.0,611105.0,True
2020,10,IDBI Bank,Public Sector,Public,IDBI Bank,False,0,2209,1203,3412,30249,501,36777,444,110387,23.0,2915.0,2938.0,12965460,7485601,5064054,361901.0,81780.0,443681.0,True
2020,10,Indian Bank,Public Sector,Public,Indian Bank,False,0,4606,789,5395,13328,9061,103830,2848,168346,177.0,4108.0,4285.0,22875235,21395395,11870609,968718.0,163299.0,1132017.0,True
2020,10,Indian Overseas Bank,Public Sector,Public,Indian Overseas Bank,False,0,2712,410,3122,9658,0,60699,518,82301,21.0,1578.0,1599.0,18593709,12818894,5501162,544871.0,81988.0,626859.0,True
2020,10,Punjab & Sind Bank,Public Sector,Public,Punjab & Sind Bank,False,0,1051,29,1080,966,354,0,0,0,0.0,0.0,0.0,3001678,1488163,940451,65498.0,15429.0,80927.0,True
2020,10,Punjab National Bank,Public Sector,Public,Punjab National Bank,False,0,8844,5071,13915,102604,16534,361925,3839,626604,120.0,15079.0,15199.0,42133736,33747257,19541771,1647448.0,319165.0,1966613.0,True
2020,10,State Bank of India,Public Sector,Public,State Bank of India,False,0,25609,33062,58671,723369,56483,11148749,92653,34350333,3595.0,1316185.0,1319780.0,291869747,189364448,117723650,9521720.0,2184480.0,11706200.0,True
2020,10,UCO Bank,Public Sector,Public,UCO Bank,False,0,2087,198,2285,9233,3568,0,0,0,0.0,0.0,0.0,9405412,6390551,3787314,275239.0,55831.0,331070.0,True
2020,10,Union Bank of India,Public Sector,Public,Union Bank of India,False,0,9086,3941,13027,353305,8040,457961,10600,804052,538.0,21336.0,21874.0,43848419,42753614,21122773,1417142.0,303064.0,1720206.0,True
2020,10,AU Small Finance Bank,Small Finance Banks,Small Finance,AU Small Finance Bank,False,0,335,2,337,0,235,0,0,0,0.0,0.0,0.0,1383580,623993,360380,40907.0,8230.0,49137.0,True
2020,10,Capital Small Finance Bank,Small Finance Banks,Small Finance,Capital Small Finance Bank,False,0,153,2,155,0,0,0,0,0,0.0,0.0,0.0,140057,95392,73034,4793.0,1380.0,6173.0,True
2020,10,ESAF Small Finance Bank,Small Finance Banks,Small Finance,ESAF Small Finance Bank,False,0,237,2,239,501,56,0,0,0,0.0,0.0,0.0,3377092,740637,194317,38245.0,1732.0,39977.0,True
2020,10,Equitas Small Finance Bank,Small Finance Banks,Small Finance,Equitas Small Finance Bank,False,0,325,2,327,350,284,0,0,0,0.0,0.0,0.0,933587,871986,196950,21918.0,3682.0,25600.0,True
2020,10,Fincare Small Finance Bank,Small Finance Banks,Small Finance,Fincare Small Finance Bank,False,0,108,0,108,0,0,0,0,0,0.0,0.0,0.0,2419787,550776,66524,23777.0,688.0,24465.0,True
2020,10,Jana Small Finance Bank,Small Finance Banks,Small Finance,Jana Small Finance Bank,False,0,132,3,135,0,0,0,0,0,0.0,0.0,0.0,1564894,363632,92414,17217.0,1081.0,18298.0,True
2020,10,North East Small Finance Bank,Small Finance Banks,Small Finance,North East Small Finance Bank,False,0,2,0,2,0,0,0,0,0,0.0,0.0,0.0,210549,30452,19298,1181.0,205.0,1386.0,True
2020,10,Suryoday Small Finance Bank,Small Finance Banks,Small Finance,Suryoday Small Finance Bank,False,0,25,1,26,0,0,0,0,0,0.0,0.0,0.0,113066,48057,33346,1745.0,438.0,2183.0,True
2020,10,Ujjivan Small Finance Bank,Small Finance Banks,Small Finance,Ujjivan Small Finance Bank,False,0,474,3,477,0,0,0,0,0,0.0,0.0,0.0,5651734,1887806,467698,74184.0,5817.0,80001.0,True
2020,10,Utkarsh Small Finance Bank,Small Finance Banks,Small Finance,Utkarsh Small Finance Bank,False,0,162,36,198,0,53,0,0,0,0.0,0.0,0.0,532498,139936,56438,5203.0,630.0,5833.0,True
2020,11,American Express,Foreign Banks,Foreign,American Express,False,0,0,0,0,48214,0,1612527,1380,4379285,111.0,252076.0,252187.0,0,0,0,0.0,0.0,0.0,True
2020,11,Bank of America,Foreign Banks,Foreign,Bank of America,False,0,0,0,0,0,0,26357,10,15421,1.0,840.0,841.0,0,0,0,0.0,0.0,0.0,True
2020,11,Barclays Bank,Foreign Banks,Foreign,Barclays Bank,False,0,0,0,0,0,0,0,0,0,0.0,0.0,0.0,2170,97,143,8.0,4.0,12.0,True
2020,11,Citi Bank,Foreign Banks,Foreign,Axis Bank,True,2023,47,462,509,0,0,2731766,15041,12802435,862.0,362243.0,363105.0,1669941,1278982,2772791,64818.0,57052.0,121870.0,True
2020,11,DBS Bank,Foreign Banks,Foreign,DBS Bank,False,0,22,29,51,0,0,0,0,0,0.0,0.0,0.0,1057960,764546,1092832,24553.0,12667.0,37220.0,True
2020,11,Deutsche Bank,Foreign Banks,Foreign,Deutsche Bank,False,0,13,19,32,0,0,0,0,0,0.0,0.0,0.0,122882,57441,133523,3187.0,2734.0,5921.0,True
2020,11,HSBC,Foreign Banks,Foreign,HSBC,False,0,46,36,82,0,0,865581,1906,1571553,139.0,60669.0,60808.0,478303,289790,440518,16652.0,10102.0,26754.0,True
2020,11,Standard Chartered Bank,Foreign Banks,Foreign,Standard Chartered Bank,False,0,97,85,182,0,0,1437793,3483,3165878,195.0,90345.0,90540.0,1002863,1138737,1874066,49579.0,34147.0,83726.0,True
2020,11,Airtel Payments Bank,Payment Banks,Payments Bank,Airtel Payments Bank,False,0,0,0,0,0,0,0,0,0,0.0,0.0,0.0,2313604,0,428662,0.0,2504.0,2504.0,True
2020,11,Fino Payments Bank,Payment Banks,Payments Bank,Fino Payments Bank,False,0,0,0,0,0,194837,0,0,0,0.0,0.0,0.0,1801893,456976,143853,13805.0,1788.0,15593.0,True
2020,11,India Post Payments Bank,Payment Banks,Payments Bank,India Post Payments Bank,False,0,0,0,0,0,140487,0,0,0,0.0,0.0,0.0,1157,0,42,0.0,0.0,0.0,True
2020,11,Jio Payments Bank,Payment Banks,Payments Bank,Jio Payments Bank,False,0,0,0,0,0,0,0,0,0,0.0,0.0,0.0,0,0,0,0.0,0.0,0.0,False
2020,11,NSDL Payments Bank,Payment Banks,Payments Bank,NSDL Payments Bank,False,0,0,0,0,0,565,0,0,0,0.0,0.0,0.0,101487,1357,19878,41.0,91.0,132.0,True
2020,11,Paytm Payments Bank,Payment Banks,Payments Bank,Paytm Payments Bank,False,0,1,43,44,203697,0,0,0,0,0.0,0.0,0.0,61709416,1634047,2370245,53166.0,23347.0,76513.0,True
2020,11,Atm,Private Sector,Private,Atm,False,0,0,0,0,0,0,0,0,0,0.0,0.0,0.0,0,0,0,0.0,0.0,0.0,False
2020,11,Axis Bank,Private Sector,Private,Axis Bank,False,0,5595,11765,17360,534149,710,6884437,29128,14579124,1483.0,536596.0,538079.0,23000831,22948629,22553765,1327106.0,488651.0,1815757.0,True
2020,11,Bandhan Bank,Private Sector,Private,Bandhan Bank,False,0,485,2,487,33336,0,0,0,0,0.0,0.0,0.0,4223291,2116873,1114199,105430.0,21658.0,127088.0,True
2020,11,CSB Bank,Private Sector,Private,CSB Bank,False,0,261,53,314,0,0,0,0,0,0.0,0.0,0.0,753606,459545,290352,20006.0,4418.0,24424.0,True
2020,11,City Union Bank,Private Sector,Private,City Union Bank,False,0,1105,675,1780,8689,2409,4560,15,3801,0.0,74.0,74.0,2218163,2371827,1263660,113769.0,19925.0,133694.0,True
2020,11,DCB Bank,Private Sector,Private,DCB Bank,False,0,299,173,472,8280,0,5994,333,16561,21.0,467.0,488.0,782028,389675,430392,22483.0,10354.0,32837.0,True
2020,11,Dhanlaxmi Bank,Private Sector,Private,Dhanlaxmi Bank,False,0,205,51,256,1430,0,5981,551,19143,9.0,390.0,399.0,516560,508730,294694,17451.0,4407.0,21858.0,True
2020,11,Federal Bank,Private Sector,Private,Federal Bank,False,0,1485,467,1952,15490,0,0,0,0,0.0,0.0,0.0,8263538,7661576,5774988,372316.0,94745.0,467061.0,True
2020,11,HDFC Bank,Private Sector,Private,HDFC Bank,False,0,6462,7921,14383,948105,2368,15386822,128750,47641184,7944.0,1912292.0,1920236.0,34932317,36590465,43692916,2079803.0,900242.0,2980045.0,True
2020,11,ICICI Bank,Private Sector,Private,ICICI Bank,False,0,7959,9289,17248,506890,4127,9710535,29530,26898356,1488.0,877768.0,879256.0,47750539,26692363,30371735,1556088.0,658434.0,2214522.0,True
2020,11,IDFC First Bank,Private Sector,Private,IDFC First Bank,False,0,428,109,537,13871,11325,41936,196,184211,3.0,5461.0,5464.0,2578383,2514457,1806155,98680.0,26966.0,125646.0,True
2020,11,IndusInd Bank,Private Sector,Private,IndusInd Bank,False,0,1339,1484,2823,119892,259,1481934,14032,3774224,729.0,272932.0,273661.0,6224601,4075280,2796769,186770.0,55857.0,242627.0,True
2020,11,J&K Bank,Private Sector,Private,J&K Bank,False,0,771,608,1379,14722,920,80796,5263,292730,216.0,10432.0,10648.0,4437204,5793371,3910126,322840.0,37107.0,359947.0,True
2020,11,Karnataka Bank,Private Sector,Private,Karnataka Bank,False,0,342,675,1017,11293,0,0,0,0,0.0,0.0,0.0,5034027,4264204,3098832,177451.0,39888.0,217339.0,True
2020,11,Karur Vysya Bank,Private Sector,Private,Karur Vysya Bank,False,0,749,919,1668,13402,0,2703,83,8054,3.0,642.0,645.0,4218586,5024119,2772048,239200.0,49437.0,288637.0,True
2020,11,Kotak Mahindra Bank,Private Sector,Private,Kotak Mahindra Bank,False,0,1320,1242,2562,35418,0,2331935,11531,4535716,551.0,155375.0,155926.0,16492962,8061838,10050441,359453.0,192706.0,552159.0,True
2020,11,Laxmi Vilas Bank,Private Sector,Private,DBS Bank,True,2020,448,527,975,2558,0,0,0,0,0.0,0.0,0.0,1486473,674145,255603,33257.0,4410.0,37667.0,True
2020,11,Payment Banks,Private Sector,Private,Payment Banks,False,0,0,0,0,0,0,0,0,0,0.0,0.0,0.0,0,0,0,0.0,0.0,0.0,False
2020,11,RBL Bank,Private Sector,Private,RBL Bank,False,0,322,93,415,602610,0,2858282,42222,7674365,1537.0,281222.0,282759.0,1154528,635585,560573,28752.0,9526.0,38278.0,True
2020,11,Small Finance Banks,Private Sector,Private,Small Finance Banks,False,0,0,0,0,0,0,0,0,0,0.0,0.0,0.0,0,0,0,0.0,0.0,0.0,False
2020,11,South Indian Bank,Private Sector,Private,South Indian Bank,False,0,827,617,1444,9619,0,0,0,0,0.0,0.0,0.0,3396452,2883482,2234944,125267.0,36341.0,161608.0,True
2020,11,Tamilnad Mercantile Bank,Private Sector,Private,Tamilnad Mercantile Bank,False,0,613,735,1348,4165,0,32894,2190,63523,83.0,2484.0,2567.0,1885783,5482283,793312,239279.0,14132.0,253411.0,True
2020,11,Yes Bank,Private Sector,Private,Yes Bank,False,0,1005,333,1338,61793,56,841129,8651,1695257,370.0,54603.0,54973.0,3142367,1974230,2083538,92923.0,40086.0,133009.0,True
2020,11,Bank of Baroda,Public Sector,Public,Bank of Baroda,False,0,8768,3145,11913,52095,21522,523479,8542,1158982,383.0,32623.0,33006.0,62642735,27871593,17597813,1291258.0,280010.0,1571268.0,True
2020,11,Bank of India,Public Sector,Public,Bank of India,False,0,2444,3251,5695,49134,8036,171813,11177,378467,641.0,9206.0,9847.0,40074067,19176766,10715846,742773.0,148896.0,891669.0,True
2020,11,Bank of Maharashtra,Public Sector,Public,Bank of Maharashtra,False,0,1368,496,1864,2709,0,7547,26,1991,1.0,65.0,66.0,8751830,7089968,4857789,301484.0,67608.0,369092.0,True
2020,11,Canara Bank,Public Sector,Public,Canara Bank,False,0,8742,4373,13115,36995,9252,722666,47583,931763,2171.0,23719.0,25890.0,38164105,31140263,18465279,1368630.0,283652.0,1652282.0,True
2020,11,Central Bank of India,Public Sector,Public,Central Bank of India,False,0,2749,900,3649,3957,6353,21526,0,0,0.0,0.0,0.0,25717084,10990805,5963810,500786.0,98265.0,599051.0,True
2020,11,IDBI Bank,Public Sector,Public,IDBI Bank,False,0,2211,1200,3411,30487,501,36893,413,108823,22.0,3056.0,3078.0,13013281,7589193,5004421,372109.0,86471.0,458580.0,True
2020,11,Indian Bank,Public Sector,Public,Indian Bank,False,0,4643,786,5429,13379,9057,104503,2661,163980,165.0,4154.0,4319.0,23136322,21117256,11234842,953273.0,166003.0,1119276.0,True
2020,11,Indian Overseas Bank,Public Sector,Public,Indian Overseas Bank,False,0,2713,412,3125,9784,0,60740,512,76117,22.0,1536.0,1558.0,18686626,12794614,5395881,539987.0,84041.0,624028.0,True
2020,11,Punjab & Sind Bank,Public Sector,Public,Punjab & Sind Bank,False,0,1053,30,1083,1003,354,0,0,0,0.0,0.0,0.0,3040650,1471760,938119,66063.0,16307.0,82370.0,True
2020,11,Punjab National Bank,Public Sector,Public,Punjab National Bank,False,0,8843,5054,13897,100730,15272,365275,3094,557455,94.0,13481.0,13575.0,51234704,34430650,17910834,1709639.0,320116.0,2029755.0,True
2020,11,State Bank of India,Public Sector,Public,State Bank of India,False,0,25569,32583,58152,733091,56483,11295428,86833,32828658,3399.0,1250136.0,1253535.0,294579425,188565861,109721320,9579249.0,1925715.0,11504964.0,True
2020,11,UCO Bank,Public Sector,Public,UCO Bank,False,0,2065,201,2266,9390,3568,0,0,0,0.0,0.0,0.0,9549247,6274710,3517023,271900.0,56733.0,328633.0,True
2020,11,Union Bank of India,Public Sector,Public,Union Bank of India,False,0,9085,3913,12998,335333,8040,459156,9685,729924,490.0,20086.0,20576.0,44693788,66089740,20693007,2095503.0,322668.0,2418171.0,True
2020,11,AU Small Finance Bank,Small Finance Banks,Small Finance,AU Small Finance Bank,False,0,337,2,339,0,237,26,3,100,0.0,1.0,1.0,1412877,618403,356202,41121.0,8894.0,50015.0,True
2020,11,Capital Small Finance Bank,Small Finance Banks,Small Finance,Capital Small Finance Bank,False,0,154,2,156,0,0,0,0,0,0.0,0.0,0.0,142282,99726,71140,5247.0,1414.0,6661.0,True
2020,11,ESAF Small Finance Bank,Small Finance Banks,Small Finance,ESAF Small Finance Bank,False,0,261,2,263,559,56,0,0,0,0.0,0.0,0.0,3438300,778017,204060,40799.0,1859.0,42658.0,True
2020,11,Equitas Small Finance Bank,Small Finance Banks,Small Finance,Equitas Small Finance Bank,False,0,327,2,329,471,286,0,0,0,0.0,0.0,0.0,968096,842240,209218,21191.0,4171.0,25362.0,True
2020,11,Fincare Small Finance Bank,Small Finance Banks,Small Finance,Fincare Small Finance Bank,False,0,108,0,108,0,0,0,0,0,0.0,0.0,0.0,2451189,520444,62632,22414.0,685.0,23099.0,True
2020,11,Jana Small Finance Bank,Small Finance Banks,Small Finance,Jana Small Finance Bank,False,0,123,3,126,0,0,0,0,0,0.0,0.0,0.0,1624349,353710,95486,16391.0,1132.0,17523.0,True
2020,11,North East Small Finance Bank,Small Finance Banks,Small Finance,North East Small Finance Bank,False,0,4,0,4,0,0,0,0,0,0.0,0.0,0.0,218520,28331,18277,1062.0,200.0,1262.0,True
2020,11,Suryoday Small Finance Bank,Small Finance Banks,Small Finance,Suryoday Small Finance Bank,False,0,25,1,26,0,0,0,0,0,0.0,0.0,0.0,133317,50371,34937,1816.0,505.0,2321.0,True
2020,11,Ujjivan Small Finance Bank,Small Finance Banks,Small Finance,Ujjivan Small Finance Bank,False,0,474,3,477,0,0,0,0,0,0.0,0.0,0.0,5706954,1679321,428614,63741.0,5866.0,69607.0,True
2020,11,Utkarsh Small Finance Bank,Small Finance Banks,Small Finance,Utkarsh Small Finance Bank,False,0,163,36,199,0,106,0,0,0,0.0,0.0,0.0,568347,134605,55118,5119.0,723.0,5842.0,True
2020,12,American Express,Foreign Banks,Foreign,American Express,False,0,0,0,0,45347,0,1595234,1956,5040004,151.0,251299.0,251450.0,0,0,0,0.0,0.0,0.0,True
2020,12,Bank of America,Foreign Banks,Foreign,Bank of America,False,0,0,0,0,0,0,25900,2,19725,0.0,757.0,757.0,0,0,0,0.0,0.0,0.0,True
2020,12,Barclays Bank,Foreign Banks,Foreign,Barclays Bank,False,0,0,0,0,0,0,0,0,0,0.0,0.0,0.0,2126,99,155,8.0,8.0,16.0,True
2020,12,Citi Bank,Foreign Banks,Foreign,Axis Bank,True,2023,47,461,508,0,0,2694148,15636,12978374,888.0,353958.0,354846.0,1664775,1321041,2858111,67099.0,57119.0,124218.0,True
2020,12,DBS Bank,Foreign Banks,Foreign,DBS Bank,False,0,22,26,48,0,0,0,0,0,0.0,0.0,0.0,1035460,780290,1126563,25247.0,12747.0,37994.0,True
2020,12,Deutsche Bank,Foreign Banks,Foreign,Deutsche Bank,False,0,13,19,32,0,0,0,0,0,0.0,0.0,0.0,123689,60040,142625,3261.0,2729.0,5990.0,True
2020,12,HSBC,Foreign Banks,Foreign,HSBC,False,0,46,36,82,0,0,858034,2179,1685767,160.0,61841.0,62001.0,478119,299900,459265,16980.0,10661.0,27641.0,True
2020,12,Standard Chartered Bank,Foreign Banks,Foreign,Standard Chartered Bank,False,0,99,86,185,0,0,1440923,4001,3285235,224.0,93354.0,93578.0,1009902,1152415,1927865,49420.0,34719.0,84139.0,True
2020,12,Airtel Payments Bank,Payment Banks,Payments Bank,Airtel Payments Bank,False,0,0,0,0,0,0,0,0,0,0.0,0.0,0.0,1209451,0,377389,0.0,2288.0,2288.0,True
2020,12,Fino Payments Bank,Payment Banks,Payments Bank,Fino Payments Bank,False,0,0,0,0,0,201789,0,0,0,0.0,0.0,0.0,1911338,550187,168372,16126.0,2134.0,18260.0,True
2020,12,India Post Payments Bank,Payment Banks,Payments Bank,India Post Payments Bank,False,0,0,0,0,0,140487,0,0,0,0.0,0.0,0.0,411217,0,115675,0.0,463.0,463.0,True
2020,12,Jio Payments Bank,Payment Banks,Payments Bank,Jio Payments Bank,False,0,0,0,0,0,0,0,0,0,0.0,0.0,0.0,0,0,0,0.0,0.0,0.0,False
2020,12,NSDL Payments Bank,Payment Banks,Payments Bank,NSDL Payments Bank,False,0,0,0,0,0,623,0,0,0,0.0,0.0,0.0,110112,1523,20898,47.0,100.0,147.0,True
2020,12,Paytm Payments Bank,Payment Banks,Payments Bank,Paytm Payments Bank,False,0,1,47,48,214508,0,0,0,0,0.0,0.0,0.0,62270786,1685455,2444435,54535.0,23094.0,77629.0,True
2020,12,Atm,Private Sector,Private,Atm,False,0,0,0,0,0,0,0,0,0,0.0,0.0,0.0,0,0,0,0.0,0.0,0.0,False
2020,12,Axis Bank,Private Sector,Private,Axis Bank,False,0,5598,11656,17254,541774,710,6872099,34435,14795615,1722.0,519773.0,521495.0,23143406,22912024,22237195,1319532.0,445692.0,1765224.0,True
2020,12,Bandhan Bank,Private Sector,Private,Bandhan Bank,False,0,485,2,487,33728,0,0,0,0,0.0,0.0,0.0,4325881,2174251,1138751,108056.0,21734.0,129790.0,True
2020,12,CSB Bank,Private Sector,Private,CSB Bank,False,0,263,54,317,0,14,0,0,0,0.0,0.0,0.0,771240,493978,310622,21415.0,4786.0,26201.0,True
2020,12,City Union Bank,Private Sector,Private,City Union Bank,False,0,1086,663,1749,8656,3400,4409,24,3532,1.0,72.0,73.0,2244067,2439964,1247506,114831.0,19066.0,133897.0,True
2020,12,DCB Bank,Private Sector,Private,DCB Bank,False,0,302,169,471,8309,0,5806,353,16397,22.0,419.0,441.0,785309,399173,447486,22786.0,10717.0,33503.0,True
2020,12,Dhanlaxmi Bank,Private Sector,Private,Dhanlaxmi Bank,False,0,205,51,256,1451,0,5972,627,20032,10.0,411.0,421.0,523498,531509,293030,18272.0,4461.0,22733.0,True
2020,12,Federal Bank,Private Sector,Private,Federal Bank,False,0,1490,467,1957,15573,0,0,0,0,0.0,0.0,0.0,8343549,8253718,6298922,396125.0,105694.0,501819.0,True
2020,12,HDFC Bank,Private Sector,Private,HDFC Bank,False,0,6488,7989,14477,889814,2379,15308843,131014,50262404,8165.0,1964924.0,1973089.0,35499961,37009305,44887441,2082163.0,898608.0,2980771.0,True
2020,12,ICICI Bank,Private Sector,Private,ICICI Bank,False,0,8093,9153,17246,552804,4102,9911510,33107,28790677,1449.0,930996.0,932445.0,45379093,26621824,30817484,1545417.0,649478.0,2194895.0,True
2020,12,IDFC First Bank,Private Sector,Private,IDFC First Bank,False,0,444,117,561,15410,11330,56799,206,277701,4.0,8088.0,8092.0,2666051,2557183,1856743,100960.0,27097.0,128057.0,True
2020,12,IndusInd Bank,Private Sector,Private,IndusInd Bank,False,0,1349,1486,2835,125162,259,1504599,15963,3931094,834.0,315681.0,316515.0,6370753,4165695,2879589,187410.0,56988.0,244398.0,True
2020,12,J&K Bank,Private Sector,Private,J&K Bank,False,0,773,609,1382,14643,920,82291,6175,307633,248.0,11299.0,11547.0,3715610,5993058,3797960,312296.0,35877.0,348173.0,True
2020,12,Karnataka Bank,Private Sector,Private,Karnataka Bank,False,0,341,673,1014,11278,0,0,0,0,0.0,0.0,0.0,5096479,4407695,3157372,182748.0,39866.0,222614.0,True
2020,12,Karur Vysya Bank,Private Sector,Private,Karur Vysya Bank,False,0,747,914,1661,12223,0,2641,160,7541,6.0,665.0,671.0,4273012,5250136,2731718,247898.0,48476.0,296374.0,True
2020,12,Kotak Mahindra Bank,Private Sector,Private,Kotak Mahindra Bank,False,0,1323,1250,2573,36274,0,2343088,15454,4706903,738.0,153657.0,154395.0,16785762,8141963,9994549,360024.0,170630.0,530654.0,True
2020,12,Laxmi Vilas Bank,Private Sector,Private,DBS Bank,True,2020,452,523,975,1941,0,0,0,0,0.0,0.0,0.0,1495425,688646,274472,31840.0,4290.0,36130.0,True
2020,12,Payment Banks,Private Sector,Private,Payment Banks,False,0,0,0,0,0,0,0,0,0,0.0,0.0,0.0,0,0,0,0.0,0.0,0.0,False
2020,12,RBL Bank,Private Sector,Private,RBL Bank,False,0,323,89,412,1761954,0,2821749,44336,8018104,1596.0,294197.0,295793.0,1177055,627893,551071,28022.0,9021.0,37043.0,True
2020,12,Small Finance Banks,Private Sector,Private,Small Finance Banks,False,0,0,0,0,0,0,0,0,0,0.0,0.0,0.0,0,0,0,0.0,0.0,0.0,False
2020,12,South Indian Bank,Private Sector,Private,South Indian Bank,False,0,826,617,1443,9823,0,0,0,0,0.0,0.0,0.0,3409863,3146179,2438635,135182.0,40139.0,175321.0,True
2020,12,Tamilnad Mercantile Bank,Private Sector,Private,Tamilnad Mercantile Bank,False,0,640,746,1386,4102,0,33011,2073,65661,92.0,2457.0,2549.0,1880046,5505104,776017,230129.0,13541.0,243670.0,True
2020,12,Yes Bank,Private Sector,Private,Yes Bank,False,0,1006,332,1338,59096,56,855620,9674,1868740,405.0,69907.0,70312.0,3213796,1987445,2134449,91187.0,39550.0,130737.0,True
2020,12,Bank of Baroda,Public Sector,Public,Bank of Baroda,False,0,8544,3009,11553,50329,21960,543093,8704,1211970,390.0,33742.0,34132.0,63291645,27643906,16392607,1248189.0,252453.0,1500642.0,True
2020,12,Bank of India,Public Sector,Public,Bank of India,False,0,2445,3245,5690,50781,8154,168609,11939,403847,693.0,9744.0,10437.0,40492994,19264181,10233198,727818.0,135830.0,863648.0,True
2020,12,Bank of Maharashtra,Public Sector,Public,Bank of Maharashtra,False,0,1282,441,1723,2674,0,9671,89,5197,4.0,160.0,164.0,9027748,7213453,4760388,295136.0,62440.0,357576.0,True
2020,12,Canara Bank,Public Sector,Public,Canara Bank,False,0,8607,4366,12973,37090,9242,735570,51820,968642,2370.0,24125.0,26495.0,38814447,30943747,14715844,1340434.0,230150.0,1570584.0,True
2020,12,Central Bank of India,Public Sector,Public,Central Bank of India,False,0,2705,884,3589,3952,6358,0,0,0,0.0,0.0,0.0,25937789,10991472,5957292,490839.0,93522.0,584361.0,True
2020,12,IDBI Bank,Public Sector,Public,IDBI Bank,False,0,2212,1182,3394,30238,501,36870,402,112143,21.0,3015.0,3036.0,13063436,7553083,4924778,364523.0,81608.0,446131.0,True
2020,12,Indian Bank,Public Sector,Public,Indian Bank,False,0,4653,775,5428,13476,9095,105257,3172,174097,196.0,4368.0,4564.0,23447077,21630662,11193304,962577.0,159854.0,1122431.0,True
2020,12,Indian Overseas Bank,Public Sector,Public,Indian Overseas Bank,False,0,2716,413,3129,9850,0,60740,576,78058,25.0,1544.0,1569.0,18835561,13589417,5457424,564984.0,82702.0,647686.0,True
2020,12,Punjab & Sind Bank,Public Sector,Public,Punjab & Sind Bank,False,0,1057,30,1087,1034,354,0,0,0,0.0,0.0,0.0,3081119,1900827,953759,81541.0,15984.0,97525.0,True
2020,12,Punjab National Bank,Public Sector,Public,Punjab National Bank,False,0,8853,5061,13914,131207,6000,363873,3871,579244,117.0,13755.0,13872.0,43402879,38699163,15429855,1603459.0,268947.0,1872406.0,True
2020,12,State Bank of India,Public Sector,Public,State Bank of India,False,0,25254,32635,57889,763330,56483,11490041,92486,33745890,3569.0,1213407.0,1216976.0,294528525,192388076,112916097,9625769.0,1840951.0,11466720.0,True
2020,12,UCO Bank,Public Sector,Public,UCO Bank,False,0,2078,199,2277,9423,3568,0,0,0,0.0,0.0,0.0,9715947,6364617,3562048,271309.0,54776.0,326085.0,True
2020,12,Union Bank of India,Public Sector,Public,Union Bank of India,False,0,9127,3909,13036,316244,8019,460728,11612,847582,570.0,22442.0,23012.0,43607630,46613412,26248201,1430874.0,412142.0,1843016.0,True
2020,12,AU Small Finance Bank,Small Finance Banks,Small Finance,AU Small Finance Bank,False,0,339,2,341,0,244,43,2,138,0.0,2.0,2.0,1433240,614466,359583,40867.0,9006.0,49873.0,True
2020,12,Capital Small Finance Bank,Small Finance Banks,Small Finance,Capital Small Finance Bank,False,0,155,2,157,0,0,0,0,0,0.0,0.0,0.0,144997,98423,69695,5056.0,1285.0,6341.0,True
2020,12,ESAF Small Finance Bank,Small Finance Banks,Small Finance,ESAF Small Finance Bank,False,0,310,2,312,642,61,0,0,0,0.0,0.0,0.0,3483834,876852,220530,44638.0,2092.0,46730.0,True
2020,12,Equitas Small Finance Bank,Small Finance Banks,Small Finance,Equitas Small Finance Bank,False,0,328,2,330,491,296,0,0,0,0.0,0.0,0.0,1019263,855994,204447,21615.0,4176.0,25791.0,True
2020,12,Fincare Small Finance Bank,Small Finance Banks,Small Finance,Fincare Small Finance Bank,False,0,108,0,108,0,0,0,0,0,0.0,0.0,0.0,2491588,640441,60119,31183.0,611.0,31794.0,True
2020,12,Jana Small Finance Bank,Small Finance Banks,Small Finance,Jana Small Finance Bank,False,0,132,3,135,0,0,0,0,0,0.0,0.0,0.0,1714329,430407,101363,22156.0,1268.0,23424.0,True
2020,12,North East Small Finance Bank,Small Finance Banks,Small Finance,North East Small Finance Bank,False,0,4,0,4,0,0,0,0,0,0.0,0.0,0.0,226485,29366,18843,1086.0,215.0,1301.0,True
2020,12,Suryoday Small Finance Bank,Small Finance Banks,Small Finance,Suryoday Small Finance Bank,False,0,25,1,26,0,0,0,0,0,0.0,0.0,0.0,160028,76371,33947,3424.0,396.0,3820.0,True
2020,12,Ujjivan Small Finance Bank,Small Finance Banks,Small Finance,Ujjivan Small Finance Bank,False,0,483,3,486,0,0,0,0,0,0.0,0.0,0.0,5796732,2342584,467584,99726.0,6561.0,106287.0,True
2020,12,Utkarsh Small Finance Bank,Small Finance Banks,Small Finance,Utkarsh Small Finance Bank,False,0,166,36,202,0,106,0,0,0,0.0,0.0,0.0,615630,142231,54276,4351.0,526.0,4877.0,True
2021,1,American Express,Foreign Banks,Foreign,American Express,False,0,0,0,0,45443,0,1563330,1473,4598434,119.0,236913.0,237032.0,0,0,0,0.0,0.0,0.0,True
2021,1,Bank of America,Foreign Banks,Foreign,Bank of America,False,0,0,0,0,0,0,25767,1,19589,0.0,625.0,625.0,0,0,0,0.0,0.0,0.0,True
2021,1,Barclays Bank,Foreign Banks,Foreign,Barclays Bank,False,0,0,0,0,0,0,0,0,0,0.0,0.0,0.0,2100,55,87,4.0,6.0,10.0,True
2021,1,Citi Bank,Foreign Banks,Foreign,Axis Bank,True,2023,47,460,507,0,0,2654271,14857,12277851,841.0,338382.0,339223.0,1657102,1287242,2702505,65272.0,54358.0,119630.0,True
2021,1,DBS Bank,Foreign Banks,Foreign,DBS Bank,False,0,24,22,46,0,0,0,0,0,0.0,0.0,0.0,1047695,781161,1087334,25453.0,10707.0,36160.0,True
2021,1,Deutsche Bank,Foreign Banks,Foreign,Deutsche Bank,False,0,13,19,32,0,0,0,0,0,0.0,0.0,0.0,121705,58684,125558,3152.0,2467.0,5619.0,True
2021,1,HSBC,Foreign Banks,Foreign,HSBC,False,0,46,36,82,0,0,857132,2086,1692494,150.0,66141.0,66291.0,480096,296742,448138,16546.0,10206.0,26752.0,True
2021,1,SBM Bank,Foreign Banks,Foreign,SBM Bank,False,0,5,0,5,0,19943,72410,22653,51085,1999.0,4600.0,6599.0,8714,4804,11770,169.0,258.0,427.0,True
2021,1,Standard Chartered Bank,Foreign Banks,Foreign,Standard Chartered Bank,False,0,99,87,186,0,0,1453417,4384,3268015,231.0,93750.0,93981.0,1016349,1170386,1941558,50271.0,36021.0,86292.0,True
2021,1,Airtel Payments Bank,Payment Banks,Payments Bank,Airtel Payments Bank,False,0,0,0,0,0,0,0,0,0,0.0,0.0,0.0,1430479,0,372682,0.0,2130.0,2130.0,True
2021,1,Fino Payments Bank,Payment Banks,Payments Bank,Fino Payments Bank,False,0,0,0,0,0,208718,0,0,0,0.0,0.0,0.0,2031217,624456,168135,18380.0,2118.0,20498.0,True
2021,1,India Post Payments Bank,Payment Banks,Payments Bank,India Post Payments Bank,False,0,0,0,0,0,138592,0,0,0,0.0,0.0,0.0,665469,0,166552,0.0,783.0,783.0,True
2021,1,Jio Payments Bank,Payment Banks,Payments Bank,Jio Payments Bank,False,0,0,0,0,0,0,0,0,0,0.0,0.0,0.0,0,0,0,0.0,0.0,0.0,False
2021,1,NSDL Payments Bank,Payment Banks,Payments Bank,NSDL Payments Bank,False,0,0,0,0,0,823,0,0,0,0.0,0.0,0.0,119023,1401,21030,45.0,93.0,138.0,True
2021,1,Paytm Payments Bank,Payment Banks,Payments Bank,Paytm Payments Bank,False,0,1,50,51,224334,0,0,0,0,0.0,0.0,0.0,62822904,1699022,2349157,55337.0,20601.0,75938.0,True
2021,1,Atm,Private Sector,Private,Atm,False,0,0,0,0,0,0,0,0,0,0.0,0.0,0.0,0,0,0,0.0,0.0,0.0,False
2021,1,Axis Bank,Private Sector,Private,Axis Bank,False,0,5603,11532,17135,570642,710,6937596,34435,14533021,1672.0,509072.0,510744.0,23016877,23195589,22261343,1335723.0,445590.0,1781313.0,True
2021,1,Bandhan Bank,Private Sector,Private,Bandhan Bank,False,0,485,2,487,34057,0,0,0,0,0.0,0.0,0.0,4425875,2278116,1134243,113339.0,21321.0,134660.0,True
2021,1,CSB Bank,Private Sector,Private,CSB Bank,False,0,263,56,319,0,82,0,0,0,0.0,0.0,0.0,762889,493958,319119,21409.0,4847.0,26256.0,True
2021,1,City Union Bank,Private Sector,Private,City Union Bank,False,0,1071,653,1724,8632,4354,3321,22,2975,1.0,59.0,60.0,2262482,2377168,1244570,113798.0,18974.0,132772.0,True
2021,1,DCB Bank,Private Sector,Private,DCB Bank,False,0,303,164,467,8368,0,5666,368,16109,24.0,398.0,422.0,787530,397094,439099,22906.0,10985.0,33891.0,True
2021,1,Dhanlaxmi Bank,Private Sector,Private,Dhanlaxmi Bank,False,0,204,52,256,1465,0,5969,603,19519,10.0,415.0,425.0,525915,561748,319243,19188.0,4898.0,24086.0,True
2021,1,Federal Bank,Private Sector,Private,Federal Bank,False,0,1496,467,1963,14685,0,0,0,0,0.0,0.0,0.0,8423859,8385000,6536033,402317.0,104259.0,506576.0,True
2021,1,HDFC Bank,Private Sector,Private,HDFC Bank,False,0,6493,8036,14529,877621,2366,15254839,118558,50289150,7340.0,2008124.0,2015464.0,35969705,37788916,45632351,2105079.0,902095.0,3007174.0,True
2021,1,ICICI Bank,Private Sector,Private,ICICI Bank,False,0,8161,8600,16761,568102,4097,10177593,34239,29510351,1498.0,1021497.0,1022995.0,43621647,26895339,31063592,1558655.0,646826.0,2205481.0,True
2021,1,IDFC First Bank,Private Sector,Private,IDFC First Bank,False,0,471,120,591,16688,11313,113268,537,377602,16.0,12056.0,12072.0,2773581,2692330,1919951,108582.0,25757.0,134339.0,True
2021,1,IndusInd Bank,Private Sector,Private,IndusInd Bank,False,0,1371,1485,2856,126647,259,1540136,15710,3964636,804.0,320529.0,321333.0,6491068,3938723,2908607,192829.0,59005.0,251834.0,True
2021,1,J&K Bank,Private Sector,Private,J&K Bank,False,0,774,609,1383,14179,933,82643,6265,220886,240.0,8936.0,9176.0,3732465,5508800,4325748,267646.0,39216.0,306862.0,True
2021,1,Karnataka Bank,Private Sector,Private,Karnataka Bank,False,0,343,670,1013,11221,0,0,0,0,0.0,0.0,0.0,5074717,4532501,3189455,186005.0,39117.0,225122.0,True
2021,1,Karur Vysya Bank,Private Sector,Private,Karur Vysya Bank,False,0,748,914,1662,12111,0,2630,89,7505,6.0,667.0,673.0,4311101,5102609,2773775,242758.0,49402.0,292160.0,True
2021,1,Kotak Mahindra Bank,Private Sector,Private,Kotak Mahindra Bank,False,0,1322,1252,2574,37681,0,2357365,16241,4773322,754.0,155159.0,155913.0,17062804,8252723,9731793,364164.0,159293.0,523457.0,True
2021,1,Laxmi Vilas Bank,Private Sector,Private,DBS Bank,True,2020,453,522,975,1818,0,0,0,0,0.0,0.0,0.0,1257022,726185,342697,33762.0,5359.0,39121.0,True
2021,1,Payment Banks,Private Sector,Private,Payment Banks,False,0,0,0,0,0,0,0,0,0,0.0,0.0,0.0,0,0,0,0.0,0.0,0.0,False
2021,1,RBL Bank,Private Sector,Private,RBL Bank,False,0,323,88,411,608705,0,2850249,42893,7932501,1506.0,289729.0,291235.0,1205372,646051,559525,29223.0,9008.0,38231.0,True
2021,1,Small Finance Banks,Private Sector,Private,Small Finance Banks,False,0,0,0,0,0,0,0,0,0,0.0,0.0,0.0,0,0,0,0.0,0.0,0.0,False
2021,1,South Indian Bank,Private Sector,Private,South Indian Bank,False,0,827,586,1413,9479,0,0,0,0,0.0,0.0,0.0,3398012,3106830,2460139,134375.0,40116.0,174491.0,True
2021,1,Tamilnad Mercantile Bank,Private Sector,Private,Tamilnad Mercantile Bank,False,0,640,746,1386,4084,0,33132,2041,65308,84.0,2551.0,2635.0,1889318,5473474,782208,235171.0,13725.0,248896.0,True
2021,1,Yes Bank,Private Sector,Private,Yes Bank,False,0,1005,329,1334,60363,56,878842,10462,1920561,432.0,77423.0,77855.0,3293447,2064463,2135758,93821.0,39149.0,132970.0,True
2021,1,Bank of Baroda,Public Sector,Public,Bank of Baroda,False,0,8620,2983,11603,50066,22603,569299,9039,1289314,380.0,36812.0,37192.0,63497037,28428751,16681729,1280792.0,250184.0,1530976.0,True
2021,1,Bank of India,Public Sector,Public,Bank of India,False,0,2387,3170,5557,52148,8192,168813,11294,387210,653.0,9619.0,10272.0,40951205,19715706,10134583,741762.0,135029.0,876791.0,True
2021,1,Bank of Maharashtra,Public Sector,Public,Bank of Maharashtra,False,0,1414,441,1855,2721,0,17321,44,7762,2.0,243.0,245.0,9300936,7347153,4696028,298712.0,61074.0,359786.0,True
2021,1,Canara Bank,Public Sector,Public,Canara Bank,False,0,8758,4371,13129,37507,9239,749386,48994,969074,2198.0,24582.0,26780.0,39416147,30786416,14726095,1322359.0,226961.0,1549320.0,True
2021,1,Central Bank of India,Public Sector,Public,Central Bank of India,False,0,2736,898,3634,3928,6385,0,0,0,0.0,0.0,0.0,26168405,11196500,5844910,497093.0,89368.0,586461.0,True
2021,1,IDBI Bank,Public Sector,Public,IDBI Bank,False,0,2213,1183,3396,29558,263,37071,421,109413,22.0,2863.0,2885.0,13130629,7664702,5025546,368767.0,83014.0,451781.0,True
2021,1,Indian Bank,Public Sector,Public,Indian Bank,False,0,4597,777,5374,12292,9095,108940,2742,177537,170.0,4543.0,4713.0,23600592,21678669,11384502,975464.0,161009.0,1136473.0,True
2021,1,Indian Overseas Bank,Public Sector,Public,Indian Overseas Bank,False,0,2714,417,3131,9908,0,60894,555,78182,26.0,1547.0,1573.0,18932764,13293114,5465443,557584.0,84636.0,642220.0,True
2021,1,Punjab & Sind Bank,Public Sector,Public,Punjab & Sind Bank,False,0,1064,30,1094,1066,354,0,0,0,0.0,0.0,0.0,3125249,1529810,968551,65846.0,15796.0,81642.0,True
2021,1,Punjab National Bank,Public Sector,Public,Punjab National Bank,False,0,8717,5183,13900,108696,11265,365695,3113,553566,92.0,13452.0,13544.0,43759652,35835065,15802753,1558526.0,270357.0,1828883.0,True
2021,1,State Bank of India,Public Sector,Public,State Bank of India,False,0,25472,33592,59064,763716,40049,11641581,92774,34593004,3447.0,1214309.0,1217756.0,292716565,194335246,110437041,9592761.0,1795037.0,11387798.0,True
2021,1,UCO Bank,Public Sector,Public,UCO Bank,False,0,2079,205,2284,9419,3568,0,0,0,0.0,0.0,0.0,9873976,6491248,3562613,275775.0,54015.0,329790.0,True
2021,1,Union Bank of India,Public Sector,Public,Union Bank of India,False,0,9167,3898,13065,314705,8019,500726,7825,709518,394.0,18571.0,18965.0,44278528,46370887,18515267,1398130.0,266894.0,1665024.0,True
2021,1,AU Small Finance Bank,Small Finance Banks,Small Finance,AU Small Finance Bank,False,0,340,2,342,0,248,8587,29,3406,2.0,137.0,139.0,1472740,646586,378877,42750.0,10039.0,52789.0,True
2021,1,Capital Small Finance Bank,Small Finance Banks,Small Finance,Capital Small Finance Bank,False,0,157,2,159,0,0,0,0,0,0.0,0.0,0.0,147555,97155,67310,4865.0,1255.0,6120.0,True
2021,1,ESAF Small Finance Bank,Small Finance Banks,Small Finance,ESAF Small Finance Bank,False,0,312,2,314,706,75,0,0,0,0.0,0.0,0.0,3611893,972538,239663,49097.0,2170.0,51267.0,True
2021,1,Equitas Small Finance Bank,Small Finance Banks,Small Finance,Equitas Small Finance Bank,False,0,328,2,330,1760,296,0,0,0,0.0,0.0,0.0,1065422,862502,326438,22078.0,6282.0,28360.0,True
2021,1,Fincare Small Finance Bank,Small Finance Banks,Small Finance,Fincare Small Finance Bank,False,0,108,0,108,0,0,0,0,0,0.0,0.0,0.0,2524508,696353,61411,31791.0,588.0,32379.0,True
2021,1,Jana Small Finance Bank,Small Finance Banks,Small Finance,Jana Small Finance Bank,False,0,132,3,135,0,0,0,0,0,0.0,0.0,0.0,1815226,451477,103065,23680.0,1266.0,24946.0,True
2021,1,North East Small Finance Bank,Small Finance Banks,Small Finance,North East Small Finance Bank,False,0,4,0,4,0,0,0,0,0,0.0,0.0,0.0,233492,30187,19340,1147.0,204.0,1351.0,True
2021,1,Suryoday Small Finance Bank,Small Finance Banks,Small Finance,Suryoday Small Finance Bank,False,0,25,1,26,0,0,0,0,0,0.0,0.0,0.0,184460,82582,34217,3645.0,387.0,4032.0,True
2021,1,Ujjivan Small Finance Bank,Small Finance Banks,Small Finance,Ujjivan Small Finance Bank,False,0,486,3,489,0,0,0,0,0,0.0,0.0,0.0,5902855,2645521,490298,115210.0,6391.0,121601.0,True
2021,1,Utkarsh Small Finance Bank,Small Finance Banks,Small Finance,Utkarsh Small Finance Bank,False,0,167,36,203,0,107,0,0,0,0.0,0.0,0.0,666771,166354,59531,5969.0,1096.0,7065.0,True
2021,2,American Express,Foreign Banks,Foreign,American Express,False,0,0,0,0,46147,0,1559155,1334,4298212,109.0,232504.0,232613.0,0,0,0,0.0,0.0,0.0,True
2021,2,Bank of America,Foreign Banks,Foreign,Bank of America,False,0,0,0,0,0,0,25603,1,25241,0.0,910.0,910.0,0,0,0,0.0,0.0,0.0,True
2021,2,Barclays Bank,Foreign Banks,Foreign,Barclays Bank,False,0,0,0,0,0,0,0,0,0,0.0,0.0,0.0,2065,73,68,5.0,2.0,7.0,True
2021,2,Citi Bank,Foreign Banks,Foreign,Axis Bank,True,2023,47,460,507,0,0,2645784,13901,11052122,792.0,306905.0,307697.0,1656835,1157313,2353778,58668.0,45367.0,104035.0,True
2021,2,DBS Bank,Foreign Banks,Foreign,DBS Bank,False,0,24,22,46,0,0,0,0,0,0.0,0.0,0.0,1063504,742439,1011551,24572.0,10026.0,34598.0,True
2021,2,Deutsche Bank,Foreign Banks,Foreign,Deutsche Bank,False,0,13,19,32,0,0,0,0,0,0.0,0.0,0.0,122618,54626,117804,2982.0,2403.0,5385.0,True
2021,2,HSBC,Foreign Banks,Foreign,HSBC,False,0,46,36,82,0,0,857691,2049,1559796,154.0,59886.0,60040.0,481648,271813,400411,15399.0,9096.0,24495.0,True
2021,2,SBM Bank,Foreign Banks,Foreign,SBM Bank,False,0,5,0,5,0,0,91627,35996,125392,3076.0,5915.0,8991.0,9218,3760,2664,126.0,46.0,172.0,True
2021,2,Standard Chartered Bank,Foreign Banks,Foreign,Standard Chartered Bank,False,0,99,86,185,0,0,1463859,4308,3051449,212.0,87343.0,87555.0,1024725,1096468,1785863,46907.0,33404.0,80311.0,True
2021,2,Airtel Payments Bank,Payment Banks,Payments Bank,Airtel Payments Bank,False,0,0,0,0,0,0,0,0,0,0.0,0.0,0.0,1572165,0,384816,0.0,2420.0,2420.0,True
2021,2,Fino Payments Bank,Payment Banks,Payments Bank,Fino Payments Bank,False,0,0,0,0,0,215151,0,0,0,0.0,0.0,0.0,2145803,620812,159424,18355.0,2072.0,20427.0,True
2021,2,India Post Payments Bank,Payment Banks,Payments Bank,India Post Payments Bank,False,0,0,0,0,0,138592,0,0,0,0.0,0.0,0.0,902539,0,185727,0.0,996.0,996.0,True
2021,2,Jio Payments Bank,Payment Banks,Payments Bank,Jio Payments Bank,False,0,0,0,0,0,0,0,0,0,0.0,0.0,0.0,0,0,0,0.0,0.0,0.0,False
2021,2,NSDL Payments Bank,Payment Banks,Payments Bank,NSDL Payments Bank,False,0,0,0,0,0,1987,0,0,0,0.0,0.0,0.0,126979,1961,21158,64.0,107.0,171.0,True
2021,2,Paytm Payments Bank,Payment Banks,Payments Bank,Paytm Payments Bank,False,0,1,94,95,232845,0,0,0,0,0.0,0.0,0.0,63296303,1635904,2327074,53576.0,19714.0,73290.0,True
2021,2,Atm,Private Sector,Private,Atm,False,0,0,0,0,0,0,0,0,0,0.0,0.0,0.0,0,0,0,0.0,0.0,0.0,False
2021,2,Axis Bank,Private Sector,Private,Axis Bank,False,0,5593,11497,17090,574973,710,7036379,31811,13934547,1571.0,524671.0,526242.0,23682152,21671550,20481362,1264313.0,415912.0,1680225.0,True
2021,2,Bandhan Bank,Private Sector,Private,Bandhan Bank,False,0,485,2,487,34302,0,0,0,0,0.0,0.0,0.0,4495101,2184947,1061195,109653.0,20160.0,129813.0,True
2021,2,CSB Bank,Private Sector,Private,CSB Bank,False,0,265,54,319,0,92,0,0,0,0.0,0.0,0.0,765006,461684,291611,20414.0,4436.0,24850.0,True
2021,2,City Union Bank,Private Sector,Private,City Union Bank,False,0,1076,651,1727,8653,5422,3221,19,2865,1.0,62.0,63.0,2289645,2372528,1115914,117878.0,17591.0,135469.0,True
2021,2,DCB Bank,Private Sector,Private,DCB Bank,False,0,304,130,434,8370,0,5485,335,13985,24.0,361.0,385.0,790985,362795,396609,21307.0,9740.0,31047.0,True
2021,2,Dhanlaxmi Bank,Private Sector,Private,Dhanlaxmi Bank,False,0,205,51,256,1445,0,5930,512,17836,8.0,377.0,385.0,518370,413395,295647,18272.0,4372.0,22644.0,True
2021,2,Federal Bank,Private Sector,Private,Federal Bank,False,0,1498,467,1965,14901,0,0,0,0,0.0,0.0,0.0,8464048,7904055,6003265,380071.0,94119.0,474190.0,True
2021,2,HDFC Bank,Private Sector,Private,HDFC Bank,False,0,6496,8117,14613,880945,2424,15197803,105273,45557518,6649.0,1774602.0,1781251.0,36455346,36083334,41975178,2037771.0,818003.0,2855774.0,True
2021,2,ICICI Bank,Private Sector,Private,ICICI Bank,False,0,8118,8612,16730,597918,4097,10376124,32883,27924432,1450.0,1005567.0,1007017.0,39195525,24764280,27896141,1459202.0,573802.0,2033004.0,True
2021,2,IDFC First Bank,Private Sector,Private,IDFC First Bank,False,0,497,142,639,18040,11330,173601,2534,647836,99.0,23054.0,23153.0,2858871,2554537,1817953,99888.0,23716.0,123604.0,True
2021,2,IndusInd Bank,Private Sector,Private,IndusInd Bank,False,0,1380,1486,2866,131715,259,1506654,14595,3766069,752.0,313830.0,314582.0,6628888,4167026,2715510,191255.0,55562.0,246817.0,True
2021,2,J&K Bank,Private Sector,Private,J&K Bank,False,0,774,609,1383,14036,938,83445,6648,230752,256.0,9781.0,10037.0,3769205,5963021,4626801,289856.0,41135.0,330991.0,True
2021,2,Karnataka Bank,Private Sector,Private,Karnataka Bank,False,0,343,663,1006,11344,0,0,0,0,0.0,0.0,0.0,5112435,4271929,2912983,177853.0,36014.0,213867.0,True
2021,2,Karur Vysya Bank,Private Sector,Private,Karur Vysya Bank,False,0,748,914,1662,11966,0,2615,98,5747,7.0,538.0,545.0,4289624,4985768,2742374,240045.0,49238.0,289283.0,True
2021,2,Kotak Mahindra Bank,Private Sector,Private,Kotak Mahindra Bank,False,0,1324,1254,2578,38704,0,2379210,17698,4338063,826.0,141134.0,141960.0,17401066,7919686,9141095,355475.0,151138.0,506613.0,True
2021,2,Laxmi Vilas Bank,Private Sector,Private,DBS Bank,True,2020,454,521,975,1778,0,0,0,0,0.0,0.0,0.0,1252270,741070,354234,35221.0,6009.0,41230.0,True
2021,2,Payment Banks,Private Sector,Private,Payment Banks,False,0,0,0,0,0,0,0,0,0,0.0,0.0,0.0,0,0,0,0.0,0.0,0.0,False
2021,2,RBL Bank,Private Sector,Private,RBL Bank,False,0,324,87,411,611171,0,2891695,43941,7579294,1541.0,284821.0,286362.0,1227296,613130,519999,28072.0,8539.0,36611.0,True
2021,2,Small Finance Banks,Private Sector,Private,Small Finance Banks,False,0,0,0,0,0,0,0,0,0,0.0,0.0,0.0,0,0,0,0.0,0.0,0.0,False
2021,2,South Indian Bank,Private Sector,Private,South Indian Bank,False,0,828,576,1404,9412,0,0,0,0,0.0,0.0,0.0,3438009,2936049,2274785,127027.0,36114.0,163141.0,True
2021,2,Tamilnad Mercantile Bank,Private Sector,Private,Tamilnad Mercantile Bank,False,0,644,745,1389,4084,0,33277,2110,59047,84.0,2410.0,2494.0,1914569,5188569,691872,174016.0,12611.0,186627.0,True
2021,2,Yes Bank,Private Sector,Private,Yes Bank,False,0,994,324,1318,59536,56,914879,10684,1896616,456.0,70190.0,70646.0,3358596,1997930,1995433,92101.0,37074.0,129175.0,True
2021,2,Bank of Baroda,Public Sector,Public,Bank of Baroda,False,0,8642,2980,11622,49809,24404,594959,8939,1318013,392.0,39299.0,39691.0,64439167,27183389,15037435,1235934.0,232063.0,1467997.0,True
2021,2,Bank of India,Public Sector,Public,Bank of India,False,0,2387,3169,5556,52697,8110,168711,10422,249168,603.0,6738.0,7341.0,41370894,18561227,9433727,707703.0,129776.0,837479.0,True
2021,2,Bank of Maharashtra,Public Sector,Public,Bank of Maharashtra,False,0,1463,443,1906,2809,0,22420,75,11958,4.0,386.0,390.0,9444757,6950012,4268546,286558.0,56443.0,343001.0,True
2021,2,Canara Bank,Public Sector,Public,Canara Bank,False,0,8889,4361,13250,37358,9215,760950,49388,886934,2283.0,22897.0,25180.0,40022204,31138795,17281675,1348151.0,265472.0,1613623.0,True
2021,2,Central Bank of India,Public Sector,Public,Central Bank of India,False,0,2747,900,3647,3969,6411,0,0,0,0.0,0.0,0.0,26382353,10690202,5363829,481845.0,84570.0,566415.0,True
2021,2,IDBI Bank,Public Sector,Public,IDBI Bank,False,0,2213,1178,3391,29186,272,37289,413,100491,22.0,2739.0,2761.0,13206203,7196607,4585185,349478.0,76760.0,426238.0,True
2021,2,Indian Bank,Public Sector,Public,Indian Bank,False,0,4144,687,4831,12274,9112,126691,2950,161389,191.0,4135.0,4326.0,27111866,19139215,9084024,888080.0,131935.0,1020015.0,True
2021,2,Indian Overseas Bank,Public Sector,Public,Indian Overseas Bank,False,0,2714,422,3136,10062,0,60894,503,65681,24.0,1302.0,1326.0,19094090,12605301,5009066,533599.0,78389.0,611988.0,True
2021,2,Punjab & Sind Bank,Public Sector,Public,Punjab & Sind Bank,False,0,1066,30,1096,1056,354,0,0,0,0.0,0.0,0.0,3159054,1466948,922344,64344.0,15414.0,79758.0,True
2021,2,Punjab National Bank,Public Sector,Public,Punjab National Bank,False,0,8683,5166,13849,110584,11265,368836,3381,499974,97.0,12433.0,12530.0,44030524,32501126,15776648,1480166.0,275258.0,1755424.0,True
2021,2,State Bank of India,Public Sector,Public,State Bank of India,False,0,25538,34426,59964,766701,44137,11741211,87491,31265977,3274.0,1056119.0,1059393.0,293115260,183553255,99000491,9083695.0,1652874.0,10736569.0,True
2021,2,UCO Bank,Public Sector,Public,UCO Bank,False,0,2085,204,2289,9391,3568,0,0,0,0.0,0.0,0.0,10014011,6207362,3286458,267853.0,51693.0,319546.0,True
2021,2,Union Bank of India,Public Sector,Public,Union Bank of India,False,0,9165,3815,12980,313952,13115,500463,7553,700523,382.0,18764.0,19146.0,44146120,43976210,17063508,1374072.0,248634.0,1622706.0,True
2021,2,AU Small Finance Bank,Small Finance Banks,Small Finance,AU Small Finance Bank,False,0,340,2,342,0,253,10722,339,30071,12.0,773.0,785.0,1500972,643030,340887,42713.0,8419.0,51132.0,True
2021,2,Capital Small Finance Bank,Small Finance Banks,Small Finance,Capital Small Finance Bank,False,0,158,2,160,0,0,0,0,0,0.0,0.0,0.0,150171,95395,62942,4781.0,1173.0,5954.0,True
2021,2,ESAF Small Finance Bank,Small Finance Banks,Small Finance,ESAF Small Finance Bank,False,0,314,2,316,755,84,0,0,0,0.0,0.0,0.0,3693831,872884,226272,41964.0,2019.0,43983.0,True
2021,2,Equitas Small Finance Bank,Small Finance Banks,Small Finance,Equitas Small Finance Bank,False,0,330,2,332,2028,296,0,0,0,0.0,0.0,0.0,1106576,779713,295790,20384.0,17249.0,37633.0,True
2021,2,Fincare Small Finance Bank,Small Finance Banks,Small Finance,Fincare Small Finance Bank,False,0,108,0,108,0,0,0,0,0,0.0,0.0,0.0,2551717,692365,55994,32900.0,549.0,33449.0,True
2021,2,Jana Small Finance Bank,Small Finance Banks,Small Finance,Jana Small Finance Bank,False,0,131,3,134,0,0,0,0,0,0.0,0.0,0.0,1896462,437018,99394,22586.0,1215.0,23801.0,True
2021,2,North East Small Finance Bank,Small Finance Banks,Small Finance,North East Small Finance Bank,False,0,5,1,6,0,0,0,0,0,0.0,0.0,0.0,240799,30859,17713,1233.0,204.0,1437.0,True
2021,2,Suryoday Small Finance Bank,Small Finance Banks,Small Finance,Suryoday Small Finance Bank,False,0,25,1,26,0,0,0,0,0,0.0,0.0,0.0,207925,81639,31999,3750.0,356.0,4106.0,True
2021,2,Ujjivan Small Finance Bank,Small Finance Banks,Small Finance,Ujjivan Small Finance Bank,False,0,488,3,491,0,0,0,0,0,0.0,0.0,0.0,6068762,2798169,472008,127305.0,6252.0,133557.0,True
2021,2,Utkarsh Small Finance Bank,Small Finance Banks,Small Finance,Utkarsh Small Finance Bank,False,0,168,36,204,0,107,0,0,0,0.0,0.0,0.0,736798,171320,55452,6320.0,673.0,6993.0,True
2021,3,American Express,Foreign Banks,Foreign,American Express,False,0,0,0,0,46689,0,1532327,1428,4632317,114.0,252430.0,252544.0,0,0,0,0.0,0.0,0.0,True
2021,3,Bank of America,Foreign Banks,Foreign,Bank of America,False,0,0,0,0,0,0,25201,0,27801,0.0,897.0,897.0,0,0,0,0.0,0.0,0.0,True
2021,3,Barclays Bank,Foreign Banks,Foreign,Barclays Bank,False,0,0,0,0,0,0,0,0,0,0.0,0.0,0.0,2041,97,95,6.0,3.0,9.0,True
2021,3,Citi Bank,Foreign Banks,Foreign,Axis Bank,True,2023,47,455,502,0,0,2633713,17220,13839372,983.0,398780.0,399763.0,1655770,1430460,2899347,74063.0,59252.0,133315.0,True
2021,3,DBS Bank,Foreign Banks,Foreign,DBS Bank,False,0,26,19,45,0,0,0,0,0,0.0,0.0,0.0,1075279,823028,1110687,27220.0,10871.0,38091.0,True
2021,3,Deutsche Bank,Foreign Banks,Foreign,Deutsche Bank,False,0,13,19,32,0,0,0,0,0,0.0,0.0,0.0,123499,60202,131756,3409.0,2735.0,6144.0,True
2021,3,HSBC,Foreign Banks,Foreign,HSBC,False,0,46,36,82,0,0,859248,2149,1724069,159.0,72657.0,72816.0,483551,303688,438711,17326.0,10337.0,27663.0,True
2021,3,SBM Bank,Foreign Banks,Foreign,SBM Bank,False,0,5,0,5,0,27194,118182,68043,187306,5292.0,8541.0,13833.0,9954,5551,3511,200.0,68.0,268.0,True
2021,3,Standard Chartered Bank,Foreign Banks,Foreign,Standard Chartered Bank,False,0,99,85,184,0,0,1477756,5984,3846981,291.0,116718.0,117009.0,1033706,1172039,1894858,50616.0,37559.0,88175.0,True
2021,3,Airtel Payments Bank,Payment Banks,Payments Bank,Airtel Payments Bank,False,0,0,0,0,0,0,0,0,0,0.0,0.0,0.0,1725816,0,405225,0.0,3248.0,3248.0,True
2021,3,Fino Payments Bank,Payment Banks,Payments Bank,Fino Payments Bank,False,0,0,0,0,0,221502,0,0,0,0.0,0.0,0.0,2266575,759091,188323,22607.0,2641.0,25248.0,True
2021,3,India Post Payments Bank,Payment Banks,Payments Bank,India Post Payments Bank,False,0,0,0,0,0,138592,0,0,0,0.0,0.0,0.0,1112166,0,235098,0.0,1501.0,1501.0,True
2021,3,Jio Payments Bank,Payment Banks,Payments Bank,Jio Payments Bank,False,0,0,0,0,0,0,0,0,0,0.0,0.0,0.0,0,0,0,0.0,0.0,0.0,False
2021,3,NSDL Payments Bank,Payment Banks,Payments Bank,NSDL Payments Bank,False,0,0,0,0,0,2684,0,0,0,0.0,0.0,0.0,136037,2388,21881,82.0,104.0,186.0,True
2021,3,Paytm Payments Bank,Payment Banks,Payments Bank,Paytm Payments Bank,False,0,1,111,112,242467,0,0,0,0,0.0,0.0,0.0,63779943,1771949,2531827,57085.0,22190.0,79275.0,True
2021,3,Atm,Private Sector,Private,Atm,False,0,0,0,0,0,0,0,0,0,0.0,0.0,0.0,0,0,0,0.0,0.0,0.0,False
2021,3,Axis Bank,Private Sector,Private,Axis Bank,False,0,5598,11445,17043,603046,710,7145409,40238,17572279,2008.0,661083.0,663091.0,23830173,23475341,21952687,1374915.0,471795.0,1846710.0,True
2021,3,Bandhan Bank,Private Sector,Private,Bandhan Bank,False,0,485,2,487,34537,0,0,0,0,0.0,0.0,0.0,4510769,2443375,1183896,125307.0,23728.0,149035.0,True
2021,3,CSB Bank,Private Sector,Private,CSB Bank,False,0,264,54,318,0,306,0,0,0,0.0,0.0,0.0,768378,522174,327916,23659.0,5123.0,28782.0,True
2021,3,City Union Bank,Private Sector,Private,City Union Bank,False,0,1079,645,1724,8525,6313,3119,14,3265,1.0,70.0,71.0,2312177,2681535,1210353,134665.0,20231.0,154896.0,True
2021,3,DCB Bank,Private Sector,Private,DCB Bank,False,0,308,102,410,8425,0,5351,353,15348,23.0,389.0,412.0,795473,393336,420582,23141.0,10366.0,33507.0,True
2021,3,Dhanlaxmi Bank,Private Sector,Private,Dhanlaxmi Bank,False,0,206,51,257,1466,0,6042,603,20574,8.0,486.0,494.0,510411,459526,330457,20381.0,5030.0,25411.0,True
2021,3,Federal Bank,Private Sector,Private,Federal Bank,False,0,1495,462,1957,15398,0,0,0,0,0.0,0.0,0.0,8519448,8831877,6790236,431049.0,109341.0,540390.0,True
2021,3,HDFC Bank,Private Sector,Private,HDFC Bank,False,0,6552,8227,14779,892977,2435,14985844,114450,51962054,7414.0,2106608.0,2114022.0,36695799,39465737,45627609,2257708.0,964376.0,3222084.0,True
2021,3,ICICI Bank,Private Sector,Private,ICICI Bank,False,0,8161,8642,16803,621027,4080,10584421,37228,31266193,1649.0,1195526.0,1197175.0,39001364,26980460,29575549,1617115.0,645718.0,2262833.0,True
2021,3,IDFC First Bank,Private Sector,Private,IDFC First Bank,False,0,507,170,677,19524,11185,232552,3615,1011254,153.0,38280.0,38433.0,2935878,2753029,1986423,114302.0,27502.0,141804.0,True
2021,3,IndusInd Bank,Private Sector,Private,IndusInd Bank,False,0,1393,1479,2872,133241,259,1528137,16464,4355296,844.0,335530.0,336374.0,6757028,4319160,3001657,217937.0,61508.0,279445.0,True
2021,3,J&K Bank,Private Sector,Private,J&K Bank,False,0,820,612,1432,13191,939,84828,7470,253912,284.0,11185.0,11469.0,3811693,6711472,4888910,333215.0,42884.0,376099.0,True
2021,3,Karnataka Bank,Private Sector,Private,Karnataka Bank,False,0,341,660,1001,9826,0,0,0,0,0.0,0.0,0.0,5156237,4706273,3124420,197900.0,39931.0,237831.0,True
2021,3,Karur Vysya Bank,Private Sector,Private,Karur Vysya Bank,False,0,1292,944,2236,11828,0,2611,90,6758,6.0,779.0,785.0,4333828,5566610,3031426,270318.0,57542.0,327860.0,True
2021,3,Kotak Mahindra Bank,Private Sector,Private,Kotak Mahindra Bank,False,0,1325,1273,2598,39493,0,2409874,17850,5024732,828.0,163907.0,164735.0,17816629,8684720,9883267,392349.0,168177.0,560526.0,True
2021,3,Laxmi Vilas Bank,Private Sector,Private,DBS Bank,True,2020,454,521,975,1726,0,0,0,0,0.0,0.0,0.0,1232878,860184,407874,41109.0,7038.0,48147.0,True
2021,3,RBL Bank,Private Sector,Private,RBL Bank,False,0,325,87,412,627459,0,2961742,48371,8748798,1683.0,340953.0,342636.0,1252276,672100,569873,31132.0,9854.0,40986.0,True
2021,3,South Indian Bank,Private Sector,Private,South Indian Bank,False,0,824,491,1315,9580,0,0,0,0,0.0,0.0,0.0,3467124,3308090,2574236,144873.0,41933.0,186806.0,True
2021,3,Tamilnad Mercantile Bank,Private Sector,Private,Tamilnad Mercantile Bank,False,0,644,748,1392,4084,0,33411,2389,64527,97.0,2738.0,2835.0,1923827,5188588,675656,237363.0,12448.0,249811.0,True
2021,3,Yes Bank,Private Sector,Private,Yes Bank,False,0,995,298,1293,54600,72,946628,12968,2315308,551.0,73698.0,74249.0,3427154,2195162,2144848,105084.0,40607.0,145691.0,True
2021,3,Bank of Baroda,Public Sector,Public,Bank of Baroda,False,0,8663,2970,11633,49485,24838,644537,10851,1497310,481.0,46201.0,46682.0,65399342,30255295,16591322,1392123.0,265901.0,1658024.0,True
2021,3,Bank of India,Public Sector,Public,Bank of India,False,0,2388,3163,5551,53300,8204,169025,10899,281147,629.0,7735.0,8364.0,41707777,20538535,10085955,790688.0,143548.0,934236.0,True
2021,3,Bank of Maharashtra,Public Sector,Public,Bank of Maharashtra,False,0,1505,445,1950,2930,0,44250,248,28542,13.0,1189.0,1202.0,9638962,7317619,4626509,309013.0,61941.0,370954.0,True
2021,3,Canara Bank,Public Sector,Public,Canara Bank,False,0,9128,4324,13452,37387,9128,772849,55148,988634,2496.0,26210.0,28706.0,40882576,34184823,19177751,1498999.0,312015.0,1811014.0,True
2021,3,Central Bank of India,Public Sector,Public,Central Bank of India,False,0,2746,898,3644,4016,6466,0,0,0,0.0,0.0,0.0,26549122,11781678,5875286,537278.0,97024.0,634302.0,True
2021,3,IDBI Bank,Public Sector,Public,IDBI Bank,False,0,2214,1174,3388,29154,272,37627,446,120631,25.0,3413.0,3438.0,13239650,7943073,4937709,391557.0,84765.0,476322.0,True
2021,3,Indian Bank,Public Sector,Public,Indian Bank,False,0,4239,686,4925,12084,9161,133374,4871,188189,314.0,5343.0,5657.0,25267189,21792510,10426604,1016731.0,162069.0,1178800.0,True
2021,3,Indian Overseas Bank,Public Sector,Public,Indian Overseas Bank,False,0,2720,425,3145,10194,0,61119,654,72731,30.0,1475.0,1505.0,19212964,14125093,5474832,597612.0,89775.0,687387.0,True
2021,3,Punjab & Sind Bank,Public Sector,Public,Punjab & Sind Bank,False,0,1067,30,1097,1087,354,0,0,0,0.0,0.0,0.0,3198027,1626503,1100661,70831.0,18044.0,88875.0,True
2021,3,Punjab National Bank,Public Sector,Public,Punjab National Bank,False,0,8610,5171,13781,48246,11265,305763,4190,604927,130.0,15574.0,15704.0,44403060,32971370,17500829,1587423.0,307848.0,1895271.0,True
2021,3,State Bank of India,Public Sector,Public,State Bank of India,False,0,25706,36911,62617,747205,44695,11821564,99770,37330306,3760.0,1323870.0,1327630.0,293312845,199451541,107968170,9788052.0,1842584.0,11630636.0,True
2021,3,UCO Bank,Public Sector,Public,UCO Bank,False,0,2146,215,2361,9419,3568,0,0,0,0.0,0.0,0.0,10128240,6823118,3594753,296205.0,58064.0,354269.0,True
2021,3,Union Bank of India,Public Sector,Public,Union Bank of India,False,0,9089,3868,12957,313420,8019,471266,8013,697821,388.0,18645.0,19033.0,44151937,48353308,18607692,1495987.0,281904.0,1777891.0,True
2021,3,AU Small Finance Bank,Small Finance Banks,Small Finance,AU Small Finance Bank,False,0,341,2,343,0,256,11317,298,38201,12.0,967.0,979.0,1513022,724579,374074,48792.0,9353.0,58145.0,True
2021,3,Capital Small Finance Bank,Small Finance Banks,Small Finance,Capital Small Finance Bank,False,0,158,2,160,0,0,0,0,0,0.0,0.0,0.0,152910,107717,70115,5444.0,1364.0,6808.0,True
2021,3,ESAF Small Finance Bank,Small Finance Banks,Small Finance,ESAF Small Finance Bank,False,0,317,2,319,782,155,0,0,0,0.0,0.0,0.0,3689813,1000702,265710,49689.0,2406.0,52095.0,True
2021,3,Equitas Small Finance Bank,Small Finance Banks,Small Finance,Equitas Small Finance Bank,False,0,330,2,332,2259,296,0,0,0,0.0,0.0,0.0,1164678,879782,348001,23450.0,16824.0,40274.0,True
2021,3,Fincare Small Finance Bank,Small Finance Banks,Small Finance,Fincare Small Finance Bank,False,0,108,0,108,0,0,0,0,0,0.0,0.0,0.0,2620147,835300,60333,42184.0,559.0,42743.0,True
2021,3,Jana Small Finance Bank,Small Finance Banks,Small Finance,Jana Small Finance Bank,False,0,132,3,135,0,0,0,0,0,0.0,0.0,0.0,1977661,470812,112357,24240.0,1472.0,25712.0,True
2021,3,North East Small Finance Bank,Small Finance Banks,Small Finance,North East Small Finance Bank,False,0,6,1,7,0,0,0,0,0,0.0,0.0,0.0,243693,36361,19152,1504.0,222.0,1726.0,True
2021,3,Suryoday Small Finance Bank,Small Finance Banks,Small Finance,Suryoday Small Finance Bank,False,0,25,1,26,0,0,0,0,0,0.0,0.0,0.0,242447,125443,37235,6484.0,445.0,6929.0,True
2021,3,Ujjivan Small Finance Bank,Small Finance Banks,Small Finance,Ujjivan Small Finance Bank,False,0,488,3,491,0,0,0,0,0,0.0,0.0,0.0,6218154,3121133,545170,136137.0,7363.0,143500.0,True
2021,3,Utkarsh Small Finance Bank,Small Finance Banks,Small Finance,Utkarsh Small Finance Bank,False,0,174,36,210,0,107,0,0,0,0.0,0.0,0.0,824699,174471,64375,6990.0,805.0,7795.0,True
2021,4,American Express,Foreign Banks,Foreign,American Express,False,0,0,0,0,44814,0,1510711,1215,4007553,98.0,187488.0,187586.0,0,0,0,0.0,0.0,0.0,True
2021,4,Bank of America,Foreign Banks,Foreign,Bank of America,False,0,0,0,0,0,0,24955,0,12901,0.0,459.0,459.0,0,0,0,0.0,0.0,0.0,True
2021,4,Barclays Bank,Foreign Banks,Foreign,Barclays Bank,False,0,0,0,0,0,0,0,0,0,0.0,0.0,0.0,2047,49,53,4.0,4.0,8.0,True
2021,4,Citi Bank,Foreign Banks,Foreign,Axis Bank,True,2023,47,454,501,0,0,2621899,12347,10919097,730.0,305196.0,305926.0,1648634,1102545,2270696,59266.0,48407.0,107673.0,True
2021,4,DBS Bank,Foreign Banks,Foreign,DBS Bank,False,0,26,19,45,0,0,0,0,0,0.0,0.0,0.0,1082677,730046,903132,24944.0,9393.0,34337.0,True
2021,4,Deutsche Bank,Foreign Banks,Foreign,Deutsche Bank,False,0,13,19,32,0,0,0,0,0,0.0,0.0,0.0,123638,48970,102166,2849.0,2059.0,4908.0,True
2021,4,HSBC,Foreign Banks,Foreign,HSBC,False,0,46,35,81,0,0,857437,1626,1487995,125.0,56191.0,56316.0,485644,239587,350778,14837.0,8640.0,23477.0,True
2021,4,SBM Bank,Foreign Banks,Foreign,SBM Bank,False,0,5,0,5,0,30457,122605,54073,182790,3745.0,8980.0,12725.0,10778,4239,2915,157.0,79.0,236.0,True
2021,4,Standard Chartered Bank,Foreign Banks,Foreign,Standard Chartered Bank,False,0,99,86,185,0,0,1473401,4173,3009589,222.0,92625.0,92847.0,1040495,1000165,1541692,45191.0,28709.0,73900.0,True
2021,4,Airtel Payments Bank,Payment Banks,Payments Bank,Airtel Payments Bank,False,0,0,0,0,0,0,0,0,0,0.0,0.0,0.0,1639004,0,331707,0.0,3024.0,3024.0,True
2021,4,Fino Payments Bank,Payment Banks,Payments Bank,Fino Payments Bank,False,0,0,0,0,0,225950,0,0,0,0.0,0.0,0.0,2348936,675213,163205,20546.0,2374.0,22920.0,True
2021,4,India Post Payments Bank,Payment Banks,Payments Bank,India Post Payments Bank,False,0,0,0,0,0,137104,0,0,0,0.0,0.0,0.0,1275898,0,256897,0.0,1282.0,1282.0,True
2021,4,Jio Payments Bank,Payment Banks,Payments Bank,Jio Payments Bank,False,0,0,0,0,0,0,0,0,0,0.0,0.0,0.0,0,0,0,0.0,0.0,0.0,False
2021,4,NSDL Payments Bank,Payment Banks,Payments Bank,NSDL Payments Bank,False,0,0,0,0,0,3480,0,0,0,0.0,0.0,0.0,144169,1348,21970,51.0,96.0,147.0,True
2021,4,Paytm Payments Bank,Payment Banks,Payments Bank,Paytm Payments Bank,False,0,1,128,129,246115,0,0,0,0,0.0,0.0,0.0,64200170,1494614,1953367,50971.0,17154.0,68125.0,True
2021,4,Atm,Private Sector,Private,Atm,False,0,0,0,0,0,0,0,0,0,0.0,0.0,0.0,0,0,0,0.0,0.0,0.0,False
2021,4,Axis Bank,Private Sector,Private,Axis Bank,False,0,5613,11412,17025,652026,710,7201899,33641,14526494,1700.0,520277.0,521977.0,23918742,20470031,18310289,1224795.0,383457.0,1608252.0,True
2021,4,Bandhan Bank,Private Sector,Private,Bandhan Bank,False,0,485,2,487,34634,0,0,0,0,0.0,0.0,0.0,4575436,2212822,1053004,114739.0,20564.0,135303.0,True
2021,4,CSB Bank,Private Sector,Private,CSB Bank,False,0,266,54,320,0,420,0,0,0,0.0,0.0,0.0,771914,442734,283907,20292.0,4418.0,24710.0,True
2021,4,City Union Bank,Private Sector,Private,City Union Bank,False,0,1077,645,1722,8509,7059,2898,21,2885,1.0,61.0,62.0,2316212,2413045,1127172,121001.0,17859.0,138860.0,True
2021,4,DCB Bank,Private Sector,Private,DCB Bank,False,0,311,102,413,8450,0,5256,299,12485,21.0,311.0,332.0,798401,327642,341702,19541.0,8831.0,28372.0,True
2021,4,Dhanlaxmi Bank,Private Sector,Private,Dhanlaxmi Bank,False,0,207,50,257,1470,0,6006,495,18444,8.0,375.0,383.0,508979,362548,283076,16411.0,4347.0,20758.0,True
2021,4,Federal Bank,Private Sector,Private,Federal Bank,False,0,1500,461,1961,15501,0,0,0,0,0.0,0.0,0.0,8544630,7720829,5862177,382186.0,95055.0,477241.0,True
2021,4,HDFC Bank,Private Sector,Private,HDFC Bank,False,0,6608,8277,14885,851100,2458,14919419,92174,42205783,6135.0,1684588.0,1690723.0,37041375,34317233,38023282,2008331.0,764959.0,2773290.0,True
2021,4,ICICI Bank,Private Sector,Private,ICICI Bank,False,0,8193,8639,16832,621429,4079,10726990,29174,27560010,1353.0,1046643.0,1047996.0,39073158,22816102,24236391,1398042.0,523527.0,1921569.0,True
2021,4,IDFC First Bank,Private Sector,Private,IDFC First Bank,False,0,509,184,693,19666,11164,294775,3637,1037180,158.0,42279.0,42437.0,3003620,2398579,1670809,102822.0,22961.0,125783.0,True
2021,4,IndusInd Bank,Private Sector,Private,IndusInd Bank,False,0,1401,1478,2879,145196,259,1547554,13591,3590230,703.0,244031.0,244734.0,6769736,3274933,2606410,191415.0,53283.0,244698.0,True
2021,4,J&K Bank,Private Sector,Private,J&K Bank,False,0,821,612,1433,13148,939,85324,12095,216297,464.0,10050.0,10514.0,3830324,6115777,4662296,320746.0,37515.0,358261.0,True
2021,4,Karnataka Bank,Private Sector,Private,Karnataka Bank,False,0,338,642,980,9947,0,0,0,0,0.0,0.0,0.0,5178841,4061511,2734906,172811.0,34173.0,206984.0,True
2021,4,Karur Vysya Bank,Private Sector,Private,Karur Vysya Bank,False,0,1294,945,2239,11700,0,2577,99,8498,6.0,620.0,626.0,4286165,4947316,2549427,239645.0,47053.0,286698.0,True
2021,4,Kotak Mahindra Bank,Private Sector,Private,Kotak Mahindra Bank,False,0,1325,1269,2594,39371,0,2306505,20180,4250567,935.0,139655.0,140590.0,18078888,7499675,8389450,340454.0,139712.0,480166.0,True
2021,4,Laxmi Vilas Bank,Private Sector,Private,DBS Bank,True,2020,454,521,975,1672,127,0,0,0,0.0,0.0,0.0,1247299,728933,359632,34993.0,6052.0,41045.0,True
2021,4,Payment Banks,Private Sector,Private,Payment Banks,False,0,0,0,0,0,0,0,0,0,0.0,0.0,0.0,0,0,0,0.0,0.0,0.0,False
2021,4,RBL Bank,Private Sector,Private,RBL Bank,False,0,329,81,410,411385,0,3005473,41769,7299711,1389.0,290435.0,291824.0,1262843,569920,463887,26824.0,7756.0,34580.0,True
2021,4,Small Finance Banks,Private Sector,Private,Small Finance Banks,False,0,0,0,0,0,0,0,0,0,0.0,0.0,0.0,0,0,0,0.0,0.0,0.0,False
2021,4,South Indian Bank,Private Sector,Private,South Indian Bank,False,0,850,447,1297,9523,0,0,0,0,0.0,0.0,0.0,3439018,2845127,2202646,126786.0,36550.0,163336.0,True
2021,4,Tamilnad Mercantile Bank,Private Sector,Private,Tamilnad Mercantile Bank,False,0,644,745,1389,3989,0,33484,1750,57574,76.0,2327.0,2403.0,1919051,5031087,641710,224298.0,11958.0,236256.0,True
2021,4,Yes Bank,Private Sector,Private,Yes Bank,False,0,996,264,1260,54543,72,963196,11600,1850802,488.0,57078.0,57566.0,3472619,1890282,1794424,92328.0,33571.0,125899.0,True
2021,4,Bank of Baroda,Public Sector,Public,Bank of Baroda,False,0,8526,3097,11623,49190,23236,613316,9879,1325425,437.0,41405.0,41842.0,65687593,25678038,13524924,1215506.0,213376.0,1428882.0,True
2021,4,Bank of India,Public Sector,Public,Bank of India,False,0,2380,3123,5503,52854,8218,168232,9655,237240,557.0,6182.0,6739.0,41925608,17278728,8402663,686110.0,116793.0,802903.0,True
2021,4,Bank of Maharashtra,Public Sector,Public,Bank of Maharashtra,False,0,1525,449,1974,2939,0,44906,331,27849,16.0,1046.0,1062.0,9721563,5676403,3657180,249293.0,47865.0,297158.0,True
2021,4,Canara Bank,Public Sector,Public,Canara Bank,False,0,9185,4339,13524,37068,9087,770790,55288,1014885,2498.0,24866.0,27364.0,41246771,29286699,16212780,1310588.0,259703.0,1570291.0,True
2021,4,Central Bank of India,Public Sector,Public,Central Bank of India,False,0,2731,896,3627,4009,6511,0,0,0,0.0,0.0,0.0,26655300,9773387,4793100,465565.0,78315.0,543880.0,True
2021,4,IDBI Bank,Public Sector,Public,IDBI Bank,False,0,2214,1174,3388,28562,272,37622,363,98621,18.0,2723.0,2741.0,13125529,6665808,3993827,332243.0,68172.0,400415.0,True
2021,4,Indian Bank,Public Sector,Public,Indian Bank,False,0,4284,671,4955,11703,9172,133736,4520,177628,279.0,4701.0,4980.0,24321610,18969889,9342177,890790.0,135352.0,1026142.0,True
2021,4,Indian Overseas Bank,Public Sector,Public,Indian Overseas Bank,False,0,2720,425,3145,10286,0,61133,496,65445,23.0,1265.0,1288.0,19294760,12407775,4879811,533881.0,77216.0,611097.0,True
2021,4,Punjab & Sind Bank,Public Sector,Public,Punjab & Sind Bank,False,0,1069,29,1098,1092,354,0,0,0,0.0,0.0,0.0,3219134,1414645,898100,63097.0,15263.0,78360.0,True
2021,4,Punjab National Bank,Public Sector,Public,Punjab National Bank,False,0,8579,5171,13750,47934,11265,309234,3463,512933,106.0,12293.0,12399.0,44564103,28712440,14219598,1424561.0,250304.0,1674865.0,True
2021,4,State Bank of India,Public Sector,Public,State Bank of India,False,0,25859,37696,63555,745933,46314,11927267,83884,31158736,3186.0,1102973.0,1106159.0,293368754,179109030,96117511,9129494.0,1617692.0,10747186.0,True
2021,4,UCO Bank,Public Sector,Public,UCO Bank,False,0,2146,215,2361,9363,3568,0,0,0,0.0,0.0,0.0,10199368,6039635,3179814,269471.0,50425.0,319896.0,True
2021,4,Union Bank of India,Public Sector,Public,Union Bank of India,False,0,9013,3776,12789,317067,8019,469195,7704,624715,352.0,17054.0,17406.0,44428800,40835269,16174820,1289448.0,242518.0,1531966.0,True
2021,4,AU Small Finance Bank,Small Finance Banks,Small Finance,AU Small Finance Bank,False,0,342,2,344,0,257,12625,235,30816,10.0,729.0,739.0,1511942,589205,294161,40206.0,7163.0,47369.0,True
2021,4,Capital Small Finance Bank,Small Finance Banks,Small Finance,Capital Small Finance Bank,False,0,159,2,161,0,0,0,0,0,0.0,0.0,0.0,155393,101659,66003,5173.0,1297.0,6470.0,True
2021,4,ESAF Small Finance Bank,Small Finance Banks,Small Finance,ESAF Small Finance Bank,False,0,320,2,322,0,157,0,0,0,0.0,0.0,0.0,3714857,675000,229364,30033.0,2121.0,32154.0,True
2021,4,Equitas Small Finance Bank,Small Finance Banks,Small Finance,Equitas Small Finance Bank,False,0,331,2,333,2536,301,0,0,0,0.0,0.0,0.0,1051741,457633,323665,16361.0,6753.0,23114.0,True
2021,4,Fincare Small Finance Bank,Small Finance Banks,Small Finance,Fincare Small Finance Bank,False,0,108,0,108,0,0,0,0,0,0.0,0.0,0.0,2622099,606434,75890,27281.0,690.0,27971.0,True
2021,4,Jana Small Finance Bank,Small Finance Banks,Small Finance,Jana Small Finance Bank,False,0,132,3,135,0,0,0,0,0,0.0,0.0,0.0,2008905,245689,71325,11998.0,894.0,12892.0,True
2021,4,North East Small Finance Bank,Small Finance Banks,Small Finance,North East Small Finance Bank,False,0,6,1,7,0,0,0,0,0,0.0,0.0,0.0,246380,34381,17578,1434.0,209.0,1643.0,True
2021,4,Suryoday Small Finance Bank,Small Finance Banks,Small Finance,Suryoday Small Finance Bank,False,0,25,1,26,0,0,0,0,0,0.0,0.0,0.0,258160,93543,31503,4276.0,357.0,4633.0,True
2021,4,Ujjivan Small Finance Bank,Small Finance Banks,Small Finance,Ujjivan Small Finance Bank,False,0,488,3,491,0,0,0,0,0,0.0,0.0,0.0,6279313,2391470,468576,95461.0,5930.0,101391.0,True
2021,4,Utkarsh Small Finance Bank,Small Finance Banks,Small Finance,Utkarsh Small Finance Bank,False,0,175,36,211,0,107,0,0,0,0.0,0.0,0.0,853468,144152,55904,5688.0,649.0,6337.0,True
2021,5,American Express,Foreign Banks,Foreign,American Express,False,0,0,0,0,44871,0,1494955,824,3792834,69.0,155379.0,155448.0,0,0,0,0.0,0.0,0.0,True
2021,5,Bank of America,Foreign Banks,Foreign,Bank of America,False,0,0,0,0,0,0,24632,0,5879,0.0,438.0,438.0,0,0,0,0.0,0.0,0.0,True
2021,5,Barclays Bank,Foreign Banks,Foreign,Barclays Bank,False,0,0,0,0,0,0,0,0,0,0.0,0.0,0.0,2051,14,42,1.0,2.0,3.0,True
2021,5,Citi Bank,Foreign Banks,Foreign,Axis Bank,True,2023,47,453,500,0,0,2611076,8749,9207668,536.0,258600.0,259136.0,1646246,755770,1801830,40168.0,38954.0,79122.0,True
2021,5,DBS Bank,Foreign Banks,Foreign,DBS Bank,False,0,26,17,43,0,0,0,0,0,0.0,0.0,0.0,1080142,567929,661209,19375.0,7368.0,26743.0,True
2021,5,Deutsche Bank,Foreign Banks,Foreign,Deutsche Bank,False,0,13,19,32,0,0,0,0,0,0.0,0.0,0.0,124276,33783,80547,2003.0,1565.0,3568.0,True
2021,5,HSBC,Foreign Banks,Foreign,HSBC,False,0,46,35,81,0,0,854339,1240,1311964,103.0,50396.0,50499.0,491603,186841,285085,10440.0,6383.0,16823.0,True
2021,5,SBM Bank,Foreign Banks,Foreign,SBM Bank,False,0,5,0,5,0,35709,136267,33874,186390,2311.0,9644.0,11955.0,10923,3020,2436,110.0,19.0,129.0,True
2021,5,Standard Chartered Bank,Foreign Banks,Foreign,Standard Chartered Bank,False,0,98,86,184,0,0,1454013,2406,2592507,142.0,80254.0,80396.0,1044933,736095,1192695,34228.0,20923.0,55151.0,True
2021,5,Airtel Payments Bank,Payment Banks,Payments Bank,Airtel Payments Bank,False,0,0,0,0,0,0,0,0,0,0.0,0.0,0.0,1543119,0,294325,0.0,2971.0,2971.0,True
2021,5,Fino Payments Bank,Payment Banks,Payments Bank,Fino Payments Bank,False,0,0,0,0,0,229797,0,0,0,0.0,0.0,0.0,2434752,631382,134174,19587.0,2184.0,21771.0,True
2021,5,India Post Payments Bank,Payment Banks,Payments Bank,India Post Payments Bank,False,0,0,0,0,0,137104,0,0,0,0.0,0.0,0.0,1441767,0,227443,0.0,1238.0,1238.0,True
2021,5,Jio Payments Bank,Payment Banks,Payments Bank,Jio Payments Bank,False,0,0,0,0,0,0,0,0,0,0.0,0.0,0.0,0,0,0,0.0,0.0,0.0,False
2021,5,NSDL Payments Bank,Payment Banks,Payments Bank,NSDL Payments Bank,False,0,0,0,0,0,3996,0,0,0,0.0,0.0,0.0,154472,1044,18401,42.0,81.0,123.0,True
2021,5,Paytm Payments Bank,Payment Banks,Payments Bank,Paytm Payments Bank,False,0,1,128,129,246806,0,0,0,0,0.0,0.0,0.0,64545128,1208401,1578110,43251.0,15821.0,59072.0,True
2021,5,Atm,Private Sector,Private,Atm,False,0,0,0,0,0,0,0,0,0,0.0,0.0,0.0,0,0,0,0.0,0.0,0.0,False
2021,5,Axis Bank,Private Sector,Private,Axis Bank,False,0,5614,11278,16892,667318,710,7127964,25773,12126796,1313.0,434493.0,435806.0,24042375,16106772,14485236,961213.0,304703.0,1265916.0,True
2021,5,Bandhan Bank,Private Sector,Private,Bandhan Bank,False,0,485,2,487,34686,0,0,0,0,0.0,0.0,0.0,4633385,1745184,873464,87897.0,15696.0,103593.0,True
2021,5,CSB Bank,Private Sector,Private,CSB Bank,False,0,267,53,320,0,487,0,0,0,0.0,0.0,0.0,774736,281795,182499,12602.0,2572.0,15174.0,True
2021,5,City Union Bank,Private Sector,Private,City Union Bank,False,0,1078,645,1723,8485,7719,2885,13,1675,1.0,39.0,40.0,2292834,1710841,800315,84737.0,12370.0,97107.0,True
2021,5,DCB Bank,Private Sector,Private,DCB Bank,False,0,311,102,413,8463,0,5121,266,10427,19.0,267.0,286.0,801168,307872,363185,17239.0,7709.0,24948.0,True
2021,5,Dhanlaxmi Bank,Private Sector,Private,Dhanlaxmi Bank,False,0,208,50,258,1469,0,5917,465,13859,7.0,255.0,262.0,504103,278024,192365,13501.0,2634.0,16135.0,True
2021,5,Federal Bank,Private Sector,Private,Federal Bank,False,0,1500,451,1951,15495,0,10919,28,9952,0.0,230.0,230.0,8528732,5016436,3690398,244836.0,56329.0,301165.0,True
2021,5,HDFC Bank,Private Sector,Private,HDFC Bank,False,0,6611,8286,14897,814398,2472,14858375,68820,35259377,4667.0,1479286.0,1483953.0,37259604,27399492,29852352,1600808.0,616769.0,2217577.0,True
2021,5,ICICI Bank,Private Sector,Private,ICICI Bank,False,0,8199,8636,16835,625484,4069,10873007,21093,24482016,1017.0,951746.0,952763.0,39120487,17562903,18977534,1062991.0,420095.0,1483086.0,True
2021,5,IDFC First Bank,Private Sector,Private,IDFC First Bank,False,0,510,188,698,19376,11020,348395,3761,1018949,172.0,46526.0,46698.0,3038754,2021795,1249748,87632.0,18463.0,106095.0,True
2021,5,IndusInd Bank,Private Sector,Private,IndusInd Bank,False,0,1403,1471,2874,148102,259,1561346,10475,2992693,553.0,185018.0,185571.0,6291824,3085695,2076712,153275.0,43316.0,196591.0,True
2021,5,J&K Bank,Private Sector,Private,J&K Bank,False,0,821,612,1433,13005,939,84854,5150,177044,213.0,7286.0,7499.0,3834537,4629958,4323783,263173.0,27834.0,291007.0,True
2021,5,Karnataka Bank,Private Sector,Private,Karnataka Bank,False,0,784,675,1459,9629,0,0,0,0,0.0,0.0,0.0,5090626,2947466,1961947,125681.0,22498.0,148179.0,True
2021,5,Karur Vysya Bank,Private Sector,Private,Karur Vysya Bank,False,0,1297,944,2241,11642,0,2523,62,6268,4.0,568.0,572.0,4291446,3485908,1782604,166401.0,33712.0,200113.0,True
2021,5,Kotak Mahindra Bank,Private Sector,Private,Kotak Mahindra Bank,False,0,1324,1269,2593,39318,0,2314271,17814,3748221,831.0,129220.0,130051.0,18311296,6233916,7055203,273283.0,120310.0,393593.0,True
2021,5,Laxmi Vilas Bank,Private Sector,Private,DBS Bank,True,2020,454,521,975,1591,126,0,0,0,0.0,0.0,0.0,1244604,544459,257150,25623.0,4240.0,29863.0,True
2021,5,Payment Banks,Private Sector,Private,Payment Banks,False,0,0,0,0,0,0,0,0,0,0.0,0.0,0.0,0,0,0,0.0,0.0,0.0,False
2021,5,RBL Bank,Private Sector,Private,RBL Bank,False,0,330,58,388,426592,0,3032670,34920,6241026,1094.0,266804.0,267898.0,1235285,469375,374145,21642.0,6216.0,27858.0,True
2021,5,Small Finance Banks,Private Sector,Private,Small Finance Banks,False,0,0,0,0,0,0,0,0,0,0.0,0.0,0.0,0,0,0,0.0,0.0,0.0,False
2021,5,South Indian Bank,Private Sector,Private,South Indian Bank,False,0,850,447,1297,9771,0,0,0,0,0.0,0.0,0.0,3446321,1800594,1359320,78496.0,21114.0,99610.0,True
2021,5,Tamilnad Mercantile Bank,Private Sector,Private,Tamilnad Mercantile Bank,False,0,473,683,1156,3998,0,33277,1587,41922,66.0,1725.0,1791.0,1928223,3796187,453749,168835.0,7791.0,176626.0,True
2021,5,Yes Bank,Private Sector,Private,Yes Bank,False,0,996,264,1260,54651,72,967351,8880,1544275,388.0,50801.0,51189.0,3499248,1558429,1467967,74293.0,27606.0,101899.0,True
2021,5,Bank of Baroda,Public Sector,Public,Bank of Baroda,False,0,8546,3074,11620,48568,23416,616026,7421,1194603,341.0,36666.0,37007.0,65914274,21769554,11485452,1013327.0,173707.0,1187034.0,True
2021,5,Bank of India,Public Sector,Public,Bank of India,False,0,2380,3123,5503,52328,8689,167116,8597,200649,511.0,5069.0,5580.0,42018775,14840078,6995528,587227.0,90909.0,678136.0,True
2021,5,Bank of Maharashtra,Public Sector,Public,Bank of Maharashtra,False,0,1533,448,1981,2916,0,51392,273,25614,15.0,953.0,968.0,9742149,5338646,3418055,233100.0,44997.0,278097.0,True
2021,5,Canara Bank,Public Sector,Public,Canara Bank,False,0,8924,4334,13258,37048,9070,767799,29550,623793,1341.0,13966.0,15307.0,41474851,22622370,12667664,1018933.0,187704.0,1206637.0,True
2021,5,Central Bank of India,Public Sector,Public,Central Bank of India,False,0,2731,896,3627,3976,6511,0,0,0,0.0,0.0,0.0,26695096,8101796,3982647,388381.0,61989.0,450370.0,True
2021,5,IDBI Bank,Public Sector,Public,IDBI Bank,False,0,2214,1171,3385,28414,269,37514,284,80987,17.0,2136.0,2153.0,13080800,5527446,3133680,271626.0,52446.0,324072.0,True
2021,5,Indian Bank,Public Sector,Public,Indian Bank,False,0,4369,663,5032,11257,9175,133993,3077,138978,190.0,3482.0,3672.0,24479901,15071919,7405768,701686.0,100967.0,802653.0,True
2021,5,Indian Overseas Bank,Public Sector,Public,Indian Overseas Bank,False,0,2722,431,3153,10311,0,61209,335,47541,15.0,854.0,869.0,19333296,9374228,3761169,407179.0,53885.0,461064.0,True
2021,5,Punjab & Sind Bank,Public Sector,Public,Punjab & Sind Bank,False,0,1066,29,1095,1078,357,0,0,0,0.0,0.0,0.0,3235608,1225560,795148,54782.0,13707.0,68489.0,True
2021,5,Punjab National Bank,Public Sector,Public,Punjab National Bank,False,0,8541,5173,13714,47561,11265,311190,2437,465477,80.0,10999.0,11079.0,44600146,22594771,11849450,1118961.0,195523.0,1314484.0,True
2021,5,State Bank of India,Public Sector,Public,State Bank of India,False,0,25849,38017,63866,745805,46357,11957378,59138,26329230,2248.0,1001562.0,1003810.0,293062652,142233552,76383270,7357243.0,1187254.0,8544497.0,True
2021,5,UCO Bank,Public Sector,Public,UCO Bank,False,0,2149,215,2364,9288,3568,0,0,0,0.0,0.0,0.0,10228992,4800736,2630052,213462.0,38275.0,251737.0,True
2021,5,Union Bank of India,Public Sector,Public,Union Bank of India,False,0,3755,9032,12787,313907,8019,469801,7744,564035,357.0,15844.0,16201.0,44385458,32833043,13010391,1061579.0,190658.0,1252237.0,True
2021,5,AU Small Finance Bank,Small Finance Banks,Small Finance,AU Small Finance Bank,False,0,342,2,344,0,260,15859,404,30047,20.0,872.0,892.0,1519808,445767,236345,29396.0,6025.0,35421.0,True
2021,5,Capital Small Finance Bank,Small Finance Banks,Small Finance,Capital Small Finance Bank,False,0,159,2,161,0,0,0,0,0,0.0,0.0,0.0,157623,93648,63869,4904.0,1330.0,6234.0,True
2021,5,ESAF Small Finance Bank,Small Finance Banks,Small Finance,ESAF Small Finance Bank,False,0,325,2,327,0,157,0,0,0,0.0,0.0,0.0,3724095,353366,123855,13297.0,1153.0,14450.0,True
2021,5,Equitas Small Finance Bank,Small Finance Banks,Small Finance,Equitas Small Finance Bank,False,0,331,2,333,2671,309,0,0,0,0.0,0.0,0.0,1262380,388349,237964,12795.0,5682.0,18477.0,True
2021,5,Fincare Small Finance Bank,Small Finance Banks,Small Finance,Fincare Small Finance Bank,False,0,108,0,108,0,0,0,0,0,0.0,0.0,0.0,2600625,281075,46711,10033.0,417.0,10450.0,True
2021,5,Jana Small Finance Bank,Small Finance Banks,Small Finance,Jana Small Finance Bank,False,0,132,3,135,0,0,0,0,0,0.0,0.0,0.0,2016983,149025,61900,6167.0,747.0,6914.0,True
2021,5,North East Small Finance Bank,Small Finance Banks,Small Finance,North East Small Finance Bank,False,0,6,1,7,0,0,0,0,0,0.0,0.0,0.0,248646,23788,15335,868.0,147.0,1015.0,True
2021,5,Suryoday Small Finance Bank,Small Finance Banks,Small Finance,Suryoday Small Finance Bank,False,0,25,1,26,0,0,0,0,0,0.0,0.0,0.0,257626,52444,24436,1927.0,288.0,2215.0,True
2021,5,Ujjivan Small Finance Bank,Small Finance Banks,Small Finance,Ujjivan Small Finance Bank,False,0,488,3,491,0,0,0,0,0,0.0,0.0,0.0,6379880,1300124,349225,43899.0,4231.0,48130.0,True
2021,5,Utkarsh Small Finance Bank,Small Finance Banks,Small Finance,Utkarsh Small Finance Bank,False,0,177,36,213,0,109,0,0,0,0.0,0.0,0.0,862681,125567,45758,4370.0,491.0,4861.0,True
2021,6,American Express,Foreign Banks,Foreign,American Express,False,0,0,0,0,45051,0,1482771,6274,3603920,514.0,179357.0,179871.0,0,0,0,0.0,0.0,0.0,True
2021,6,Bank of America,Foreign Banks,Foreign,Bank of America,False,0,0,0,0,0,0,24399,0,11857,0.0,487.0,487.0,0,0,0,0.0,0.0,0.0,True
2021,6,Barclays Bank,Foreign Banks,Foreign,Barclays Bank,False,0,0,0,0,0,0,0,0,0,0.0,0.0,0.0,2058,35,72,3.0,12.0,15.0,True
2021,6,Citi Bank,Foreign Banks,Foreign,Axis Bank,True,2023,47,452,499,0,0,2603989,10477,10369231,639.0,302718.0,303357.0,1642595,876812,1942926,47100.0,41447.0,88547.0,True
2021,6,DBS Bank,Foreign Banks,Foreign,DBS Bank,False,0,27,16,43,0,0,0,0,0,0.0,0.0,0.0,1068543,609532,779498,21051.0,8635.0,29686.0,True
2021,6,Deutsche Bank,Foreign Banks,Foreign,Deutsche Bank,False,0,13,19,32,0,0,0,0,0,0.0,0.0,0.0,125096,40759,91550,2355.0,1991.0,4346.0,True
2021,6,HSBC,Foreign Banks,Foreign,HSBC,False,0,46,35,81,0,0,850899,1477,1439567,122.0,56428.0,56550.0,496010,223042,326417,12735.0,7483.0,20218.0,True
2021,6,SBM Bank,Foreign Banks,Foreign,SBM Bank,False,0,6,0,6,0,42498,152255,44003,240624,2844.0,12291.0,15135.0,11217,4446,3125,161.0,95.0,256.0,True
2021,6,Standard Chartered Bank,Foreign Banks,Foreign,Standard Chartered Bank,False,0,98,82,180,0,0,1435534,3132,2836883,176.0,89483.0,89659.0,1051207,849125,1352128,39091.0,23940.0,63031.0,True
2021,6,Airtel Payments Bank,Payment Banks,Payments Bank,Airtel Payments Bank,False,0,0,0,0,0,0,0,0,0,0.0,0.0,0.0,1669387,0,405376,0.0,4199.0,4199.0,True
2021,6,Fino Payments Bank,Payment Banks,Payments Bank,Fino Payments Bank,False,0,0,0,0,0,236436,0,0,0,0.0,0.0,0.0,2536411,663255,158857,19462.0,2403.0,21865.0,True
2021,6,India Post Payments Bank,Payment Banks,Payments Bank,India Post Payments Bank,False,0,0,0,0,0,137104,0,0,0,0.0,0.0,0.0,1651606,0,270348,0.0,1561.0,1561.0,True
2021,6,Jio Payments Bank,Payment Banks,Payments Bank,Jio Payments Bank,False,0,0,0,0,0,0,0,0,0,0.0,0.0,0.0,0,0,0,0.0,0.0,0.0,False
2021,6,NSDL Payments Bank,Payment Banks,Payments Bank,NSDL Payments Bank,False,0,0,0,0,0,5214,0,0,0,0.0,0.0,0.0,166686,1212,17951,44.0,84.0,128.0,True
2021,6,Paytm Payments Bank,Payment Banks,Payments Bank,Paytm Payments Bank,False,0,1,129,130,251702,0,0,0,0,0.0,0.0,0.0,64968372,1383146,1940575,48459.0,18726.0,67185.0,True
2021,6,Atm,Private Sector,Private,Atm,False,0,0,0,0,0,0,0,0,0,0.0,0.0,0.0,0,0,0,0.0,0.0,0.0,False
2021,6,Axis Bank,Private Sector,Private,Axis Bank,False,0,5618,11187,16805,674874,710,7136582,29651,14465088,1469.0,519105.0,520574.0,24321878,18409015,16660128,1097988.0,354885.0,1452873.0,True
2021,6,Bandhan Bank,Private Sector,Private,Bandhan Bank,False,0,485,2,487,34760,0,0,0,0,0.0,0.0,0.0,4661538,1972868,978543,99005.0,17670.0,116675.0,True
2021,6,CSB Bank,Private Sector,Private,CSB Bank,False,0,272,54,326,0,582,0,0,0,0.0,0.0,0.0,779223,350965,229970,16170.0,3539.0,19709.0,True
2021,6,City Union Bank,Private Sector,Private,City Union Bank,False,0,1085,642,1727,8452,8729,2449,12,2044,1.0,47.0,48.0,2312281,1871910,894640,93992.0,13432.0,107424.0,True
2021,6,DCB Bank,Private Sector,Private,DCB Bank,False,0,312,90,402,8491,0,4977,282,12695,21.0,319.0,340.0,802105,333613,393796,18438.0,8443.0,26881.0,True
2021,6,Dhanlaxmi Bank,Private Sector,Private,Dhanlaxmi Bank,False,0,208,50,258,1475,0,5864,445,15636,8.0,310.0,318.0,501295,324906,227934,14447.0,3314.0,17761.0,True
2021,6,Federal Bank,Private Sector,Private,Federal Bank,False,0,1500,453,1953,15614,0,14803,204,32377,5.0,819.0,824.0,8580661,6266107,4774278,317194.0,78716.0,395910.0,True
2021,6,HDFC Bank,Private Sector,Private,HDFC Bank,False,0,6634,8336,14970,840782,2487,14828277,75436,40002494,4960.0,1753372.0,1758332.0,37791657,31536232,34633046,1835534.0,720004.0,2555538.0,True
2021,6,ICICI Bank,Private Sector,Private,ICICI Bank,False,0,8199,8631,16830,662515,3900,11034268,25833,28302499,1233.0,1188705.0,1189938.0,39111158,20405608,22180986,1239949.0,490987.0,1730936.0,True
2021,6,IDFC First Bank,Private Sector,Private,IDFC First Bank,False,0,514,191,705,18925,10808,386801,4835,1247150,214.0,59461.0,59675.0,3109070,2261531,1499278,97218.0,23479.0,120697.0,True
2021,6,IndusInd Bank,Private Sector,Private,IndusInd Bank,False,0,1405,1465,2870,153034,259,1569485,12957,3560605,689.0,257051.0,257740.0,6372789,3526993,2505080,175841.0,52158.0,227999.0,True
2021,6,J&K Bank,Private Sector,Private,J&K Bank,False,0,822,612,1434,12923,941,84887,6755,215970,266.0,10099.0,10365.0,3858873,5612129,4170106,298569.0,36395.0,334964.0,True
2021,6,Karnataka Bank,Private Sector,Private,Karnataka Bank,False,0,783,676,1459,9512,0,0,0,0,0.0,0.0,0.0,5075393,3335211,2281774,140692.0,26355.0,167047.0,True
2021,6,Karur Vysya Bank,Private Sector,Private,Karur Vysya Bank,False,0,1306,945,2251,11481,0,2495,48,6552,3.0,538.0,541.0,4238760,3828402,1915469,184126.0,35618.0,219744.0,True
2021,6,Kotak Mahindra Bank,Private Sector,Private,Kotak Mahindra Bank,False,0,1324,1267,2591,39608,0,2355745,20704,4307469,947.0,150400.0,151347.0,18726428,7083762,8056056,313981.0,137364.0,451345.0,True
2021,6,Laxmi Vilas Bank,Private Sector,Private,DBS Bank,True,2020,454,521,975,1487,116,0,0,0,0.0,0.0,0.0,1234172,596100,294815,28495.0,4784.0,33279.0,True
2021,6,Payment Banks,Private Sector,Private,Payment Banks,False,0,0,0,0,0,0,0,0,0,0.0,0.0,0.0,0,0,0,0.0,0.0,0.0,False
2021,6,RBL Bank,Private Sector,Private,RBL Bank,False,0,334,46,380,424044,0,3075234,33324,7153606,1124.0,298302.0,299426.0,1223017,523017,437923,24196.0,7596.0,31792.0,True
2021,6,Small Finance Banks,Private Sector,Private,Small Finance Banks,False,0,0,0,0,0,0,0,0,0,0.0,0.0,0.0,0,0,0,0.0,0.0,0.0,False
2021,6,South Indian Bank,Private Sector,Private,South Indian Bank,False,0,848,443,1291,9363,0,0,0,0,0.0,0.0,0.0,3448884,2272559,1731369,102306.0,28828.0,131134.0,True
2021,6,Tamilnad Mercantile Bank,Private Sector,Private,Tamilnad Mercantile Bank,False,0,643,750,1393,3967,0,33710,2016,48795,86.0,2036.0,2122.0,1937133,4353587,509246,195795.0,8401.0,204196.0,True
2021,6,Yes Bank,Private Sector,Private,Yes Bank,False,0,996,265,1261,54812,15758,986610,10289,1821471,437.0,60515.0,60952.0,3548507,1810847,1750445,86618.0,33272.0,119890.0,True
2021,6,Bank of Baroda,Public Sector,Public,Bank of Baroda,False,0,8688,2949,11637,47631,23739,620571,8260,1445333,366.0,46162.0,46528.0,66755905,24023694,12781908,1111095.0,200179.0,1311274.0,True
2021,6,Bank of India,Public Sector,Public,Bank of India,False,0,2344,3082,5426,52685,9242,166779,10133,237676,588.0,6397.0,6985.0,42348394,16676396,8275506,649206.0,113266.0,762472.0,True
2021,6,Bank of Maharashtra,Public Sector,Public,Bank of Maharashtra,False,0,1540,450,1990,2983,0,56911,315,37795,18.0,1527.0,1545.0,10030188,6287128,3987006,271936.0,55572.0,327508.0,True
2021,6,Canara Bank,Public Sector,Public,Canara Bank,False,0,8804,4320,13124,37022,9053,823483,39426,707020,1807.0,17957.0,19764.0,41953238,25861088,14042942,1165224.0,215467.0,1380691.0,True
2021,6,Central Bank of India,Public Sector,Public,Central Bank of India,False,0,2633,794,3427,3947,6388,0,0,0,0.0,0.0,0.0,26739765,9002177,4485387,416542.0,71896.0,488438.0,True
2021,6,IDBI Bank,Public Sector,Public,IDBI Bank,False,0,2215,1167,3382,28315,271,37455,356,92280,19.0,2586.0,2605.0,13125755,6308338,3794627,306896.0,65052.0,371948.0,True
2021,6,Indian Bank,Public Sector,Public,Indian Bank,False,0,4575,663,5238,11144,9186,134757,3642,156682,234.0,4234.0,4468.0,24731317,16702564,8081091,728855.0,113551.0,842406.0,True
2021,6,Indian Overseas Bank,Public Sector,Public,Indian Overseas Bank,False,0,2724,439,3163,10407,0,61400,460,56666,21.0,1113.0,1134.0,19393015,10321658,4134936,448810.0,59520.0,508330.0,True
2021,6,Punjab & Sind Bank,Public Sector,Public,Punjab & Sind Bank,False,0,1067,29,1096,1084,357,0,0,0,0.0,0.0,0.0,3286693,1403359,926860,61204.0,15703.0,76907.0,True
2021,6,Punjab National Bank,Public Sector,Public,Punjab National Bank,False,0,8517,5173,13690,46817,11265,310936,3564,532603,114.0,13704.0,13818.0,44887924,27046034,14692175,1320798.0,245652.0,1566450.0,True
2021,6,State Bank of India,Public Sector,Public,State Bank of India,False,0,25875,38031,63906,742474,43406,12044135,69117,31096314,2567.0,1221507.0,1224074.0,290865972,161568264,86689638,8274994.0,1412495.0,9687489.0,True
2021,6,UCO Bank,Public Sector,Public,UCO Bank,False,0,2148,220,2368,9128,3568,0,0,0,0.0,0.0,0.0,10336357,5449344,3024825,238880.0,45893.0,284773.0,True
2021,6,Union Bank of India,Public Sector,Public,Union Bank of India,False,0,8338,3486,11824,313786,8019,468534,7864,590859,353.0,15992.0,16345.0,44654263,37960620,14868506,1181562.0,222906.0,1404468.0,True
2021,6,AU Small Finance Bank,Small Finance Banks,Small Finance,AU Small Finance Bank,False,0,344,2,346,0,263,18487,537,50800,27.0,1577.0,1604.0,1547391,572377,303890,38268.0,7770.0,46038.0,True
2021,6,Capital Small Finance Bank,Small Finance Banks,Small Finance,Capital Small Finance Bank,False,0,159,2,161,0,0,0,0,0,0.0,0.0,0.0,160353,104900,71037,5253.0,1446.0,6699.0,True
2021,6,ESAF Small Finance Bank,Small Finance Banks,Small Finance,ESAF Small Finance Bank,False,0,331,2,333,0,165,0,0,0,0.0,0.0,0.0,3746001,452315,166092,19159.0,1666.0,20825.0,True
2021,6,Equitas Small Finance Bank,Small Finance Banks,Small Finance,Equitas Small Finance Bank,False,0,332,2,334,2970,295,0,0,0,0.0,0.0,0.0,1511913,452040,292391,14541.0,6278.0,20819.0,True
2021,6,Fincare Small Finance Bank,Small Finance Banks,Small Finance,Fincare Small Finance Bank,False,0,108,0,108,0,0,0,0,0,0.0,0.0,0.0,2597353,480210,54590,22122.0,535.0,22657.0,True
2021,6,Jana Small Finance Bank,Small Finance Banks,Small Finance,Jana Small Finance Bank,False,0,132,3,135,0,0,0,0,0,0.0,0.0,0.0,2055573,244467,69152,12147.0,926.0,13073.0,True
2021,6,North East Small Finance Bank,Small Finance Banks,Small Finance,North East Small Finance Bank,False,0,6,1,7,0,0,0,0,0,0.0,0.0,0.0,252554,25569,15143,889.0,148.0,1037.0,True
2021,6,Suryoday Small Finance Bank,Small Finance Banks,Small Finance,Suryoday Small Finance Bank,False,0,25,1,26,0,0,0,0,0,0.0,0.0,0.0,269642,60599,28292,2507.0,308.0,2815.0,True
2021,6,Ujjivan Small Finance Bank,Small Finance Banks,Small Finance,Ujjivan Small Finance Bank,False,0,488,3,491,0,0,0,0,0,0.0,0.0,0.0,6459295,1451472,392809,51699.0,4921.0,56620.0,True
2021,6,Utkarsh Small Finance Bank,Small Finance Banks,Small Finance,Utkarsh Small Finance Bank,False,0,179,36,215,0,200,0,0,0,0.0,0.0,0.0,898598,154216,52749,5589.0,660.0,6249.0,True
2021,7,American Express,Foreign Banks,Foreign,American Express,False,0,0,0,0,44842,0,1469540,1429,4113708,116.0,223532.0,223648.0,0,0,0,0.0,0.0,0.0,True
2021,7,Bank of America,Foreign Banks,Foreign,Bank of America,False,0,0,0,0,0,0,24195,0,21253,0.0,820.0,820.0,0,0,0,0.0,0.0,0.0,True
2021,7,Barclays Bank,Foreign Banks,Foreign,Barclays Bank,False,0,0,0,0,0,0,0,0,0,0.0,0.0,0.0,1956,89,48,10.0,5.0,15.0,True
2021,7,Citi Bank,Foreign Banks,Foreign,Axis Bank,True,2023,47,449,496,0,0,2599024,12663,12284152,739.0,362214.0,362953.0,1611611,1092582,2319441,58704.0,50790.0,109494.0,True
2021,7,DBS Bank,Foreign Banks,Foreign,DBS Bank,False,0,27,16,43,0,0,0,0,0,0.0,0.0,0.0,1066552,676118,921478,23509.0,10456.0,33965.0,True
2021,7,Deutsche Bank,Foreign Banks,Foreign,Deutsche Bank,False,0,13,19,32,0,0,0,0,0,0.0,0.0,0.0,119290,50434,113411,2871.0,2605.0,5476.0,True
2021,7,HSBC,Foreign Banks,Foreign,HSBC,False,0,46,32,78,0,0,849997,1709,1625163,138.0,64160.0,64298.0,502676,265361,389205,14844.0,8997.0,23841.0,True
2021,7,SBM Bank,Foreign Banks,Foreign,SBM Bank,False,0,6,0,6,0,50637,167923,55358,387880,3275.0,18023.0,21298.0,12644,5186,4260,186.0,141.0,327.0,True
2021,7,Standard Chartered Bank,Foreign Banks,Foreign,Standard Chartered Bank,False,0,98,82,180,0,0,1418562,3535,3283757,203.0,105930.0,106133.0,1061827,1021252,1676654,46464.0,30684.0,77148.0,True
2021,7,Airtel Payments Bank,Payment Banks,Payments Bank,Airtel Payments Bank,False,0,0,0,0,0,0,0,0,0,0.0,0.0,0.0,1974540,0,436635,0.0,3971.0,3971.0,True
2021,7,Fino Payments Bank,Payment Banks,Payments Bank,Fino Payments Bank,False,0,0,0,0,0,244203,0,0,0,0.0,0.0,0.0,2738379,747885,182083,21178.0,2545.0,23723.0,True
2021,7,India Post Payments Bank,Payment Banks,Payments Bank,India Post Payments Bank,False,0,0,0,0,0,136647,0,0,0,0.0,0.0,0.0,1926239,0,307816,0.0,2113.0,2113.0,True
2021,7,Jio Payments Bank,Payment Banks,Payments Bank,Jio Payments Bank,False,0,0,0,0,0,0,0,0,0,0.0,0.0,0.0,0,0,0,0.0,0.0,0.0,False
2021,7,NSDL Payments Bank,Payment Banks,Payments Bank,NSDL Payments Bank,False,0,0,0,0,0,7569,0,0,0,0.0,0.0,0.0,182330,1503,19414,52.0,95.0,147.0,True
2021,7,Paytm Payments Bank,Payment Banks,Payments Bank,Paytm Payments Bank,False,0,1,112,113,263276,0,0,0,0,0.0,0.0,0.0,65488826,1649527,2267872,56662.0,22485.0,79147.0,True
2021,7,Atm,Private Sector,Private,Atm,False,0,0,0,0,0,0,0,0,0,0.0,0.0,0.0,0,0,0,0.0,0.0,0.0,False
2021,7,Axis Bank,Private Sector,Private,Axis Bank,False,0,5647,11165,16812,681780,710,7229303,34305,16912127,1619.0,615854.0,617473.0,24642585,20502457,20002949,1202010.0,436067.0,1638077.0,True
2021,7,Bandhan Bank,Private Sector,Private,Bandhan Bank,False,0,484,2,486,34897,0,0,0,0,0.0,0.0,0.0,4673203,2312872,1152217,116124.0,21749.0,137873.0,True
2021,7,CSB Bank,Private Sector,Private,CSB Bank,False,0,285,55,340,0,664,0,0,0,0.0,0.0,0.0,786500,423791,285295,19516.0,4595.0,24111.0,True
2021,7,City Union Bank,Private Sector,Private,City Union Bank,False,0,1082,639,1721,8422,9632,2381,14,3158,1.0,77.0,78.0,2323983,2475968,1121399,124628.0,18930.0,143558.0,True
2021,7,DCB Bank,Private Sector,Private,DCB Bank,False,0,313,84,397,8536,0,4817,271,13550,21.0,369.0,390.0,803277,357381,403499,20039.0,9124.0,29163.0,True
2021,7,Dhanlaxmi Bank,Private Sector,Private,Dhanlaxmi Bank,False,0,209,49,258,1476,0,5984,509,18635,12.0,389.0,401.0,500448,387707,276414,17095.0,4278.0,21373.0,True
2021,7,Federal Bank,Private Sector,Private,Federal Bank,False,0,1501,395,1896,16057,0,20687,793,63331,44.0,2001.0,2045.0,8677181,7460634,5916428,373340.0,99162.0,472502.0,True
2021,7,HDFC Bank,Private Sector,Private,HDFC Bank,False,0,6652,8413,15065,860391,2469,14763662,83814,47343310,5442.0,2083302.0,2088744.0,38305455,34220032,40245401,1966211.0,861619.0,2827830.0,True
2021,7,ICICI Bank,Private Sector,Private,ICICI Bank,False,0,8205,8624,16829,678474,3858,11239598,30130,33450669,1453.0,1434095.0,1435548.0,36738621,23481260,26460532,1419623.0,606251.0,2025874.0,True
2021,7,IDFC First Bank,Private Sector,Private,IDFC First Bank,False,0,512,196,708,18985,10575,425260,6162,1536823,252.0,72483.0,72735.0,3191765,2599273,1714727,108649.0,26164.0,134813.0,True
2021,7,IndusInd Bank,Private Sector,Private,IndusInd Bank,False,0,1412,1462,2874,162093,259,1590723,14446,4274124,749.0,332221.0,332970.0,6463950,4155535,3004839,205316.0,61391.0,266707.0,True
2021,7,J&K Bank,Private Sector,Private,J&K Bank,False,0,823,612,1435,12887,941,84660,6946,237872,284.0,10602.0,10886.0,3875594,6233141,4462843,340122.0,40185.0,380307.0,True
2021,7,Karnataka Bank,Private Sector,Private,Karnataka Bank,False,0,782,651,1433,9542,0,0,0,0,0.0,0.0,0.0,5118120,4121883,2912281,173366.0,36134.0,209500.0,True
2021,7,Karur Vysya Bank,Private Sector,Private,Karur Vysya Bank,False,0,1308,935,2243,10745,0,2460,88,8122,6.0,658.0,664.0,4215228,5037889,2596640,242336.0,49482.0,291818.0,True
2021,7,Kotak Mahindra Bank,Private Sector,Private,Kotak Mahindra Bank,False,0,1328,1266,2594,40388,0,2388819,22409,4942016,1016.0,183821.0,184837.0,19225633,8246610,9370459,366869.0,159378.0,526247.0,True
2021,7,Laxmi Vilas Bank,Private Sector,Private,DBS Bank,True,2020,454,521,975,1344,116,0,0,0,0.0,0.0,0.0,1244258,767151,381598,36447.0,6414.0,42861.0,True
2021,7,Payment Banks,Private Sector,Private,Payment Banks,False,0,0,0,0,0,0,0,0,0,0.0,0.0,0.0,0,0,0,0.0,0.0,0.0,False
2021,7,RBL Bank,Private Sector,Private,RBL Bank,False,0,336,44,380,457803,0,3069339,33618,8245297,1196.0,344896.0,346092.0,1250882,581213,492381,26681.0,8671.0,35352.0,True
2021,7,Small Finance Banks,Private Sector,Private,Small Finance Banks,False,0,0,0,0,0,0,0,0,0,0.0,0.0,0.0,0,0,0,0.0,0.0,0.0,False
2021,7,South Indian Bank,Private Sector,Private,South Indian Bank,False,0,850,443,1293,9016,0,98,0,26,0.0,0.0,0.0,3494125,2748249,2161118,122810.0,37243.0,160053.0,True
2021,7,Tamilnad Mercantile Bank,Private Sector,Private,Tamilnad Mercantile Bank,False,0,643,750,1393,3967,0,33779,1867,62498,78.0,2626.0,2704.0,1938166,5409624,694001,241162.0,12899.0,254061.0,True
2021,7,Yes Bank,Private Sector,Private,Yes Bank,False,0,995,246,1241,55590,15758,999495,11828,2173893,493.0,72360.0,72853.0,3611959,2030209,2030212,96500.0,38679.0,135179.0,True
2021,7,Bank of Baroda,Public Sector,Public,Bank of Baroda,False,0,8712,2934,11646,46472,24494,635425,9635,1547236,458.0,48049.0,48507.0,67940460,28640470,14710920,1294961.0,233296.0,1528257.0,True
2021,7,Bank of India,Public Sector,Public,Bank of India,False,0,2337,3038,5375,52397,9534,166382,10724,263735,614.0,7406.0,8020.0,42362784,18267441,9235284,692450.0,127018.0,819468.0,True
2021,7,Bank of Maharashtra,Public Sector,Public,Bank of Maharashtra,False,0,1554,450,2004,2982,0,60431,599,54136,28.0,2082.0,2110.0,10372020,6736311,4183107,284596.0,57041.0,341637.0,True
2021,7,Canara Bank,Public Sector,Public,Canara Bank,False,0,8356,4276,12632,36721,9034,873308,37089,799360,1662.0,20297.0,21959.0,42694372,29814623,16487413,1316954.0,271526.0,1588480.0,True
2021,7,Central Bank of India,Public Sector,Public,Central Bank of India,False,0,2637,795,3432,3894,6453,0,0,0,0.0,0.0,0.0,26801603,9849528,4905123,437508.0,80403.0,517911.0,True
2021,7,IDBI Bank,Public Sector,Public,IDBI Bank,False,0,2215,1171,3386,27936,269,37604,328,106398,19.0,3058.0,3077.0,13187900,6953067,4302315,334662.0,74094.0,408756.0,True
2021,7,Indian Bank,Public Sector,Public,Indian Bank,False,0,4638,710,5348,11187,9188,134971,4212,196975,265.0,5526.0,5791.0,24979817,19813356,10041656,908542.0,147566.0,1056108.0,True
2021,7,Indian Overseas Bank,Public Sector,Public,Indian Overseas Bank,False,0,2726,449,3175,10542,0,62688,613,73125,28.0,1537.0,1565.0,19511358,12641680,4951069,537130.0,78390.0,615520.0,True
2021,7,Punjab & Sind Bank,Public Sector,Public,Punjab & Sind Bank,False,0,1069,29,1098,1132,357,0,0,0,0.0,0.0,0.0,3317862,1504009,982200,64592.0,17146.0,81738.0,True
2021,7,Punjab National Bank,Public Sector,Public,Punjab National Bank,False,0,8444,5150,13594,46647,11265,311102,3236,570266,104.0,15586.0,15690.0,43734038,29412893,15605943,1407595.0,265548.0,1673143.0,True
2021,7,State Bank of India,Public Sector,Public,State Bank of India,False,0,25781,38147,63928,736852,43960,12242481,80460,36729081,2913.0,1434172.0,1437085.0,287554137,178078634,99860286,8907302.0,1688448.0,10595750.0,True
2021,7,UCO Bank,Public Sector,Public,UCO Bank,False,0,2151,224,2375,8974,3568,0,0,0,0.0,0.0,0.0,10473322,6117390,3404470,262856.0,53389.0,316245.0,True
2021,7,Union Bank of India,Public Sector,Public,Union Bank of India,False,0,8483,3478,11961,235958,8019,474576,5185,635502,274.0,17795.0,18069.0,44972607,42759748,15763184,1287866.0,266036.0,1553902.0,True
2021,7,AU Small Finance Bank,Small Finance Banks,Small Finance,AU Small Finance Bank,False,0,357,2,359,0,264,25189,443,71216,27.0,2526.0,2553.0,1558514,639562,347401,41443.0,8717.0,50160.0,True
2021,7,Capital Small Finance Bank,Small Finance Banks,Small Finance,Capital Small Finance Bank,False,0,159,2,161,0,0,0,0,0,0.0,0.0,0.0,163044,114028,74152,5617.0,1424.0,7041.0,True
2021,7,ESAF Small Finance Bank,Small Finance Banks,Small Finance,ESAF Small Finance Bank,False,0,331,2,333,0,225,0,0,0,0.0,0.0,0.0,3795802,778876,231674,38115.0,2240.0,40355.0,True
2021,7,Equitas Small Finance Bank,Small Finance Banks,Small Finance,Equitas Small Finance Bank,False,0,332,2,334,5498,302,0,0,0,0.0,0.0,0.0,1731278,583709,258759,20332.0,5094.0,25426.0,True
2021,7,Fincare Small Finance Bank,Small Finance Banks,Small Finance,Fincare Small Finance Bank,False,0,110,0,110,0,0,0,0,0,0.0,0.0,0.0,2635387,661189,70165,31103.0,710.0,31813.0,True
2021,7,Jana Small Finance Bank,Small Finance Banks,Small Finance,Jana Small Finance Bank,False,0,132,3,135,0,0,0,0,0,0.0,0.0,0.0,2100215,390611,87777,19670.0,1172.0,20842.0,True
2021,7,North East Small Finance Bank,Small Finance Banks,Small Finance,North East Small Finance Bank,False,0,7,1,8,0,0,0,0,0,0.0,0.0,0.0,256003,28033,18233,1018.0,192.0,1210.0,True
2021,7,Suryoday Small Finance Bank,Small Finance Banks,Small Finance,Suryoday Small Finance Bank,False,0,25,1,26,0,0,0,0,0,0.0,0.0,0.0,280159,99500,33956,4985.0,393.0,5378.0,True
2021,7,Ujjivan Small Finance Bank,Small Finance Banks,Small Finance,Ujjivan Small Finance Bank,False,0,488,3,491,0,0,0,0,0,0.0,0.0,0.0,6508851,2125058,474909,83227.0,6104.0,89331.0,True
2021,7,Utkarsh Small Finance Bank,Small Finance Banks,Small Finance,Utkarsh Small Finance Bank,False,0,181,20,201,0,200,0,0,0,0.0,0.0,0.0,929977,148663,46800,5371.0,625.0,5996.0,True
2021,8,American Express,Foreign Banks,Foreign,American Express,False,0,0,0,0,42797,0,1457544,1275,4351649,101.0,250546.0,250647.0,0,0,0,0.0,0.0,0.0,True
2021,8,Bank of America,Foreign Banks,Foreign,Bank of America,False,0,0,0,0,0,0,23928,0,26084,0.0,1126.0,1126.0,0,0,0,0.0,0.0,0.0,True
2021,8,Barclays Bank,Foreign Banks,Foreign,Barclays Bank,False,0,0,0,0,0,0,0,0,0,0.0,0.0,0.0,1962,57,63,4.0,4.0,8.0,True
2021,8,Citi Bank,Foreign Banks,Foreign,Axis Bank,True,2023,47,447,494,0,0,2593999,13301,13155173,783.0,384482.0,385265.0,1604494,1087936,2390216,57411.0,52755.0,110166.0,True
2021,8,DBS Bank,Foreign Banks,Foreign,DBS Bank,False,0,27,16,43,0,0,0,0,0,0.0,0.0,0.0,1061410,680578,934563,23384.0,10823.0,34207.0,True
2021,8,Deutsche Bank,Foreign Banks,Foreign,Deutsche Bank,False,0,13,19,32,0,0,0,0,0,0.0,0.0,0.0,121022,50299,116908,2812.0,2858.0,5670.0,True
2021,8,HSBC,Foreign Banks,Foreign,HSBC,False,0,46,32,78,0,0,810571,1755,1696644,140.0,67610.0,67750.0,505758,270114,398224,14891.0,9383.0,24274.0,True
2021,8,SBM Bank,Foreign Banks,Foreign,SBM Bank,False,0,6,0,6,0,57261,182167,53513,409074,3433.0,20294.0,23727.0,16242,4907,5640,170.0,163.0,333.0,True
2021,8,Standard Chartered Bank,Foreign Banks,Foreign,Standard Chartered Bank,False,0,98,80,178,0,0,1403863,3522,3405948,198.0,107054.0,107252.0,1071151,1037904,1732956,46143.0,32985.0,79128.0,True
2021,8,Airtel Payments Bank,Payment Banks,Payments Bank,Airtel Payments Bank,False,0,0,0,0,0,0,0,0,0,0.0,0.0,0.0,1970029,0,360312,0.0,2849.0,2849.0,True
2021,8,Fino Payments Bank,Payment Banks,Payments Bank,Fino Payments Bank,False,0,0,0,0,0,252361,0,0,0,0.0,0.0,0.0,2883690,882707,194828,25055.0,2768.0,27823.0,True
2021,8,India Post Payments Bank,Payment Banks,Payments Bank,India Post Payments Bank,False,0,0,0,0,0,136647,0,0,0,0.0,0.0,0.0,2219968,0,361699,0.0,2224.0,2224.0,True
2021,8,Jio Payments Bank,Payment Banks,Payments Bank,Jio Payments Bank,False,0,0,0,0,0,0,0,0,0,0.0,0.0,0.0,0,0,0,0.0,0.0,0.0,False
2021,8,NSDL Payments Bank,Payment Banks,Payments Bank,NSDL Payments Bank,False,0,0,0,0,0,10079,0,0,0,0.0,0.0,0.0,183182,1681,19272,58.0,91.0,149.0,True
2021,8,Paytm Payments Bank,Payment Banks,Payments Bank,Paytm Payments Bank,False,0,1,114,115,272691,0,0,0,0,0.0,0.0,0.0,66056272,1905044,2721064,65216.0,25695.0,90911.0,True
2021,8,Atm,Private Sector,Private,Atm,False,0,0,0,0,0,0,0,0,0,0.0,0.0,0.0,0,0,0,0.0,0.0,0.0,False
2021,8,Axis Bank,Private Sector,Private,Axis Bank,False,0,5682,11162,16844,709130,710,7311922,39931,17825214,1856.0,683026.0,684882.0,25022314,21635240,20620418,1259381.0,462519.0,1721900.0,True
2021,8,Bandhan Bank,Private Sector,Private,Bandhan Bank,False,0,484,3,487,35074,0,0,0,0,0.0,0.0,0.0,4694252,2388454,1159431,117884.0,21799.0,139683.0,True
2021,8,CSB Bank,Private Sector,Private,CSB Bank,False,0,305,53,358,0,725,0,0,0,0.0,0.0,0.0,792669,459667,315154,21214.0,5436.0,26650.0,True
2021,8,City Union Bank,Private Sector,Private,City Union Bank,False,0,1084,636,1720,8338,10621,2335,11,3012,0.0,72.0,72.0,2353989,2566561,1154166,129391.0,20075.0,149466.0,True
2021,8,DCB Bank,Private Sector,Private,DCB Bank,False,0,315,84,399,8624,0,4690,290,13891,20.0,374.0,394.0,810918,360023,412657,19778.0,9470.0,29248.0,True
2021,8,Dhanlaxmi Bank,Private Sector,Private,Dhanlaxmi Bank,False,0,210,48,258,1437,0,6021,488,20697,10.0,461.0,471.0,499475,424379,310253,19240.0,5246.0,24486.0,True
2021,8,Federal Bank,Private Sector,Private,Federal Bank,False,0,1497,385,1882,16299,0,20687,876,82988,47.0,2559.0,2606.0,8750814,7965241,6560711,394066.0,118518.0,512584.0,True
2021,8,HDFC Bank,Private Sector,Private,HDFC Bank,False,0,6667,8528,15195,874484,2501,14742862,86694,48672091,5576.0,2059501.0,2065077.0,38769993,37685582,43283741,2137015.0,920752.0,3057767.0,True
2021,8,ICICI Bank,Private Sector,Private,ICICI Bank,False,0,8888,7949,16837,706457,3484,11458682,32319,35487105,1548.0,1525641.0,1527189.0,36887162,24186436,27353114,1446700.0,636794.0,2083494.0,True
2021,8,IDFC First Bank,Private Sector,Private,IDFC First Bank,False,0,512,206,718,19541,10541,457015,7679,1685445,300.0,79932.0,80232.0,3279950,3016839,2002956,126866.0,31411.0,158277.0,True
2021,8,IndusInd Bank,Private Sector,Private,IndusInd Bank,False,0,1424,1461,2885,173825,259,1618262,14842,4339109,758.0,365490.0,366248.0,6608183,4466971,3066470,216402.0,65735.0,282137.0,True
2021,8,J&K Bank,Private Sector,Private,J&K Bank,False,0,825,614,1439,12919,942,85245,6005,240616,238.0,11147.0,11385.0,3875552,6244627,4446557,319256.0,41756.0,361012.0,True
2021,8,Karnataka Bank,Private Sector,Private,Karnataka Bank,False,0,783,649,1432,9662,0,0,0,0,0.0,0.0,0.0,5119854,4364075,2980967,181650.0,37019.0,218669.0,True
2021,8,Karur Vysya Bank,Private Sector,Private,Karur Vysya Bank,False,0,1308,916,2224,10377,0,2422,59,7866,4.0,643.0,647.0,4203063,5181499,2668561,248296.0,51710.0,300006.0,True
2021,8,Kotak Mahindra Bank,Private Sector,Private,Kotak Mahindra Bank,False,0,1334,1266,2600,41606,0,2419203,22052,5139439,981.0,203885.0,204866.0,19765859,8752634,9737874,385349.0,169259.0,554608.0,True
2021,8,Laxmi Vilas Bank,Private Sector,Private,DBS Bank,True,2020,461,514,975,1291,114,0,0,0,0.0,0.0,0.0,1234032,804635,389654,38066.0,6813.0,44879.0,True
2021,8,Payment Banks,Private Sector,Private,Payment Banks,False,0,0,0,0,0,0,0,0,0,0.0,0.0,0.0,0,0,0,0.0,0.0,0.0,False
2021,8,RBL Bank,Private Sector,Private,RBL Bank,False,0,339,44,383,490992,0,3007187,33277,8385206,1180.0,347063.0,348243.0,1152961,599262,509967,27291.0,9260.0,36551.0,True
2021,8,Small Finance Banks,Private Sector,Private,Small Finance Banks,False,0,0,0,0,0,0,0,0,0,0.0,0.0,0.0,0,0,0,0.0,0.0,0.0,False
2021,8,South Indian Bank,Private Sector,Private,South Indian Bank,False,0,850,443,1293,9336,0,2139,0,3316,0.0,85.0,85.0,3518436,2970303,2383351,131439.0,43913.0,175352.0,True
2021,8,Tamilnad Mercantile Bank,Private Sector,Private,Tamilnad Mercantile Bank,False,0,644,752,1396,3727,0,31150,1986,65816,80.0,2663.0,2743.0,1950668,5387221,692941,236722.0,13275.0,249997.0,True
2021,8,Yes Bank,Private Sector,Private,Yes Bank,False,0,996,227,1223,54764,15758,997181,11433,2261325,458.0,73168.0,73626.0,3675076,2130107,2096738,99725.0,39581.0,139306.0,True
2021,8,Bank of Baroda,Public Sector,Public,Bank of Baroda,False,0,8728,2919,11647,44800,26240,679271,12890,1688260,650.0,53262.0,53912.0,68828131,28729678,15186661,1271731.0,241308.0,1513039.0,True
2021,8,Bank of India,Public Sector,Public,Bank of India,False,0,2319,3042,5361,51753,9534,166124,11714,259481,664.0,7455.0,8119.0,42885367,19479015,9613716,718169.0,133561.0,851730.0,True
2021,8,Bank of Maharashtra,Public Sector,Public,Bank of Maharashtra,False,0,1564,451,2015,2982,0,63302,734,63146,35.0,2248.0,2283.0,10680388,7262969,4485135,297975.0,61351.0,359326.0,True
2021,8,Canara Bank,Public Sector,Public,Canara Bank,False,0,8265,4264,12529,37221,8952,882577,41700,787691,1830.0,19601.0,21431.0,43365355,31396695,16933467,1354230.0,284445.0,1638675.0,True
2021,8,Central Bank of India,Public Sector,Public,Central Bank of India,False,0,2638,796,3434,3874,6484,0,0,0,0.0,0.0,0.0,28050876,10373036,4978077,442425.0,83169.0,525594.0,True
2021,8,IDBI Bank,Public Sector,Public,IDBI Bank,False,0,2215,1173,3388,27486,250,37739,359,114057,20.0,3269.0,3289.0,13142412,7288264,4475804,344303.0,77475.0,421778.0,True
2021,8,Indian Bank,Public Sector,Public,Indian Bank,False,0,4676,720,5396,11130,9201,135271,4168,203147,254.0,5842.0,6096.0,25343384,21174592,10402501,954845.0,158840.0,1113685.0,True
2021,8,Indian Overseas Bank,Public Sector,Public,Indian Overseas Bank,False,0,2731,481,3212,10742,0,66016,639,80273,27.0,1687.0,1714.0,19600055,13411848,5233775,557417.0,84778.0,642195.0,True
2021,8,Punjab & Sind Bank,Public Sector,Public,Punjab & Sind Bank,False,0,1071,29,1100,1131,357,0,0,0,0.0,0.0,0.0,3365537,1597096,1024902,67167.0,18119.0,85286.0,True
2021,8,Punjab National Bank,Public Sector,Public,Punjab National Bank,False,0,8416,5147,13563,47170,11265,311612,3916,610806,125.0,15620.0,15745.0,44050447,30977078,16784191,1439895.0,280056.0,1719951.0,True
2021,8,State Bank of India,Public Sector,Public,State Bank of India,False,0,25797,38259,64056,751329,44147,12405068,87372,38614961,3134.0,1455012.0,1458146.0,286741573,188025406,104012954,9155994.0,1790500.0,10946494.0,True
2021,8,UCO Bank,Public Sector,Public,UCO Bank,False,0,2152,224,2376,8946,3568,0,0,0,0.0,0.0,0.0,10660326,6505633,3531369,269520.0,54623.0,324143.0,True
2021,8,Union Bank of India,Public Sector,Public,Union Bank of India,False,0,8548,3274,11822,307364,8019,513108,6161,672735,311.0,18722.0,19033.0,45394707,45698765,18729191,1336382.0,284580.0,1620962.0,True
2021,8,AU Small Finance Bank,Small Finance Banks,Small Finance,AU Small Finance Bank,False,0,362,2,364,0,265,35208,984,97933,62.0,3755.0,3817.0,1566525,676484,355289,43150.0,8763.0,51913.0,True
2021,8,Capital Small Finance Bank,Small Finance Banks,Small Finance,Capital Small Finance Bank,False,0,159,2,161,0,0,0,0,0,0.0,0.0,0.0,165974,119389,76254,5752.0,1436.0,7188.0,True
2021,8,ESAF Small Finance Bank,Small Finance Banks,Small Finance,ESAF Small Finance Bank,False,0,340,2,342,0,271,0,0,0,0.0,0.0,0.0,3842463,1152195,276018,61042.0,3177.0,64219.0,True
2021,8,Equitas Small Finance Bank,Small Finance Banks,Small Finance,Equitas Small Finance Bank,False,0,332,3,335,6767,299,0,0,0,0.0,0.0,0.0,1972937,651089,303714,22773.0,5830.0,28603.0,True
2021,8,Fincare Small Finance Bank,Small Finance Banks,Small Finance,Fincare Small Finance Bank,False,0,110,0,110,0,0,0,0,0,0.0,0.0,0.0,2688148,788529,80529,37746.0,852.0,38598.0,True
2021,8,Jana Small Finance Bank,Small Finance Banks,Small Finance,Jana Small Finance Bank,False,0,132,3,135,0,0,0,0,0,0.0,0.0,0.0,2135097,405321,95297,18840.0,1247.0,20087.0,True
2021,8,North East Small Finance Bank,Small Finance Banks,Small Finance,North East Small Finance Bank,False,0,7,1,8,0,0,0,0,0,0.0,0.0,0.0,262473,35120,19083,1340.0,223.0,1563.0,True
2021,8,Suryoday Small Finance Bank,Small Finance Banks,Small Finance,Suryoday Small Finance Bank,False,0,25,1,26,0,0,0,0,0,0.0,0.0,0.0,325998,120303,36999,6075.0,426.0,6501.0,True
2021,8,Ujjivan Small Finance Bank,Small Finance Banks,Small Finance,Ujjivan Small Finance Bank,False,0,488,3,491,0,0,0,0,0,0.0,0.0,0.0,6567586,2444082,506535,98314.0,6664.0,104978.0,True
2021,8,Utkarsh Small Finance Bank,Small Finance Banks,Small Finance,Utkarsh Small Finance Bank,False,0,184,21,205,0,200,0,0,0,0.0,0.0,0.0,966526,209606,60898,7345.0,789.0,8134.0,True
2021,9,American Express,Foreign Banks,Foreign,American Express,False,0,0,0,0,43548,0,1446690,1280,4310882,104.0,253775.0,253879.0,0,0,0,0.0,0.0,0.0,True
2021,9,Bank of America,Foreign Banks,Foreign,Bank of America,False,0,0,0,0,0,0,23647,1,28860,0.0,1129.0,1129.0,0,0,0,0.0,0.0,0.0,True
2021,9,Barclays Bank,Foreign Banks,Foreign,Barclays Bank,False,0,0,0,0,0,0,0,0,0,0.0,0.0,0.0,2013,102,87,10.0,4.0,14.0,True
2021,9,Citi Bank,Foreign Banks,Foreign,Axis Bank,True,2023,47,448,495,0,0,2589548,12199,12312585,706.0,369777.0,370483.0,1596268,1039046,2281875,55282.0,50360.0,105642.0,True
2021,9,DBS Bank,Foreign Banks,Foreign,DBS Bank,False,0,27,15,42,0,0,0,0,0,0.0,0.0,0.0,1061266,645060,911421,22586.0,10772.0,33358.0,True
2021,9,Deutsche Bank,Foreign Banks,Foreign,Deutsche Bank,False,0,13,19,32,0,0,0,0,0,0.0,0.0,0.0,121887,49409,111761,2749.0,2714.0,5463.0,True
2021,9,HSBC,Foreign Banks,Foreign,HSBC,False,0,46,32,78,0,0,808054,1685,1591281,134.0,67744.0,67878.0,504701,264643,388068,14525.0,9116.0,23641.0,True
2021,9,SBM Bank,Foreign Banks,Foreign,SBM Bank,False,0,6,0,6,0,60196,196643,51966,367033,3351.0,20499.0,23850.0,19268,4841,5532,159.0,158.0,317.0,True
2021,9,Standard Chartered Bank,Foreign Banks,Foreign,Standard Chartered Bank,False,0,97,79,176,0,0,1390974,3369,3224059,201.0,104749.0,104950.0,1078080,1003086,1664457,44908.0,30912.0,75820.0,True
2021,9,Airtel Payments Bank,Payment Banks,Payments Bank,Airtel Payments Bank,False,0,0,0,0,0,0,0,0,0,0.0,0.0,0.0,1968841,0,326654,0.0,2637.0,2637.0,True
2021,9,Fino Payments Bank,Payment Banks,Payments Bank,Fino Payments Bank,False,0,0,0,0,0,260160,0,0,0,0.0,0.0,0.0,3038078,864095,194018,24470.0,2771.0,27241.0,True
2021,9,India Post Payments Bank,Payment Banks,Payments Bank,India Post Payments Bank,False,0,0,0,0,0,136647,0,0,0,0.0,0.0,0.0,2557228,0,390781,0.0,2416.0,2416.0,True
2021,9,Jio Payments Bank,Payment Banks,Payments Bank,Jio Payments Bank,False,0,0,0,0,0,0,0,0,0,0.0,0.0,0.0,0,0,0,0.0,0.0,0.0,False
2021,9,NSDL Payments Bank,Payment Banks,Payments Bank,NSDL Payments Bank,False,0,0,0,0,0,13993,0,0,0,0.0,0.0,0.0,212202,1901,15649,66.0,81.0,147.0,True
2021,9,Paytm Payments Bank,Payment Banks,Payments Bank,Paytm Payments Bank,False,0,1,62,63,281177,0,0,0,0,0.0,0.0,0.0,66728976,1843226,2672165,63457.0,28916.0,92373.0,True
2021,9,Atm,Private Sector,Private,Atm,False,0,0,0,0,0,0,0,0,0,0.0,0.0,0.0,0,0,0,0.0,0.0,0.0,False
2021,9,Axis Bank,Private Sector,Private,Axis Bank,False,0,5701,11162,16863,734489,710,7514459,34451,17098049,1589.0,676614.0,678203.0,25411832,20995706,19895627,1233906.0,442055.0,1675961.0,True
2021,9,Bandhan Bank,Private Sector,Private,Bandhan Bank,False,0,484,3,487,35280,0,0,0,0,0.0,0.0,0.0,4693796,2412477,1176623,120999.0,22956.0,143955.0,True
2021,9,CSB Bank,Private Sector,Private,CSB Bank,False,0,311,53,364,0,793,0,0,0,0.0,0.0,0.0,795538,452221,304502,20863.0,5203.0,26066.0,True
2021,9,City Union Bank,Private Sector,Private,City Union Bank,False,0,1084,636,1720,8423,11923,2269,14,2422,1.0,56.0,57.0,2373980,2496492,1133844,126370.0,19137.0,145507.0,True
2021,9,DCB Bank,Private Sector,Private,DCB Bank,False,0,316,28,344,8643,0,4517,313,12874,21.0,352.0,373.0,814753,350189,419179,19536.0,9139.0,28675.0,True
2021,9,Dhanlaxmi Bank,Private Sector,Private,Dhanlaxmi Bank,False,0,210,48,258,1453,0,6248,476,19896,10.0,443.0,453.0,504823,415918,300484,18279.0,4759.0,23038.0,True
2021,9,Federal Bank,Private Sector,Private,Federal Bank,False,0,1493,381,1874,17058,0,27499,874,80279,58.0,2503.0,2561.0,8905802,7812608,6391893,382503.0,110085.0,492588.0,True
2021,9,HDFC Bank,Private Sector,Private,HDFC Bank,False,0,6675,8637,15312,933693,2498,14987119,97575,47255531,6246.0,2015871.0,2022117.0,39354191,36940370,41860818,2113679.0,891632.0,3005311.0,True
2021,9,ICICI Bank,Private Sector,Private,ICICI Bank,False,0,8927,7885,16812,732376,3226,11692310,34505,35128194,1646.0,1725162.0,1726808.0,36757821,23480889,26636940,1412652.0,615054.0,2027706.0,True
2021,9,IDFC First Bank,Private Sector,Private,IDFC First Bank,False,0,511,214,725,20311,10545,496494,7364,1738239,297.0,84714.0,85011.0,3379263,2750910,1982927,113810.0,36429.0,150239.0,True
2021,9,IndusInd Bank,Private Sector,Private,IndusInd Bank,False,0,1432,1454,2886,184066,259,1654486,14621,4250761,751.0,413857.0,414608.0,6786432,4580391,2932940,222364.0,64438.0,286802.0,True
2021,9,J&K Bank,Private Sector,Private,J&K Bank,False,0,825,615,1440,12911,942,85204,6844,221624,282.0,10477.0,10759.0,3872010,6041662,4454957,325002.0,41552.0,366554.0,True
2021,9,Karnataka Bank,Private Sector,Private,Karnataka Bank,False,0,783,648,1431,9732,0,0,0,0,0.0,0.0,0.0,5155568,4321228,2963939,178262.0,36179.0,214441.0,True
2021,9,Karur Vysya Bank,Private Sector,Private,Karur Vysya Bank,False,0,1321,913,2234,10119,0,2395,75,7599,5.0,661.0,666.0,4198038,5070855,2580887,243876.0,48922.0,292798.0,True
2021,9,Kotak Mahindra Bank,Private Sector,Private,Kotak Mahindra Bank,False,0,1336,1265,2601,44378,0,2440182,21879,5087100,975.0,259805.0,260780.0,20328679,8661193,9758032,384250.0,168103.0,552353.0,True
2021,9,Laxmi Vilas Bank,Private Sector,Private,DBS Bank,True,2020,467,508,975,1236,115,0,0,0,0.0,0.0,0.0,1233778,780536,376722,37583.0,6456.0,44039.0,True
2021,9,Payment Banks,Private Sector,Private,Payment Banks,False,0,0,0,0,0,0,0,0,0,0.0,0.0,0.0,0,0,0,0.0,0.0,0.0,False
2021,9,RBL Bank,Private Sector,Private,RBL Bank,False,0,342,44,386,511053,0,3097513,29106,7920585,1050.0,343647.0,344697.0,1181348,590665,505344,27395.0,9336.0,36731.0,True
2021,9,Small Finance Banks,Private Sector,Private,Small Finance Banks,False,0,0,0,0,0,0,0,0,0,0.0,0.0,0.0,0,0,0,0.0,0.0,0.0,False
2021,9,South Indian Bank,Private Sector,Private,South Indian Bank,False,0,850,444,1294,9237,0,3250,0,13215,0.0,314.0,314.0,3544597,2892933,2321484,127261.0,40480.0,167741.0,True
2021,9,Tamilnad Mercantile Bank,Private Sector,Private,Tamilnad Mercantile Bank,False,0,647,755,1402,4099,0,31109,1874,60371,78.0,2481.0,2559.0,1961538,5406473,680335,235898.0,11803.0,247701.0,True
2021,9,Yes Bank,Private Sector,Private,Yes Bank,False,0,995,212,1207,53588,15758,994374,9826,2067845,411.0,67607.0,68018.0,3747531,2130420,2087117,99853.0,39115.0,138968.0,True
2021,9,Bank of Baroda,Public Sector,Public,Bank of Baroda,False,0,8727,2904,11631,44118,28069,708681,13296,1648650,656.0,53329.0,53985.0,70141672,27527765,14533272,1228295.0,234170.0,1462465.0,True
2021,9,Bank of India,Public Sector,Public,Bank of India,False,0,2286,2961,5247,51196,9829,166174,9588,257234,562.0,7335.0,7897.0,43553238,18696988,9199960,697409.0,131394.0,828803.0,True
2021,9,Bank of Maharashtra,Public Sector,Public,Bank of Maharashtra,False,0,1571,452,2023,3059,0,70028,920,67624,45.0,2547.0,2592.0,11008458,7091449,4347192,293757.0,59752.0,353509.0,True
2021,9,Canara Bank,Public Sector,Public,Canara Bank,False,0,8118,4242,12360,38473,8938,876835,45141,749509,1973.0,19359.0,21332.0,43755408,30519979,15930076,1328444.0,264768.0,1593212.0,True
2021,9,Central Bank of India,Public Sector,Public,Central Bank of India,False,0,2605,787,3392,3897,6429,0,0,0,0.0,0.0,0.0,28378179,9786970,4696640,418944.0,82192.0,501136.0,True
2021,9,IDBI Bank,Public Sector,Public,IDBI Bank,False,0,2215,1172,3387,26329,250,38042,321,105339,17.0,3052.0,3069.0,13052867,7009688,4197633,335164.0,72834.0,407998.0,True
2021,9,Indian Bank,Public Sector,Public,Indian Bank,False,0,4683,719,5402,12179,9201,139164,4071,191820,260.0,5429.0,5689.0,25692575,20349304,9984503,926187.0,151159.0,1077346.0,True
2021,9,Indian Overseas Bank,Public Sector,Public,Indian Overseas Bank,False,0,2729,495,3224,10849,0,67536,662,78549,30.0,1646.0,1676.0,19729307,13469334,5018162,564958.0,79875.0,644833.0,True
2021,9,Punjab & Sind Bank,Public Sector,Public,Punjab & Sind Bank,False,0,1074,29,1103,1123,357,0,0,0,0.0,0.0,0.0,3432785,1548086,973798,65711.0,17082.0,82793.0,True
2021,9,Punjab National Bank,Public Sector,Public,Punjab National Bank,False,0,8359,5147,13506,47532,11265,313106,3060,576668,87.0,15035.0,15122.0,44517385,29788119,15835882,1404624.0,273866.0,1678490.0,True
2021,9,State Bank of India,Public Sector,Public,State Bank of India,False,0,25807,38315,64122,756047,44914,12579943,82946,37401539,2966.0,1466852.0,1469818.0,284553301,183756762,100466066,8931731.0,1718361.0,10650092.0,True
2021,9,UCO Bank,Public Sector,Public,UCO Bank,False,0,2148,222,2370,8953,3568,0,0,0,0.0,0.0,0.0,10780544,6355856,3456997,266600.0,55331.0,321931.0,True
2021,9,Union Bank of India,Public Sector,Public,Union Bank of India,False,0,8338,3339,11677,308757,8019,521568,6372,717453,311.0,20407.0,20718.0,45797624,44898744,20595663,1300482.0,272915.0,1573397.0,True
2021,9,AU Small Finance Bank,Small Finance Banks,Small Finance,AU Small Finance Bank,False,0,370,3,373,0,273,49014,2079,126743,127.0,5539.0,5666.0,1620930,675937,355495,43440.0,9011.0,52451.0,True
2021,9,Capital Small Finance Bank,Small Finance Banks,Small Finance,Capital Small Finance Bank,False,0,159,2,161,0,0,0,0,0,0.0,0.0,0.0,168498,113032,71690,5513.0,1374.0,6887.0,True
2021,9,ESAF Small Finance Bank,Small Finance Banks,Small Finance,ESAF Small Finance Bank,False,0,348,2,350,0,297,0,0,0,0.0,0.0,0.0,3922975,1186273,286059,61432.0,3568.0,65000.0,True
2021,9,Equitas Small Finance Bank,Small Finance Banks,Small Finance,Equitas Small Finance Bank,False,0,332,3,335,7334,297,0,0,0,0.0,0.0,0.0,2216077,703409,319084,24048.0,5923.0,29971.0,True
2021,9,Fincare Small Finance Bank,Small Finance Banks,Small Finance,Fincare Small Finance Bank,False,0,110,0,110,0,0,0,0,0,0.0,0.0,0.0,2753518,738023,77366,35424.0,787.0,36211.0,True
2021,9,Jana Small Finance Bank,Small Finance Banks,Small Finance,Jana Small Finance Bank,False,0,132,3,135,0,0,0,0,0,0.0,0.0,0.0,2168285,334183,88888,15002.0,1141.0,16143.0,True
2021,9,North East Small Finance Bank,Small Finance Banks,Small Finance,North East Small Finance Bank,False,0,7,1,8,0,0,0,0,0,0.0,0.0,0.0,270945,39487,19543,1509.0,238.0,1747.0,True
2021,9,Suryoday Small Finance Bank,Small Finance Banks,Small Finance,Suryoday Small Finance Bank,False,0,25,1,26,0,0,0,0,0,0.0,0.0,0.0,346621,103960,35101,4885.0,388.0,5273.0,True
2021,9,Ujjivan Small Finance Bank,Small Finance Banks,Small Finance,Ujjivan Small Finance Bank,False,0,488,3,491,0,0,0,0,0,0.0,0.0,0.0,6621586,2417333,510194,98269.0,6824.0,105093.0,True
2021,9,Utkarsh Small Finance Bank,Small Finance Banks,Small Finance,Utkarsh Small Finance Bank,False,0,184,21,205,0,200,0,0,0,0.0,0.0,0.0,1010978,228945,53532,7824.0,746.0,8570.0,True
2021,10,American Express,Foreign Banks,Foreign,American Express,False,0,0,0,0,44467,0,1440682,1297,4719712,106.0,298581.0,298687.0,0,0,0,0.0,0.0,0.0,True
2021,10,Bank of America,Foreign Banks,Foreign,Bank of America,False,0,0,0,0,0,0,23334,1,30459,0.0,1263.0,1263.0,0,0,0,0.0,0.0,0.0,True
2021,10,Barclays Bank,Foreign Banks,Foreign,Barclays Bank,False,0,0,0,0,0,0,0,0,0,0.0,0.0,0.0,2020,262,50,23.0,3.0,26.0,True
2021,10,Citi Bank,Foreign Banks,Foreign,Axis Bank,True,2023,47,445,492,0,0,2583507,13689,13122330,797.0,433579.0,434376.0,1588092,1133770,2546290,62020.0,61834.0,123854.0,True
2021,10,DBS Bank,Foreign Banks,Foreign,DBS Bank,False,0,27,16,43,0,0,0,0,0,0.0,0.0,0.0,1060169,674758,962953,24172.0,12445.0,36617.0,True
2021,10,Deutsche Bank,Foreign Banks,Foreign,Deutsche Bank,False,0,13,19,32,0,0,0,0,0,0.0,0.0,0.0,123418,56126,119875,3256.0,2859.0,6115.0,True
2021,10,HSBC,Foreign Banks,Foreign,HSBC,False,0,46,32,78,0,0,805757,1976,1751530,159.0,74116.0,74275.0,496998,300951,453567,16893.0,11274.0,28167.0,True
2021,10,SBM Bank,Foreign Banks,Foreign,SBM Bank,False,0,6,0,6,0,67505,205966,59496,382938,3903.0,20521.0,24424.0,21645,4853,5922,181.0,194.0,375.0,True
2021,10,Standard Chartered Bank,Foreign Banks,Foreign,Standard Chartered Bank,False,0,97,80,177,0,0,1376450,3445,3325492,215.0,113957.0,114172.0,1084528,1150115,1923126,53294.0,38637.0,91931.0,True
2021,10,Airtel Payments Bank,Payment Banks,Payments Bank,Airtel Payments Bank,False,0,0,0,0,0,0,0,0,0,0.0,0.0,0.0,1968135,0,336822,0.0,2475.0,2475.0,True
2021,10,Fino Payments Bank,Payment Banks,Payments Bank,Fino Payments Bank,False,0,0,0,0,0,267329,0,0,0,0.0,0.0,0.0,3181427,1015939,212387,29496.0,3272.0,32768.0,True
2021,10,India Post Payments Bank,Payment Banks,Payments Bank,India Post Payments Bank,False,0,0,0,0,0,136109,0,0,0,0.0,0.0,0.0,2855522,0,467689,0.0,2650.0,2650.0,True
2021,10,Jio Payments Bank,Payment Banks,Payments Bank,Jio Payments Bank,False,0,0,0,0,0,0,0,0,0,0.0,0.0,0.0,0,0,0,0.0,0.0,0.0,False
2021,10,NSDL Payments Bank,Payment Banks,Payments Bank,NSDL Payments Bank,False,0,0,0,0,0,16520,0,0,0,0.0,0.0,0.0,226835,1955,17453,72.0,94.0,166.0,True
2021,10,Paytm Payments Bank,Payment Banks,Payments Bank,Paytm Payments Bank,False,0,1,65,66,289018,0,0,0,0,0.0,0.0,0.0,67616342,2055456,3210556,73527.0,37057.0,110584.0,True
2021,10,Atm,Private Sector,Private,Atm,False,0,0,0,0,0,0,0,0,0,0.0,0.0,0.0,0,0,0,0.0,0.0,0.0,False
2021,10,Axis Bank,Private Sector,Private,Axis Bank,False,0,5715,11187,16902,802679,710,7733992,32472,21852260,1401.0,920543.0,921944.0,25732793,23210025,22875613,1398079.0,590523.0,1988602.0,True
2021,10,Bandhan Bank,Private Sector,Private,Bandhan Bank,False,0,484,3,487,35612,0,0,0,0,0.0,0.0,0.0,4774157,2612833,1250534,134167.0,25302.0,159469.0,True
2021,10,CSB Bank,Private Sector,Private,CSB Bank,False,0,319,53,372,0,833,0,0,0,0.0,0.0,0.0,805764,488497,337313,22714.0,5568.0,28282.0,True
2021,10,City Union Bank,Private Sector,Private,City Union Bank,False,0,1088,636,1724,8491,13056,2160,20,2730,1.0,69.0,70.0,2388253,2643819,1302356,137531.0,22580.0,160111.0,True
2021,10,DCB Bank,Private Sector,Private,DCB Bank,False,0,317,28,345,8725,0,4383,251,12269,16.0,325.0,341.0,819608,378603,376721,21370.0,10051.0,31421.0,True
2021,10,Dhanlaxmi Bank,Private Sector,Private,Dhanlaxmi Bank,False,0,210,48,258,1432,0,6521,141,22480,6.0,483.0,489.0,511644,435631,331051,19012.0,5254.0,24266.0,True
2021,10,Federal Bank,Private Sector,Private,Federal Bank,False,0,1495,382,1877,16805,0,38724,1177,130745,73.0,4522.0,4595.0,9077601,8244548,7010616,404208.0,120684.0,524892.0,True
2021,10,HDFC Bank,Private Sector,Private,HDFC Bank,False,0,6701,8723,15424,974677,2493,15245404,118653,55690307,7676.0,2651703.0,2659379.0,39974538,41084723,48251576,2416337.0,1135691.0,3552028.0,True
2021,10,ICICI Bank,Private Sector,Private,ICICI Bank,False,0,8943,7890,16833,759355,3226,11970499,45724,42668021,2163.0,2161639.0,2163802.0,37035977,26455091,30393091,1632272.0,813633.0,2445905.0,True
2021,10,IDFC First Bank,Private Sector,Private,IDFC First Bank,False,0,512,214,726,21034,10721,539988,8401,2094020,347.0,99867.0,100214.0,3460547,3010212,2359885,127915.0,67796.0,195711.0,True
2021,10,IndusInd Bank,Private Sector,Private,IndusInd Bank,False,0,1438,1445,2883,185538,259,1682111,17202,4694438,895.0,480517.0,481412.0,6880156,5109883,3244634,265474.0,72586.0,338060.0,True
2021,10,J&K Bank,Private Sector,Private,J&K Bank,False,0,825,615,1440,12269,942,84080,6206,246544,251.0,11031.0,11282.0,3872013,6171486,5710148,344541.0,50597.0,395138.0,True
2021,10,Karnataka Bank,Private Sector,Private,Karnataka Bank,False,0,770,645,1415,9854,0,0,0,0,0.0,0.0,0.0,5140655,4384392,2971920,183876.0,39009.0,222885.0,True
2021,10,Karur Vysya Bank,Private Sector,Private,Karur Vysya Bank,False,0,1328,900,2228,10044,0,4718,137,14725,9.0,773.0,782.0,4235605,5292873,2867768,257615.0,55460.0,313075.0,True
2021,10,Kotak Mahindra Bank,Private Sector,Private,Kotak Mahindra Bank,False,0,1334,1265,2599,48937,0,2540992,24383,5618663,1093.0,255694.0,256787.0,20756957,9796370,10924912,446026.0,212346.0,658372.0,True
2021,10,Laxmi Vilas Bank,Private Sector,Private,DBS Bank,True,2020,467,508,975,1218,128,0,0,0,0.0,0.0,0.0,1243655,802286,416475,39768.0,7436.0,47204.0,True
2021,10,Payment Banks,Private Sector,Private,Payment Banks,False,0,0,0,0,0,0,0,0,0,0.0,0.0,0.0,0,0,0,0.0,0.0,0.0,False
2021,10,RBL Bank,Private Sector,Private,RBL Bank,False,0,350,44,394,529081,0,3248436,35926,8965382,1275.0,416732.0,418007.0,1186259,651532,550786,31403.0,11033.0,42436.0,True
2021,10,Small Finance Banks,Private Sector,Private,Small Finance Banks,False,0,0,0,0,0,0,0,0,0,0.0,0.0,0.0,0,0,0,0.0,0.0,0.0,False
2021,10,South Indian Bank,Private Sector,Private,South Indian Bank,False,0,853,441,1294,9574,0,5834,0,28652,0.0,777.0,777.0,3570184,3017032,2547364,134271.0,45056.0,179327.0,True
2021,10,Tamilnad Mercantile Bank,Private Sector,Private,Tamilnad Mercantile Bank,False,0,646,756,1402,4478,0,31082,2005,70451,82.0,2862.0,2944.0,1970569,5329190,709881,238203.0,12439.0,250642.0,True
2021,10,Yes Bank,Private Sector,Private,Yes Bank,False,0,998,198,1196,54332,15758,1017016,11320,2239616,484.0,79315.0,79799.0,3816253,2399171,2311973,115408.0,46566.0,161974.0,True
2021,10,Bank of Baroda,Public Sector,Public,Bank of Baroda,False,0,8725,2871,11596,43779,29972,731148,15716,1842783,777.0,62521.0,63298.0,71035644,30329851,15861558,1398356.0,278096.0,1676452.0,True
2021,10,Bank of India,Public Sector,Public,Bank of India,False,0,1981,2952,4933,51106,10142,165940,9617,284321,560.0,8484.0,9044.0,43948855,19834163,10010803,765565.0,155565.0,921130.0,True
2021,10,Bank of Maharashtra,Public Sector,Public,Bank of Maharashtra,False,0,1575,451,2026,3067,0,72338,1116,84171,51.0,3311.0,3362.0,11199827,7854656,4873782,336274.0,73375.0,409649.0,True
2021,10,Canara Bank,Public Sector,Public,Canara Bank,False,0,8117,4226,12343,40048,8938,878416,48675,854951,2149.0,22538.0,24687.0,44836098,32382252,17053799,1450069.0,302177.0,1752246.0,True
2021,10,Central Bank of India,Public Sector,Public,Central Bank of India,False,0,2581,749,3330,3910,6404,0,0,0,0.0,0.0,0.0,28644017,10618069,4831317,473330.0,92170.0,565500.0,True
2021,10,IDBI Bank,Public Sector,Public,IDBI Bank,False,0,2215,1171,3386,23942,248,38465,377,116032,20.0,3523.0,3543.0,13052867,7585253,4742087,373631.0,88408.0,462039.0,True
2021,10,Indian Bank,Public Sector,Public,Indian Bank,False,0,4570,705,5275,14456,9224,147326,4174,221297,275.0,6440.0,6715.0,26015865,21683959,11057666,1019383.0,175657.0,1195040.0,True
2021,10,Indian Overseas Bank,Public Sector,Public,Indian Overseas Bank,False,0,2735,497,3232,11006,0,68408,784,90757,35.0,1996.0,2031.0,19866807,14265722,5495932,617950.0,92959.0,710909.0,True
2021,10,Punjab & Sind Bank,Public Sector,Public,Punjab & Sind Bank,False,0,1074,29,1103,1126,357,0,0,0,0.0,0.0,0.0,3510571,1724997,1097369,76495.0,20970.0,97465.0,True
2021,10,Punjab National Bank,Public Sector,Public,Punjab National Bank,False,0,8315,5138,13453,47748,11265,315726,2852,645697,85.0,17541.0,17626.0,44611784,33464590,16800024,1627555.0,311521.0,1939076.0,True
2021,10,State Bank of India,Public Sector,Public,State Bank of India,False,0,25737,38485,64222,760920,45693,12763894,88909,42772625,3221.0,1905466.0,1908687.0,289719597,201007245,109711286,10079698.0,2061867.0,12141565.0,True
2021,10,UCO Bank,Public Sector,Public,UCO Bank,False,0,2150,217,2367,8997,3568,0,0,0,0.0,0.0,0.0,10961941,6912450,3697835,301346.0,64401.0,365747.0,True
2021,10,Union Bank of India,Public Sector,Public,Union Bank of India,False,0,8463,3404,11867,309119,8019,522594,5055,793106,265.0,23419.0,23684.0,46321891,48069999,20764616,1449285.0,319105.0,1768390.0,True
2021,10,AU Small Finance Bank,Small Finance Banks,Small Finance,AU Small Finance Bank,False,0,380,3,383,0,278,64917,3148,191641,198.0,10168.0,10366.0,1674062,757709,398380,49594.0,11130.0,60724.0,True
2021,10,Capital Small Finance Bank,Small Finance Banks,Small Finance,Capital Small Finance Bank,False,0,159,2,161,0,0,0,0,0,0.0,0.0,0.0,170973,124581,76187,6478.0,1758.0,8236.0,True
2021,10,ESAF Small Finance Bank,Small Finance Banks,Small Finance,ESAF Small Finance Bank,False,0,362,2,364,0,321,0,0,0,0.0,0.0,0.0,4019059,1071193,305309,52192.0,3445.0,55637.0,True
2021,10,Equitas Small Finance Bank,Small Finance Banks,Small Finance,Equitas Small Finance Bank,False,0,333,2,335,8181,297,0,0,0,0.0,0.0,0.0,2380453,790837,363234,28084.0,7187.0,35271.0,True
2021,10,Fincare Small Finance Bank,Small Finance Banks,Small Finance,Fincare Small Finance Bank,False,0,110,0,110,0,0,0,0,0,0.0,0.0,0.0,2836303,735915,79173,35284.0,886.0,36170.0,True
2021,10,Jana Small Finance Bank,Small Finance Banks,Small Finance,Jana Small Finance Bank,False,0,132,3,135,0,0,0,0,0,0.0,0.0,0.0,2196010,268027,93686,11891.0,1269.0,13160.0,True
2021,10,North East Small Finance Bank,Small Finance Banks,Small Finance,North East Small Finance Bank,False,0,7,1,8,0,0,0,0,0,0.0,0.0,0.0,278697,41557,21671,1603.0,298.0,1901.0,True
2021,10,Suryoday Small Finance Bank,Small Finance Banks,Small Finance,Suryoday Small Finance Bank,False,0,0,0,0,0,0,0,0,0,0.0,0.0,0.0,344907,96642,38982,4342.0,455.0,4797.0,True
2021,10,Ujjivan Small Finance Bank,Small Finance Banks,Small Finance,Ujjivan Small Finance Bank,False,0,488,3,491,0,0,0,0,0,0.0,0.0,0.0,6686778,2782905,547883,117476.0,7775.0,125251.0,True
2021,10,Utkarsh Small Finance Bank,Small Finance Banks,Small Finance,Utkarsh Small Finance Bank,False,0,188,21,209,0,200,0,0,0,0.0,0.0,0.0,1042223,244898,58484,8721.0,831.0,9552.0,True
2021,11,American Express,Foreign Banks,Foreign,American Express,False,0,0,0,0,45177,0,1424811,1142,4208898,96.0,273406.0,273502.0,0,0,0,0.0,0.0,0.0,True
2021,11,Bank of America,Foreign Banks,Foreign,Bank of America,False,0,0,0,0,0,0,23095,5,30083,0.0,1493.0,1493.0,0,0,0,0.0,0.0,0.0,True
2021,11,Barclays Bank,Foreign Banks,Foreign,Barclays Bank,False,0,0,0,0,0,0,0,0,0,0.0,0.0,0.0,2033,345,71,29.0,3.0,32.0,True
2021,11,Citi Bank,Foreign Banks,Foreign,Axis Bank,True,2023,47,444,491,0,0,2574692,13847,13249375,810.0,410025.0,410835.0,1587405,1084956,2337661,59365.0,58064.0,117429.0,True
2021,11,DBS Bank,Foreign Banks,Foreign,DBS Bank,False,0,496,522,1018,1191,127,0,0,0,0.0,0.0,0.0,2280729,1343388,1183166,56878.0,17251.0,74129.0,True
2021,11,Deutsche Bank,Foreign Banks,Foreign,Deutsche Bank,False,0,13,19,32,0,0,0,0,0,0.0,0.0,0.0,124002,51592,105917,2958.0,2631.0,5589.0,True
2021,11,HSBC,Foreign Banks,Foreign,HSBC,False,0,46,32,78,0,0,802665,1584,1696936,127.0,70859.0,70986.0,496380,267979,395329,14898.0,10180.0,25078.0,True
2021,11,SBM Bank,Foreign Banks,Foreign,SBM Bank,False,0,6,0,6,0,67505,232853,55761,498085,3650.0,24704.0,28354.0,29763,4830,6444,184.0,206.0,390.0,True
2021,11,Standard Chartered Bank,Foreign Banks,Foreign,Standard Chartered Bank,False,0,94,75,169,0,0,1362512,2775,3456678,179.0,114321.0,114500.0,1091015,1021989,1676564,47467.0,33970.0,81437.0,True
2021,11,Airtel Payments Bank,Payment Banks,Payments Bank,Airtel Payments Bank,False,0,0,0,0,0,0,0,0,0,0.0,0.0,0.0,1967449,0,279489,0.0,2162.0,2162.0,True
2021,11,Fino Payments Bank,Payment Banks,Payments Bank,Fino Payments Bank,False,0,0,0,0,0,273518,0,0,0,0.0,0.0,0.0,3332636,998883,198830,29176.0,3194.0,32370.0,True
2021,11,India Post Payments Bank,Payment Banks,Payments Bank,India Post Payments Bank,False,0,0,0,0,0,136109,0,0,0,0.0,0.0,0.0,3167068,0,423274,0.0,2206.0,2206.0,True
2021,11,Jio Payments Bank,Payment Banks,Payments Bank,Jio Payments Bank,False,0,0,0,0,0,0,0,0,0,0.0,0.0,0.0,0,0,0,0.0,0.0,0.0,False
2021,11,NSDL Payments Bank,Payment Banks,Payments Bank,NSDL Payments Bank,False,0,0,0,0,0,18135,0,0,0,0.0,0.0,0.0,248056,1992,17875,74.0,85.0,159.0,True
2021,11,Paytm Payments Bank,Payment Banks,Payments Bank,Paytm Payments Bank,False,0,1,66,67,307024,0,0,0,0,0.0,0.0,0.0,68606211,2140784,2807927,78355.0,37251.0,115606.0,True
2021,11,Atm,Private Sector,Private,Atm,False,0,0,0,0,0,0,0,0,0,0.0,0.0,0.0,0,0,0,0.0,0.0,0.0,False
2021,11,Axis Bank,Private Sector,Private,Axis Bank,False,0,5725,11212,16937,842722,710,7905885,34097,19977536,1436.0,730327.0,731763.0,26415909,21300813,19388309,1281980.0,469901.0,1751881.0,True
2021,11,Bandhan Bank,Private Sector,Private,Bandhan Bank,False,0,484,4,488,35795,0,0,0,0,0.0,0.0,0.0,4902249,2477740,1103948,126200.0,23468.0,149668.0,True
2021,11,CSB Bank,Private Sector,Private,CSB Bank,False,0,338,53,391,0,839,0,0,0,0.0,0.0,0.0,798593,465887,315907,21478.0,5170.0,26648.0,True
2021,11,City Union Bank,Private Sector,Private,City Union Bank,False,0,1089,646,1735,8384,14536,2109,9,2326,0.0,64.0,64.0,2393756,2385419,1118136,117746.0,19098.0,136844.0,True
2021,11,DCB Bank,Private Sector,Private,DCB Bank,False,0,320,29,349,8808,0,4233,197,11790,14.0,305.0,319.0,825846,347665,420140,19825.0,9562.0,29387.0,True
2021,11,Dhanlaxmi Bank,Private Sector,Private,Dhanlaxmi Bank,False,0,210,48,258,1455,0,6763,76,18651,4.0,412.0,416.0,513875,422247,309356,18116.0,4824.0,22940.0,True
2021,11,Federal Bank,Private Sector,Private,Federal Bank,False,0,1498,383,1881,16886,0,49898,1131,213070,68.0,7025.0,7093.0,9419562,8064827,6649184,391141.0,118992.0,510133.0,True
2021,11,HDFC Bank,Private Sector,Private,HDFC Bank,False,0,6734,8845,15579,993407,2491,15547505,117771,51839471,7565.0,2298345.0,2305910.0,40546802,38524141,42224028,2271222.0,967676.0,3238898.0,True
2021,11,ICICI Bank,Private Sector,Private,ICICI Bank,False,0,8950,7745,16695,791643,3234,12126038,44201,37757922,2064.0,1784884.0,1786948.0,36935248,24055958,26107707,1479565.0,665167.0,2144732.0,True
2021,11,IDFC First Bank,Private Sector,Private,IDFC First Bank,False,0,512,217,729,21586,11024,587998,8639,2141840,343.0,101560.0,101903.0,3535508,2794779,2011418,119117.0,46129.0,165246.0,True
2021,11,IndusInd Bank,Private Sector,Private,IndusInd Bank,False,0,1443,1424,2867,188665,259,1712460,15697,4513607,824.0,473841.0,474665.0,6695478,4863283,2967376,245647.0,68833.0,314480.0,True
2021,11,J&K Bank,Private Sector,Private,J&K Bank,False,0,826,614,1440,12023,942,84151,6120,255634,248.0,10979.0,11227.0,3864035,6011747,5582555,332243.0,46740.0,378983.0,True
2021,11,Karnataka Bank,Private Sector,Private,Karnataka Bank,False,0,788,642,1430,9911,0,0,0,0,0.0,0.0,0.0,5139140,4122769,2661360,173289.0,34954.0,208243.0,True
2021,11,Karur Vysya Bank,Private Sector,Private,Karur Vysya Bank,False,0,1336,894,2230,9881,0,5167,150,13864,10.0,816.0,826.0,4184165,4853143,2519728,228520.0,48310.0,276830.0,True
2021,11,Kotak Mahindra Bank,Private Sector,Private,Kotak Mahindra Bank,False,0,1335,1264,2599,48918,0,2632392,23408,5541188,1052.0,228562.0,229614.0,21376107,9322945,9774882,424565.0,190362.0,614927.0,True
2021,11,Payment Banks,Private Sector,Private,Payment Banks,False,0,0,0,0,0,0,0,0,0,0.0,0.0,0.0,0,0,0,0.0,0.0,0.0,False
2021,11,RBL Bank,Private Sector,Private,RBL Bank,False,0,357,44,401,545820,0,3388005,33532,8537724,1158.0,385094.0,386252.0,1212947,603259,507806,29074.0,10768.0,39842.0,True
2021,11,Small Finance Banks,Private Sector,Private,Small Finance Banks,False,0,0,0,0,0,0,0,0,0,0.0,0.0,0.0,0,0,0,0.0,0.0,0.0,False
2021,11,South Indian Bank,Private Sector,Private,South Indian Bank,False,0,855,439,1294,9942,0,9085,0,53179,0.0,1510.0,1510.0,3610442,2958643,2383557,130006.0,41719.0,171725.0,True
2021,11,Tamilnad Mercantile Bank,Private Sector,Private,Tamilnad Mercantile Bank,False,0,655,765,1420,4617,0,31165,1986,59560,73.0,2450.0,2523.0,1987996,4337940,494700,183953.0,11964.0,195917.0,True
2021,11,Yes Bank,Private Sector,Private,Yes Bank,False,0,999,191,1190,55342,22419,1037147,11189,2168385,473.0,74384.0,74857.0,3885746,2288007,2100412,109829.0,43216.0,153045.0,True
2021,11,Bank of Baroda,Public Sector,Public,Bank of Baroda,False,0,8764,2788,11552,43631,30931,746931,14560,1725266,733.0,58671.0,59404.0,71940496,28518593,13687249,1320347.0,245461.0,1565808.0,True
2021,11,Bank of India,Public Sector,Public,Bank of India,False,0,1842,3261,5103,50869,10142,166010,9611,279164,554.0,8239.0,8793.0,44379081,18451187,8958517,713171.0,138664.0,851835.0,True
2021,11,Bank of Maharashtra,Public Sector,Public,Bank of Maharashtra,False,0,1548,448,1996,3039,3039,73540,1025,87611,48.0,3389.0,3437.0,11405547,7160436,4367885,307333.0,64133.0,371466.0,True
2021,11,Canara Bank,Public Sector,Public,Canara Bank,False,0,8100,4146,12246,41726,8938,888385,45458,788174,2080.0,20662.0,22742.0,45231215,31171149,15413465,1380081.0,277102.0,1657183.0,True
2021,11,Central Bank of India,Public Sector,Public,Central Bank of India,False,0,2581,750,3331,3938,7121,0,0,0,0.0,0.0,0.0,28916502,9912574,4091930,442334.0,81567.0,523901.0,True
2021,11,IDBI Bank,Public Sector,Public,IDBI Bank,False,0,2217,1170,3387,23780,235,38990,370,118643,21.0,3486.0,3507.0,13105036,7058077,4168394,346384.0,78369.0,424753.0,True
2021,11,Indian Bank,Public Sector,Public,Indian Bank,False,0,4383,649,5032,14752,9241,152832,3822,195079,242.0,5741.0,5983.0,26307154,20081190,9280241,913452.0,148284.0,1061736.0,True
2021,11,Indian Overseas Bank,Public Sector,Public,Indian Overseas Bank,False,0,2735,511,3246,11073,0,69120,631,79234,29.0,1745.0,1774.0,19971785,13620247,4986934,568563.0,82448.0,651011.0,True
2021,11,Punjab & Sind Bank,Public Sector,Public,Punjab & Sind Bank,False,0,1074,29,1103,1124,357,0,0,0,0.0,0.0,0.0,3396890,1635653,1057818,73924.0,20590.0,94514.0,True
2021,11,Punjab National Bank,Public Sector,Public,Punjab National Bank,False,0,8251,5128,13379,47711,11265,319224,2718,603201,85.0,16374.0,16459.0,45042111,31794603,15065385,1559432.0,291010.0,1850442.0,True
2021,11,State Bank of India,Public Sector,Public,State Bank of India,False,0,25646,38618,64264,765358,46597,12968393,85023,39985842,3109.0,1772156.0,1775265.0,283141661,190084379,97514850,9485626.0,1860090.0,11345716.0,True
2021,11,UCO Bank,Public Sector,Public,UCO Bank,False,0,2149,218,2367,8964,3568,0,0,0,0.0,0.0,0.0,11038509,6632338,3275778,287946.0,58274.0,346220.0,True
2021,11,Union Bank of India,Public Sector,Public,Union Bank of India,False,0,8392,3375,11767,308348,8019,525021,5900,782529,301.0,23409.0,23710.0,46787680,45830519,18630857,1387071.0,287203.0,1674274.0,True
2021,11,AU Small Finance Bank,Small Finance Banks,Small Finance,AU Small Finance Bank,False,0,387,3,390,0,286,83508,3275,225622,192.0,12444.0,12636.0,1722538,706190,356217,46920.0,10182.0,57102.0,True
2021,11,Capital Small Finance Bank,Small Finance Banks,Small Finance,Capital Small Finance Bank,False,0,159,2,161,0,0,0,0,0,0.0,0.0,0.0,173427,127149,72948,7020.0,1865.0,8885.0,True
2021,11,ESAF Small Finance Bank,Small Finance Banks,Small Finance,ESAF Small Finance Bank,False,0,366,2,368,0,368,0,0,0,0.0,0.0,0.0,4124202,1160172,295011,59306.0,3466.0,62772.0,True
2021,11,Equitas Small Finance Bank,Small Finance Banks,Small Finance,Equitas Small Finance Bank,False,0,333,2,335,8979,297,0,0,0,0.0,0.0,0.0,2543696,773857,346124,26738.0,6756.0,33494.0,True
2021,11,Fincare Small Finance Bank,Small Finance Banks,Small Finance,Fincare Small Finance Bank,False,0,113,0,113,0,0,0,0,0,0.0,0.0,0.0,2919601,788851,74792,37271.0,846.0,38117.0,True
2021,11,Jana Small Finance Bank,Small Finance Banks,Small Finance,Jana Small Finance Bank,False,0,90,3,93,0,163,0,0,0,0.0,0.0,0.0,2218238,230970,77037,10592.0,1078.0,11670.0,True
2021,11,North East Small Finance Bank,Small Finance Banks,Small Finance,North East Small Finance Bank,False,0,8,1,9,0,0,0,0,0,0.0,0.0,0.0,287615,43858,19007,1727.0,255.0,1982.0,True
2021,11,Suryoday Small Finance Bank,Small Finance Banks,Small Finance,Suryoday Small Finance Bank,False,0,0,0,0,0,0,0,0,0,0.0,0.0,0.0,358736,83157,35398,3722.0,426.0,4148.0,True
2021,11,Ujjivan Small Finance Bank,Small Finance Banks,Small Finance,Ujjivan Small Finance Bank,False,0,488,3,491,0,0,0,0,0,0.0,0.0,0.0,6743667,2835397,491783,124544.0,7370.0,131914.0,True
2021,11,Utkarsh Small Finance Bank,Small Finance Banks,Small Finance,Utkarsh Small Finance Bank,False,0,190,21,211,0,200,0,0,0,0.0,0.0,0.0,1075587,272251,51942,9635.0,803.0,10438.0,True
2021,12,American Express,Foreign Banks,Foreign,American Express,False,0,0,0,0,45657,0,1415598,1329,4458184,107.0,282145.0,282252.0,0,0,0,0.0,0.0,0.0,True
2021,12,Bank of America,Foreign Banks,Foreign,Bank of America,False,0,0,0,0,0,0,22892,2,34017,0.0,1512.0,1512.0,0,0,0,0.0,0.0,0.0,True
2021,12,Barclays Bank,Foreign Banks,Foreign,Barclays Bank,False,0,0,0,0,0,0,0,0,0,0.0,0.0,0.0,2037,398,100,35.0,3.0,38.0,True
2021,12,Citi Bank,Foreign Banks,Foreign,Axis Bank,True,2023,47,444,491,0,0,2569600,13605,13252908,786.0,407065.0,407851.0,1573571,1117990,2395503,61445.0,58649.0,120094.0,True
2021,12,DBS Bank,Foreign Banks,Foreign,DBS Bank,False,0,501,518,1019,1167,133,794,3,729,0.0,18.0,18.0,2295413,1413213,1230032,60230.0,17536.0,77766.0,True
2021,12,Deutsche Bank,Foreign Banks,Foreign,Deutsche Bank,False,0,13,19,32,0,0,0,0,0,0.0,0.0,0.0,124918,56003,112897,3217.0,2700.0,5917.0,True
2021,12,HSBC,Foreign Banks,Foreign,HSBC,False,0,46,32,78,0,0,797642,1917,1815105,156.0,73134.0,73290.0,498289,288804,426284,16151.0,11044.0,27195.0,True
2021,12,SBM Bank,Foreign Banks,Foreign,SBM Bank,False,0,6,0,6,0,81004,281805,61210,746725,3936.0,34398.0,38334.0,38779,5043,12301,188.0,249.0,437.0,True
2021,12,Standard Chartered Bank,Foreign Banks,Foreign,Standard Chartered Bank,False,0,88,76,164,0,0,1351188,2889,3390090,192.0,114504.0,114696.0,1103168,1107320,1789898,51356.0,35820.0,87176.0,True
2021,12,Airtel Payments Bank,Payment Banks,Payments Bank,Airtel Payments Bank,False,0,0,0,0,0,0,0,0,0,0.0,0.0,0.0,1966229,0,263677,0.0,1996.0,1996.0,True
2021,12,Fino Payments Bank,Payment Banks,Payments Bank,Fino Payments Bank,False,0,0,0,0,0,281282,0,0,0,0.0,0.0,0.0,3522084,1060211,212544,30598.0,3517.0,34115.0,True
2021,12,India Post Payments Bank,Payment Banks,Payments Bank,India Post Payments Bank,False,0,0,0,0,0,136109,0,0,0,0.0,0.0,0.0,3563334,0,381355,0.0,2369.0,2369.0,True
2021,12,Jio Payments Bank,Payment Banks,Payments Bank,Jio Payments Bank,False,0,0,0,0,0,0,0,0,0,0.0,0.0,0.0,0,0,0,0.0,0.0,0.0,False
2021,12,NSDL Payments Bank,Payment Banks,Payments Bank,NSDL Payments Bank,False,0,0,0,0,0,20897,0,0,0,0.0,0.0,0.0,273176,2420,22214,86.0,108.0,194.0,True
2021,12,Paytm Payments Bank,Payment Banks,Payments Bank,Paytm Payments Bank,False,0,1,65,66,343846,0,0,0,0,0.0,0.0,0.0,69680593,2378282,2932795,85313.0,33338.0,118651.0,True
2021,12,Atm,Private Sector,Private,Atm,False,0,0,0,0,0,0,0,0,0,0.0,0.0,0.0,0,0,0,0.0,0.0,0.0,False
2021,12,Axis Bank,Private Sector,Private,Axis Bank,False,0,5731,11232,16963,872966,710,8133522,35772,21070410,1502.0,758993.0,760495.0,26733062,23198511,19923694,1381228.0,471638.0,1852866.0,True
2021,12,Bandhan Bank,Private Sector,Private,Bandhan Bank,False,0,484,5,489,35974,0,0,0,0,0.0,0.0,0.0,4905021,2533220,1111781,129221.0,23080.0,152301.0,True
2021,12,CSB Bank,Private Sector,Private,CSB Bank,False,0,357,53,410,0,886,0,0,0,0.0,0.0,0.0,805794,519511,345877,24405.0,5753.0,30158.0,True
2021,12,City Union Bank,Private Sector,Private,City Union Bank,False,0,1088,645,1733,8445,16092,1967,10,2543,1.0,56.0,57.0,2385725,2628391,1182908,129721.0,19690.0,149411.0,True
2021,12,DCB Bank,Private Sector,Private,DCB Bank,False,0,325,28,353,8889,0,4087,232,11681,15.0,310.0,325.0,839097,360916,419072,20258.0,9623.0,29881.0,True
2021,12,Dhanlaxmi Bank,Private Sector,Private,Dhanlaxmi Bank,False,0,213,45,258,1485,0,6960,137,23191,5.0,491.0,496.0,504642,461276,317992,19714.0,5041.0,24755.0,True
2021,12,Federal Bank,Private Sector,Private,Federal Bank,False,0,1505,377,1882,17149,0,68900,1144,324876,63.0,10937.0,11000.0,9629331,8814451,7158694,429777.0,125555.0,555332.0,True
2021,12,HDFC Bank,Private Sector,Private,HDFC Bank,False,0,8180,9058,17238,1010511,3075,15835697,128359,54418285,8135.0,2360899.0,2369034.0,41251570,39867204,44350503,2346504.0,997609.0,3344113.0,True
2021,12,ICICI Bank,Private Sector,Private,ICICI Bank,False,0,8338,8367,16705,851261,3488,12353813,48404,41116707,2218.0,1986957.0,1989175.0,36799120,24684647,26833085,1513004.0,675210.0,2188214.0,True
2021,12,IDFC First Bank,Private Sector,Private,IDFC First Bank,False,0,512,215,727,23357,10472,630172,10737,2412991,421.0,120481.0,120902.0,3690684,2921561,2005409,121886.0,34148.0,156034.0,True
2021,12,IndusInd Bank,Private Sector,Private,IndusInd Bank,False,0,1455,1406,2861,189184,259,1750124,16969,4550588,884.0,468617.0,469501.0,6612105,4988958,3001927,239929.0,67681.0,307610.0,True
2021,12,J&K Bank,Private Sector,Private,J&K Bank,False,0,831,612,1443,11721,942,83477,6345,246926,253.0,11200.0,11453.0,3816083,6139547,5013898,320638.0,45832.0,366470.0,True
2021,12,Karnataka Bank,Private Sector,Private,Karnataka Bank,False,0,778,654,1432,9994,0,0,0,0,0.0,0.0,0.0,5168550,4431620,2821631,186326.0,35422.0,221748.0,True
2021,12,Karur Vysya Bank,Private Sector,Private,Karur Vysya Bank,False,0,1342,885,2227,9766,0,5403,225,18293,16.0,962.0,978.0,4136917,5303947,2645184,251113.0,51039.0,302152.0,True
2021,12,Kotak Mahindra Bank,Private Sector,Private,Kotak Mahindra Bank,False,0,1341,1262,2603,50707,0,2742477,27917,5850360,1194.0,232633.0,233827.0,21988406,9800502,10195687,444565.0,188116.0,632681.0,True
2021,12,Payment Banks,Private Sector,Private,Payment Banks,False,0,0,0,0,0,0,0,0,0,0.0,0.0,0.0,0,0,0,0.0,0.0,0.0,False
2021,12,RBL Bank,Private Sector,Private,RBL Bank,False,0,363,44,407,582649,0,3459806,33993,8848223,1191.0,415225.0,416416.0,1238900,621764,524186,30222.0,10542.0,40764.0,True
2021,12,Small Finance Banks,Private Sector,Private,Small Finance Banks,False,0,0,0,0,0,0,0,0,0,0.0,0.0,0.0,0,0,0,0.0,0.0,0.0,False
2021,12,South Indian Bank,Private Sector,Private,South Indian Bank,False,0,854,439,1293,10361,0,16813,0,106692,0.0,3741.0,3741.0,3576124,3256467,2580703,144169.0,46078.0,190247.0,True
2021,12,Tamilnad Mercantile Bank,Private Sector,Private,Tamilnad Mercantile Bank,False,0,474,668,1142,4617,0,31225,1811,64039,75.0,2661.0,2736.0,2004889,5406465,609254,220438.0,10809.0,231247.0,True
2021,12,Yes Bank,Private Sector,Private,Yes Bank,False,0,998,195,1193,54600,28682,1072172,12374,2284097,521.0,79053.0,79574.0,3973742,2394661,2205265,113894.0,43021.0,156915.0,True
2021,12,Bank of Baroda,Public Sector,Public,Bank of Baroda,False,0,8786,2749,11535,43016,31997,811986,16555,1845170,804.0,60739.0,61543.0,73208996,28864134,13811677,1328633.0,239237.0,1567870.0,True
2021,12,Bank of India,Public Sector,Public,Bank of India,False,0,1820,2452,4272,49623,10829,167132,8744,275834,502.0,8106.0,8608.0,44211273,18507009,8877812,703795.0,132877.0,836672.0,True
2021,12,Bank of Maharashtra,Public Sector,Public,Bank of Maharashtra,False,0,1480,444,1924,2913,2913,75346,1040,86994,49.0,3398.0,3447.0,11694712,7416666,4285454,309890.0,64253.0,374143.0,True
2021,12,Canara Bank,Public Sector,Public,Canara Bank,False,0,8502,4222,12724,44005,8905,882293,52652,830648,2406.0,21968.0,24374.0,45505776,32865327,15762168,1455958.0,278732.0,1734690.0,True
2021,12,Central Bank of India,Public Sector,Public,Central Bank of India,False,0,2570,745,3315,3909,6589,0,0,0,0.0,0.0,0.0,29251605,10005587,4038792,440581.0,76807.0,517388.0,True
2021,12,IDBI Bank,Public Sector,Public,IDBI Bank,False,0,2217,1177,3394,23554,233,38319,392,114795,21.0,3368.0,3389.0,13026821,7261872,4114534,353052.0,75104.0,428156.0,True
2021,12,Indian Bank,Public Sector,Public,Indian Bank,False,0,4430,649,5079,14874,9241,152624,3918,206874,244.0,6052.0,6296.0,26451346,21191108,9615543,955397.0,152038.0,1107435.0,True
2021,12,Indian Overseas Bank,Public Sector,Public,Indian Overseas Bank,False,0,2725,545,3270,0,0,70115,836,85831,38.0,1846.0,1884.0,20120147,14788965,5207861,618579.0,84990.0,703569.0,True
2021,12,Punjab & Sind Bank,Public Sector,Public,Punjab & Sind Bank,False,0,1071,32,1103,1114,357,0,0,0,0.0,0.0,0.0,3405719,1646186,1022827,73567.0,19483.0,93050.0,True
2021,12,Punjab National Bank,Public Sector,Public,Punjab National Bank,False,0,8355,5239,13594,48614,11265,322904,3093,610550,98.0,16722.0,16820.0,45303071,32130025,15148049,1550413.0,279855.0,1830268.0,True
2021,12,State Bank of India,Public Sector,Public,State Bank of India,False,0,25696,37910,63606,821318,47589,13160859,87850,41105605,3156.0,1862117.0,1865273.0,279674559,196382952,98894370,9698200.0,1780880.0,11479080.0,True
2021,12,UCO Bank,Public Sector,Public,UCO Bank,False,0,2141,232,2373,8880,3568,0,0,0,0.0,0.0,0.0,11142317,6747077,3089679,290328.0,52958.0,343286.0,True
2021,12,Union Bank of India,Public Sector,Public,Union Bank of India,False,0,8200,3255,11455,281757,8049,527063,6501,759926,330.0,22771.0,23101.0,47111636,48173880,20704346,1440230.0,290523.0,1730753.0,True
2021,12,AU Small Finance Bank,Small Finance Banks,Small Finance,AU Small Finance Bank,False,0,396,3,399,0,295,103924,3491,288569,205.0,17641.0,17846.0,1787644,746702,382906,49386.0,10293.0,59679.0,True
2021,12,Capital Small Finance Bank,Small Finance Banks,Small Finance,Capital Small Finance Bank,False,0,159,2,161,0,0,0,0,0,0.0,0.0,0.0,176329,126688,69079,6750.0,1564.0,8314.0,True
2021,12,ESAF Small Finance Bank,Small Finance Banks,Small Finance,ESAF Small Finance Bank,False,0,371,2,373,0,429,0,0,0,0.0,0.0,0.0,4251937,1241523,326844,62855.0,3822.0,66677.0,True
2021,12,Equitas Small Finance Bank,Small Finance Banks,Small Finance,Equitas Small Finance Bank,False,0,334,2,336,10428,295,0,0,0,0.0,0.0,0.0,2779959,829048,377663,29419.0,7007.0,36426.0,True
2021,12,Fincare Small Finance Bank,Small Finance Banks,Small Finance,Fincare Small Finance Bank,False,0,116,0,116,0,0,0,0,0,0.0,0.0,0.0,3032073,818912,74666,40312.0,846.0,41158.0,True
2021,12,Jana Small Finance Bank,Small Finance Banks,Small Finance,Jana Small Finance Bank,False,0,67,2,69,0,164,0,0,0,0.0,0.0,0.0,2242797,245319,80397,11356.0,1109.0,12465.0,True
2021,12,North East Small Finance Bank,Small Finance Banks,Small Finance,North East Small Finance Bank,False,0,8,1,9,0,0,0,0,0,0.0,0.0,0.0,297360,48170,19835,1919.0,255.0,2174.0,True
2021,12,Suryoday Small Finance Bank,Small Finance Banks,Small Finance,Suryoday Small Finance Bank,False,0,0,0,0,0,0,0,0,0,0.0,0.0,0.0,378017,92007,36153,4117.0,416.0,4533.0,True
2021,12,Ujjivan Small Finance Bank,Small Finance Banks,Small Finance,Ujjivan Small Finance Bank,False,0,488,3,491,0,0,0,0,0,0.0,0.0,0.0,6860938,3449451,530191,156360.0,7844.0,164204.0,True
2021,12,Utkarsh Small Finance Bank,Small Finance Banks,Small Finance,Utkarsh Small Finance Bank,False,0,198,26,224,0,200,0,0,0,0.0,0.0,0.0,1125309,313549,53546,10932.0,747.0,11679.0,True
2022,1,American Express,Foreign Banks,Foreign,American Express,False,0,0,0,0,45687,0,1405362,1179,3802402,100.0,222571.0,222671.0,0,0,0,0.0,0.0,0.0,True
2022,1,Bank of America,Foreign Banks,Foreign,Bank of America,False,0,0,0,0,0,0,22137,2,18669,0.0,780.0,780.0,0,0,0,0.0,0.0,0.0,True
2022,1,Barclays Bank,Foreign Banks,Foreign,Barclays Bank,False,0,0,0,0,0,0,0,0,0,0.0,0.0,0.0,1947,381,93,35.0,4.0,39.0,True
2022,1,Citi Bank,Foreign Banks,Foreign,Axis Bank,True,2023,47,444,491,0,0,2561499,11381,11547895,660.0,362236.0,362896.0,1454747,916264,2006665,49922.0,50149.0,100071.0,True
2022,1,DBS Bank,Foreign Banks,Foreign,DBS Bank,False,0,502,518,1020,1104,131,903,5,1996,0.0,63.0,63.0,2186306,1294971,1063062,55467.0,15339.0,70806.0,True
2022,1,Deutsche Bank,Foreign Banks,Foreign,Deutsche Bank,False,0,13,19,32,0,0,0,0,0,0.0,0.0,0.0,118612,45351,92370,2602.0,2117.0,4719.0,True
2022,1,HSBC,Foreign Banks,Foreign,HSBC,False,0,46,32,78,0,0,798853,1526,1592920,126.0,66592.0,66718.0,505815,243312,366956,13463.0,8971.0,22434.0,True
2022,1,SBM Bank,Foreign Banks,Foreign,SBM Bank,False,0,6,0,6,0,109491,314479,53623,660203,3457.0,33300.0,36757.0,50500,4607,11756,189.0,239.0,428.0,True
2022,1,Standard Chartered Bank,Foreign Banks,Foreign,Standard Chartered Bank,False,0,88,77,165,0,0,1342161,2834,2976893,188.0,103576.0,103764.0,1115128,996134,1506158,46817.0,29961.0,76778.0,True
2022,1,Airtel Payments Bank,Payment Banks,Payments Bank,Airtel Payments Bank,False,0,0,0,0,0,0,0,0,0,0.0,0.0,0.0,1965712,0,247649,0.0,1750.0,1750.0,True
2022,1,Fino Payments Bank,Payment Banks,Payments Bank,Fino Payments Bank,False,0,0,0,0,0,289283,0,0,0,0.0,0.0,0.0,3746485,1101584,203512,32934.0,3258.0,36192.0,True
2022,1,India Post Payments Bank,Payment Banks,Payments Bank,India Post Payments Bank,False,0,0,0,0,0,135092,0,0,0,0.0,0.0,0.0,4075835,0,447247,0.0,2426.0,2426.0,True
2022,1,Jio Payments Bank,Payment Banks,Payments Bank,Jio Payments Bank,False,0,0,0,0,0,0,0,0,0,0.0,0.0,0.0,0,0,0,0.0,0.0,0.0,False
2022,1,NSDL Payments Bank,Payment Banks,Payments Bank,NSDL Payments Bank,False,0,0,0,0,0,22992,0,0,0,0.0,0.0,0.0,300006,2437,22968,92.0,113.0,205.0,True
2022,1,Paytm Payments Bank,Payment Banks,Payments Bank,Paytm Payments Bank,False,0,1,67,68,358981,0,0,0,0,0.0,0.0,0.0,66171234,2361943,2920459,86251.0,31209.0,117460.0,True
2022,1,Atm,Private Sector,Private,Atm,False,0,0,0,0,0,0,0,0,0,0.0,0.0,0.0,0,0,0,0.0,0.0,0.0,False
2022,1,Axis Bank,Private Sector,Private,Axis Bank,False,0,5747,11233,16980,918887,710,8353076,35964,20331163,1455.0,766727.0,768182.0,27077052,20412940,17726956,1234731.0,432361.0,1667092.0,True
2022,1,Bandhan Bank,Private Sector,Private,Bandhan Bank,False,0,484,5,489,36140,0,0,0,0,0.0,0.0,0.0,4936932,2439106,994755,124608.0,21301.0,145909.0,True
2022,1,CSB Bank,Private Sector,Private,CSB Bank,False,0,1089,640,1729,0,925,0,0,0,0.0,0.0,0.0,806221,473147,304524,22066.0,5004.0,27070.0,True
2022,1,City Union Bank,Private Sector,Private,City Union Bank,False,0,375,52,427,8304,17690,1906,14,2200,0.0,48.0,48.0,2395402,2478715,1114191,124194.0,19137.0,143331.0,True
2022,1,DCB Bank,Private Sector,Private,DCB Bank,False,0,333,28,361,8930,0,3980,227,10767,15.0,285.0,300.0,842587,320056,361219,18726.0,8220.0,26946.0,True
2022,1,Dhanlaxmi Bank,Private Sector,Private,Dhanlaxmi Bank,False,0,213,45,258,1456,0,7029,124,22347,4.0,527.0,531.0,508403,442122,294902,19059.0,4641.0,23700.0,True
2022,1,Federal Bank,Private Sector,Private,Federal Bank,False,0,1503,371,1874,17086,0,87536,1138,384509,64.0,13778.0,13842.0,9943182,8337363,6560362,404534.0,113559.0,518093.0,True
2022,1,HDFC Bank,Private Sector,Private,HDFC Bank,False,0,8261,9152,17413,1026531,3075,16045393,119184,49546380,7396.0,2173792.0,2181188.0,41862466,37085905,39645436,2187482.0,870841.0,3058323.0,True
2022,1,ICICI Bank,Private Sector,Private,ICICI Bank,False,0,8350,8362,16712,843704,3435,12595116,40460,38400861,1828.0,1884744.0,1886572.0,36787344,22308936,23063607,1378001.0,589060.0,1967061.0,True
2022,1,IDFC First Bank,Private Sector,Private,IDFC First Bank,False,0,512,214,726,24296,10578,685934,9954,2245892,366.0,114233.0,114599.0,3808636,2857729,1803433,120558.0,30644.0,151202.0,True
2022,1,IndusInd Bank,Private Sector,Private,IndusInd Bank,False,0,1470,1400,2870,198526,164,1788984,16254,4317220,830.0,377415.0,378245.0,6680693,4310993,2757555,230873.0,63308.0,294181.0,True
2022,1,J&K Bank,Private Sector,Private,J&K Bank,False,0,831,613,1444,11115,942,82903,5729,233031,219.0,9703.0,9922.0,3711437,5241294,4955322,259918.0,39514.0,299432.0,True
2022,1,Karnataka Bank,Private Sector,Private,Karnataka Bank,False,0,785,640,1425,10036,0,0,0,0,0.0,0.0,0.0,5180182,4227662,2585472,179130.0,32002.0,211132.0,True
2022,1,Karur Vysya Bank,Private Sector,Private,Karur Vysya Bank,False,0,1349,883,2232,9703,0,5955,178,15350,12.0,863.0,875.0,4096517,4913482,2435398,235355.0,48935.0,284290.0,True
2022,1,Kotak Mahindra Bank,Private Sector,Private,Kotak Mahindra Bank,False,0,1352,1257,2609,51761,0,2877676,28739,5626455,1150.0,233400.0,234550.0,22536678,9380533,9258239,423197.0,180428.0,603625.0,True
2022,1,Payment Banks,Private Sector,Private,Payment Banks,False,0,0,0,0,0,0,0,0,0,0.0,0.0,0.0,0,0,0,0.0,0.0,0.0,False
2022,1,RBL Bank,Private Sector,Private,RBL Bank,False,0,365,43,408,607980,0,3556159,32100,8356042,1082.0,403609.0,404691.0,1262814,572696,462997,27750.0,9273.0,37023.0,True
2022,1,Small Finance Banks,Private Sector,Private,Small Finance Banks,False,0,0,0,0,0,0,0,0,0,0.0,0.0,0.0,0,0,0,0.0,0.0,0.0,False
2022,1,South Indian Bank,Private Sector,Private,South Indian Bank,False,0,855,432,1287,11114,0,29662,0,165293,0.0,6529.0,6529.0,3596670,2987335,2247541,133039.0,40303.0,173342.0,True
2022,1,Tamilnad Mercantile Bank,Private Sector,Private,Tamilnad Mercantile Bank,False,0,476,666,1142,4860,0,31861,1828,60036,74.0,2514.0,2588.0,2019719,5162133,563669,208738.0,10240.0,218978.0,True
2022,1,Unity Small Finance Bank Limited,Private Sector,Private,Unity Small Finance Bank Limited,False,0,0,0,0,0,0,0,0,0,0.0,0.0,0.0,0,0,0,0.0,0.0,0.0,False
2022,1,Yes Bank,Private Sector,Private,Yes Bank,False,0,1014,198,1212,56377,41460,1105401,12628,2060706,535.0,76249.0,76784.0,4012961,2256265,1905560,107810.0,37187.0,144997.0,True
2022,1,Bank of Baroda,Public Sector,Public,Bank of Baroda,False,0,8765,2745,11510,42426,32865,862290,16949,1790310,839.0,64621.0,65460.0,73809630,28109455,12736578,1291892.0,222211.0,1514103.0,True
2022,1,Bank of India,Public Sector,Public,Bank of India,False,0,2122,2378,4500,49944,10829,167064,8195,257074,468.0,7466.0,7934.0,44500508,17762366,8240605,672067.0,120102.0,792169.0,True
2022,1,Bank of Maharashtra,Public Sector,Public,Bank of Maharashtra,False,0,1604,437,2041,2881,0,76453,1086,86098,50.0,3485.0,3535.0,11917624,7281296,4093982,300152.0,56685.0,356837.0,True
2022,1,Canara Bank,Public Sector,Public,Canara Bank,False,0,8493,4227,12720,45402,8906,884736,50676,814757,2293.0,21279.0,23572.0,45777153,30919274,14478601,1365346.0,253208.0,1618554.0,True
2022,1,Central Bank of India,Public Sector,Public,Central Bank of India,False,0,2571,744,3315,3943,6509,0,0,0,0.0,0.0,0.0,29603857,9276007,3441527,403686.0,64785.0,468471.0,True
2022,1,IDBI Bank,Public Sector,Public,IDBI Bank,False,0,2217,1176,3393,22925,231,39584,352,106802,19.0,3170.0,3189.0,12970895,6851195,3742243,331182.0,67395.0,398577.0,True
2022,1,Indian Bank,Public Sector,Public,Indian Bank,False,0,4354,643,4997,15013,9322,153425,3309,190238,218.0,5574.0,5792.0,26592618,20249697,9256110,917533.0,147803.0,1065336.0,True
2022,1,Indian Overseas Bank,Public Sector,Public,Indian Overseas Bank,False,0,2731,569,3300,0,0,71247,717,78192,31.0,1689.0,1720.0,20245755,14032369,4750336,587339.0,78273.0,665612.0,True
2022,1,Punjab & Sind Bank,Public Sector,Public,Punjab & Sind Bank,False,0,1071,32,1103,1104,357,0,0,0,0.0,0.0,0.0,3464325,1519677,899155,67452.0,17371.0,84823.0,True
2022,1,Punjab National Bank,Public Sector,Public,Punjab National Bank,False,0,8357,5213,13570,47646,11265,324495,3352,570750,104.0,15936.0,16040.0,45514858,29078270,13985236,1402624.0,253671.0,1656295.0,True
2022,1,State Bank of India,Public Sector,Public,State Bank of India,False,0,25858,38096,63954,833421,48447,13312608,79077,38455423,2808.0,1756032.0,1758840.0,280953089,184007591,90580824,9091545.0,1618277.0,10709822.0,True
2022,1,UCO Bank,Public Sector,Public,UCO Bank,False,0,2099,229,2328,8804,3568,0,0,0,0.0,0.0,0.0,11219169,6443542,2884348,276791.0,49129.0,325920.0,True
2022,1,Union Bank of India,Public Sector,Public,Union Bank of India,False,0,8176,3245,11421,282477,8049,531131,6172,741861,319.0,22282.0,22601.0,46993660,46197538,19900927,1360572.0,266206.0,1626778.0,True
2022,1,AU Small Finance Bank,Small Finance Banks,Small Finance,AU Small Finance Bank,False,0,398,3,401,0,322,125071,3961,334287,228.0,21780.0,22008.0,1842355,763209,368462,50300.0,9918.0,60218.0,True
2022,1,Capital Small Finance Bank,Small Finance Banks,Small Finance,Capital Small Finance Bank,False,0,159,2,161,0,0,0,0,0,0.0,0.0,0.0,178645,114757,65654,6038.0,1415.0,7453.0,True
2022,1,ESAF Small Finance Bank,Small Finance Banks,Small Finance,ESAF Small Finance Bank,False,0,116,0,116,0,510,0,0,0,0.0,0.0,0.0,4297731,1138152,290567,56833.0,3459.0,60292.0,True
2022,1,Equitas Small Finance Bank,Small Finance Banks,Small Finance,Equitas Small Finance Bank,False,0,376,2,378,11422,295,0,0,0,0.0,0.0,0.0,3003452,835518,350374,30106.0,6846.0,36952.0,True
2022,1,Fincare Small Finance Bank,Small Finance Banks,Small Finance,Fincare Small Finance Bank,False,0,334,2,336,0,0,0,0,0,0.0,0.0,0.0,3123063,707574,68682,34487.0,786.0,35273.0,True
2022,1,Jana Small Finance Bank,Small Finance Banks,Small Finance,Jana Small Finance Bank,False,0,65,2,67,0,164,0,0,0,0.0,0.0,0.0,2270700,280778,81571,13605.0,1156.0,14761.0,True
2022,1,North East Small Finance Bank,Small Finance Banks,Small Finance,North East Small Finance Bank,False,0,8,1,9,0,0,0,0,0,0.0,0.0,0.0,297839,44659,19357,1751.0,254.0,2005.0,True
2022,1,Suryoday Small Finance Bank,Small Finance Banks,Small Finance,Suryoday Small Finance Bank,False,0,0,0,0,0,0,0,0,0,0.0,0.0,0.0,390526,89806,34786,3922.0,414.0,4336.0,True
2022,1,Ujjivan Small Finance Bank,Small Finance Banks,Small Finance,Ujjivan Small Finance Bank,False,0,488,3,491,0,0,0,0,0,0.0,0.0,0.0,7020038,3517361,511978,163745.0,7924.0,171669.0,True
2022,1,Utkarsh Small Finance Bank,Small Finance Banks,Small Finance,Utkarsh Small Finance Bank,False,0,203,20,223,0,200,0,0,0,0.0,0.0,0.0,1182870,317160,48950,10895.0,692.0,11587.0,True
2022,2,American Express,Foreign Banks,Foreign,American Express,False,0,0,0,0,45020,0,1393728,0,3846425,0.0,241836.0,241836.0,0,0,0,0.0,0.0,0.0,True
2022,2,Bank of America,Foreign Banks,Foreign,Bank of America,False,0,0,0,0,0,0,21955,0,27801,0.0,1185.0,1185.0,0,0,0,0.0,0.0,0.0,True
2022,2,Barclays Bank,Foreign Banks,Foreign,Barclays Bank,False,0,0,0,0,0,0,0,0,0,0.0,0.0,0.0,1797,375,106,32.0,4.0,36.0,True
2022,2,Citi Bank,Foreign Banks,Foreign,Axis Bank,True,2023,47,443,490,0,0,2554833,11249,11077457,676.0,354830.0,355506.0,1444035,906586,1871247,50423.0,44620.0,95043.0,True
2022,2,DBS Bank,Foreign Banks,Foreign,DBS Bank,False,0,505,521,1026,1055,130,978,4,1848,0.0,59.0,59.0,2148957,1226040,994038,54726.0,14596.0,69322.0,True
2022,2,Deutsche Bank,Foreign Banks,Foreign,Deutsche Bank,False,0,13,19,32,0,0,0,0,0,0.0,0.0,0.0,119597,45481,87591,2635.0,2131.0,4766.0,True
2022,2,HSBC,Foreign Banks,Foreign,HSBC,False,0,46,30,76,0,0,796752,1409,1491138,114.0,62355.0,62469.0,511987,238080,346257,13348.0,8869.0,22217.0,True
2022,2,SBM Bank,Foreign Banks,Foreign,SBM Bank,False,0,6,0,6,0,138023,385737,46038,795745,2887.0,39386.0,42273.0,46433,4814,10089,199.0,195.0,394.0,True
2022,2,Standard Chartered Bank,Foreign Banks,Foreign,Standard Chartered Bank,False,0,88,76,164,0,0,1340950,2892,2833602,199.0,102834.0,103033.0,1117243,957936,1423689,45378.0,28667.0,74045.0,True
2022,2,Airtel Payments Bank,Payment Banks,Payments Bank,Airtel Payments Bank,False,0,0,0,0,0,0,0,0,0,0.0,0.0,0.0,1965181,0,208256,0.0,1534.0,1534.0,True
2022,2,Fino Payments Bank,Payment Banks,Payments Bank,Fino Payments Bank,False,0,0,0,0,0,294770,0,0,0,0.0,0.0,0.0,4209492,1090095,191728,33472.0,3197.0,36669.0,True
2022,2,India Post Payments Bank,Payment Banks,Payments Bank,India Post Payments Bank,False,0,0,0,0,0,135092,0,0,0,0.0,0.0,0.0,4496253,0,393292,0.0,2119.0,2119.0,True
2022,2,Jio Payments Bank,Payment Banks,Payments Bank,Jio Payments Bank,False,0,0,0,0,0,0,0,0,0,0.0,0.0,0.0,0,0,0,0.0,0.0,0.0,False
2022,2,NSDL Payments Bank,Payment Banks,Payments Bank,NSDL Payments Bank,False,0,0,0,0,0,26161,0,0,0,0.0,0.0,0.0,321939,2896,24615,115.0,126.0,241.0,True
2022,2,Paytm Payments Bank,Payment Banks,Payments Bank,Paytm Payments Bank,False,0,1,66,67,381535,0,0,0,0,0.0,0.0,0.0,61140286,2314788,2542377,84775.0,28970.0,113745.0,True
2022,2,Atm,Private Sector,Private,Atm,False,0,0,0,0,0,0,0,0,0,0.0,0.0,0.0,0,0,0,0.0,0.0,0.0,False
2022,2,Axis Bank,Private Sector,Private,Axis Bank,False,0,5742,11208,16950,952136,710,8600863,36997,19451856,1508.0,774797.0,776305.0,27314085,19810385,16749061,1224356.0,420337.0,1644693.0,True
2022,2,Bandhan Bank,Private Sector,Private,Bandhan Bank,False,0,484,5,489,36256,0,0,0,0,0.0,0.0,0.0,5014750,2323165,908529,120128.0,20272.0,140400.0,True
2022,2,CSB Bank,Private Sector,Private,CSB Bank,False,0,394,51,445,0,999,0,0,0,0.0,0.0,0.0,807277,447504,281001,21046.0,4586.0,25632.0,True
2022,2,City Union Bank,Private Sector,Private,City Union Bank,False,0,1085,638,1723,8070,19181,1865,7,1869,0.0,48.0,48.0,2408889,2406238,1055933,127539.0,18240.0,145779.0,True
2022,2,DCB Bank,Private Sector,Private,DCB Bank,False,0,334,19,353,8991,0,3888,205,9854,14.0,292.0,306.0,849748,297844,342987,17580.0,7713.0,25293.0,True
2022,2,Dhanlaxmi Bank,Private Sector,Private,Dhanlaxmi Bank,False,0,214,44,258,1462,0,7095,99,20664,4.0,469.0,473.0,507119,419216,276353,18317.0,4349.0,22666.0,True
2022,2,Federal Bank,Private Sector,Private,Federal Bank,False,0,1508,371,1879,17117,0,104232,1209,449440,74.0,16711.0,16785.0,10216668,8031655,6124859,392808.0,106849.0,499657.0,True
2022,2,HDFC Bank,Private Sector,Private,HDFC Bank,False,0,8356,9255,17611,1037068,3075,16272871,115903,48573872,7338.0,2213518.0,2220856.0,42444090,36187933,36982649,2176917.0,831363.0,3008280.0,True
2022,2,ICICI Bank,Private Sector,Private,ICICI Bank,False,0,8357,8277,16634,887757,3706,12773465,39725,35994506,1860.0,1747308.0,1749168.0,36654493,21731849,21930747,1365264.0,558124.0,1923388.0,True
2022,2,IDFC First Bank,Private Sector,Private,IDFC First Bank,False,0,506,214,720,25410,11529,739541,10184,2225377,388.0,105410.0,105798.0,3930296,2771188,1689964,115021.0,29937.0,144958.0,True
2022,2,IndusInd Bank,Private Sector,Private,IndusInd Bank,False,0,1477,1383,2860,214411,164,1837032,15410,4217389,797.0,426431.0,427228.0,6859180,4221011,2578765,229978.0,60196.0,290174.0,True
2022,2,J&K Bank,Private Sector,Private,J&K Bank,False,0,839,613,1452,11023,942,81208,5877,247444,241.0,10634.0,10875.0,3530610,5340958,4941478,273013.0,43261.0,316274.0,True
2022,2,Karnataka Bank,Private Sector,Private,Karnataka Bank,False,0,803,632,1435,9233,0,0,0,0,0.0,0.0,0.0,5161405,4038910,2131185,177089.0,31123.0,208212.0,True
2022,2,Karur Vysya Bank,Private Sector,Private,Karur Vysya Bank,False,0,1358,877,2235,9548,0,6397,225,16347,16.0,913.0,929.0,4071717,4692747,2302817,230024.0,46837.0,276861.0,True
2022,2,Kotak Mahindra Bank,Private Sector,Private,Kotak Mahindra Bank,False,0,1370,1262,2632,53889,0,3034474,27929,5616984,1154.0,233508.0,234662.0,23059908,9203190,8768582,421841.0,165918.0,587759.0,True
2022,2,Payment Banks,Private Sector,Private,Payment Banks,False,0,0,0,0,0,0,0,0,0,0.0,0.0,0.0,0,0,0,0.0,0.0,0.0,False
2022,2,RBL Bank,Private Sector,Private,RBL Bank,False,0,372,41,413,724492,0,3631509,29456,8092042,1030.0,385693.0,386723.0,1282191,564319,446202,28294.0,9262.0,37556.0,True
2022,2,Small Finance Banks,Private Sector,Private,Small Finance Banks,False,0,0,0,0,0,0,0,0,0,0.0,0.0,0.0,0,0,0,0.0,0.0,0.0,False
2022,2,South Indian Bank,Private Sector,Private,South Indian Bank,False,0,854,425,1279,11468,0,42776,0,234492,0.0,8589.0,8589.0,3601339,2851111,2125604,128700.0,38253.0,166953.0,True
2022,2,Tamilnad Mercantile Bank,Private Sector,Private,Tamilnad Mercantile Bank,False,0,476,667,1143,4917,0,32806,1767,56214,74.0,2461.0,2535.0,2037529,4691589,499531,198379.0,9156.0,207535.0,True
2022,2,Unity Small Finance Bank Limited,Private Sector,Private,Unity Small Finance Bank Limited,False,0,0,0,0,0,0,0,0,0,0.0,0.0,0.0,0,0,0,0.0,0.0,0.0,False
2022,2,Yes Bank,Private Sector,Private,Yes Bank,False,0,1019,196,1215,57615,69626,1144367,12455,2105526,529.0,82298.0,82827.0,3521572,2219128,1834180,108212.0,36611.0,144823.0,True
2022,2,Bank of Baroda,Public Sector,Public,Bank of Baroda,False,0,8752,2750,11502,27534,34095,945037,16945,1888203,814.0,70632.0,71446.0,74000676,26625422,11896936,1260645.0,215023.0,1475668.0,True
2022,2,Bank of India,Public Sector,Public,Bank of India,False,0,2384,2615,4999,48095,10834,166998,8771,241824,507.0,7303.0,7810.0,44639149,16847595,7679862,661442.0,115406.0,776848.0,True
2022,2,Bank of Maharashtra,Public Sector,Public,Bank of Maharashtra,False,0,1670,434,2104,2847,0,77689,1098,83762,51.0,3443.0,3494.0,12105122,6755398,3726510,287248.0,52938.0,340186.0,True
2022,2,Canara Bank,Public Sector,Public,Canara Bank,False,0,8075,4156,12231,47923,8906,911312,50243,806949,2418.0,22036.0,24454.0,46172471,29222435,13417755,1333007.0,241665.0,1574672.0,True
2022,2,Central Bank of India,Public Sector,Public,Central Bank of India,False,0,2571,745,3316,3969,8824,0,0,0,0.0,0.0,0.0,29913806,8676131,3319593,391649.0,65193.0,456842.0,True
2022,2,IDBI Bank,Public Sector,Public,IDBI Bank,False,0,2218,1182,3400,22893,231,40055,390,101905,21.0,3246.0,3267.0,12853677,6500602,3514958,321690.0,65008.0,386698.0,True
2022,2,Indian Bank,Public Sector,Public,Indian Bank,False,0,4354,638,4992,14884,9412,154183,3293,181829,213.0,5393.0,5606.0,26745992,18891602,8290012,890836.0,133392.0,1024228.0,True
2022,2,Indian Overseas Bank,Public Sector,Public,Indian Overseas Bank,False,0,2742,611,3353,0,0,72477,742,77107,34.0,1741.0,1775.0,20309049,13376338,4482200,581918.0,74693.0,656611.0,True
2022,2,Punjab & Sind Bank,Public Sector,Public,Punjab & Sind Bank,False,0,1071,32,1103,1091,357,0,0,0,0.0,0.0,0.0,3501046,1451154,831492,66466.0,17150.0,83616.0,True
2022,2,Punjab National Bank,Public Sector,Public,Punjab National Bank,False,0,8368,5165,13533,48649,11265,326213,3415,534241,110.0,15417.0,15527.0,45773453,28341633,13252978,1408144.0,245778.0,1653922.0,True
2022,2,State Bank of India,Public Sector,Public,State Bank of India,False,0,25939,38589,64528,883707,49355,13521728,76291,36003792,2787.0,1615594.0,1618381.0,275398132,174496538,84499588,8787522.0,1522886.0,10310408.0,True
2022,2,UCO Bank,Public Sector,Public,UCO Bank,False,0,2081,227,2308,8792,3568,0,0,0,0.0,0.0,0.0,11269881,6120244,2773567,273031.0,49279.0,322310.0,True
2022,2,Union Bank of India,Public Sector,Public,Union Bank of India,False,0,8141,3195,11336,212466,8049,536753,5245,753576,271.0,23717.0,23988.0,47410781,43566998,15682687,1315158.0,249761.0,1564919.0,True
2022,2,AU Small Finance Bank,Small Finance Banks,Small Finance,AU Small Finance Bank,False,0,403,3,406,0,320,145847,4552,362167,246.0,24014.0,24260.0,1906046,764909,369343,50975.0,10132.0,61107.0,True
2022,2,Capital Small Finance Bank,Small Finance Banks,Small Finance,Capital Small Finance Bank,False,0,159,2,161,0,0,0,0,0,0.0,0.0,0.0,181035,109831,61768,5932.0,1531.0,7463.0,True
2022,2,ESAF Small Finance Bank,Small Finance Banks,Small Finance,ESAF Small Finance Bank,False,0,378,2,380,0,622,0,0,0,0.0,0.0,0.0,4347509,1043370,272210,52356.0,3241.0,55597.0,True
2022,2,Equitas Small Finance Bank,Small Finance Banks,Small Finance,Equitas Small Finance Bank,False,0,334,2,336,12547,294,0,0,0,0.0,0.0,0.0,3149521,800821,375131,29777.0,6866.0,36643.0,True
2022,2,Fincare Small Finance Bank,Small Finance Banks,Small Finance,Fincare Small Finance Bank,False,0,118,0,118,0,0,0,0,0,0.0,0.0,0.0,3217480,651549,61796,31888.0,730.0,32618.0,True
2022,2,Jana Small Finance Bank,Small Finance Banks,Small Finance,Jana Small Finance Bank,False,0,65,2,67,0,164,0,0,0,0.0,0.0,0.0,2305319,297606,78295,14775.0,1155.0,15930.0,True
2022,2,North East Small Finance Bank,Small Finance Banks,Small Finance,North East Small Finance Bank,False,0,8,1,9,0,0,0,0,0,0.0,0.0,0.0,298337,42172,17095,1659.0,225.0,1884.0,True
2022,2,Suryoday Small Finance Bank,Small Finance Banks,Small Finance,Suryoday Small Finance Bank,False,0,0,0,0,0,0,0,0,0,0.0,0.0,0.0,404428,99998,33369,4694.0,406.0,5100.0,True
2022,2,Ujjivan Small Finance Bank,Small Finance Banks,Small Finance,Ujjivan Small Finance Bank,False,0,488,3,491,0,0,0,0,0,0.0,0.0,0.0,7119415,2894702,452772,130958.0,7008.0,137966.0,True
2022,2,Utkarsh Small Finance Bank,Small Finance Banks,Small Finance,Utkarsh Small Finance Bank,False,0,204,12,216,0,204,0,0,0,0.0,0.0,0.0,1247523,338550,48303,11843.0,735.0,12578.0,True
2022,3,American Express,Foreign Banks,Foreign,American Express,False,0,0,0,0,45455,0,1383221,0,4614483,0.0,327700.93,327700.93,0,0,0,0.0,0.0,0.0,True
2022,3,Bank of America,Foreign Banks,Foreign,Bank of America,False,0,0,0,0,0,0,21756,0,39381,0.0,2066.95,2066.95,0,0,0,0.0,0.0,0.0,True
2022,3,Barclays Bank,Foreign Banks,Foreign,Barclays Bank,False,0,0,0,0,0,0,0,0,0,0.0,0.0,0.0,1736,401,132,35.0,9.35,44.35,True
2022,3,Citi Bank,Foreign Banks,Foreign,Axis Bank,True,2023,47,441,488,0,0,2551485,12658,13040691,747.45,437944.39,438691.84,1432288,1006987,2143920,56499.3,54272.63,110771.93,True
2022,3,DBS Bank,Foreign Banks,Foreign,DBS Bank,False,0,498,518,1016,1013,124,1000,2,2113,0.03,62.43,62.46,2125772,1326776,1085672,58319.94,15701.32,74021.26,True
2022,3,Deutsche Bank,Foreign Banks,Foreign,Deutsche Bank,False,0,13,19,32,0,0,0,0,0,0.0,0.0,0.0,121093,52600,100891,3038.32,2548.92,5587.24,True
2022,3,HSBC,Foreign Banks,Foreign,HSBC,False,0,46,28,74,0,0,796103,1675,1768838,136.93,75659.77,75796.7,515764,281463,402555,16222.05,10864.59,27086.64,True
2022,3,SBM Bank,Foreign Banks,Foreign,SBM Bank,False,0,6,0,6,0,165938,562051,108845,1389376,6810.13,60890.78,67700.91,52011,5486,7684,208.99,185.83,394.82,True
2022,3,Standard Chartered Bank,Foreign Banks,Foreign,Standard Chartered Bank,False,0,91,76,167,0,0,1342023,3205,3276323,205.76,122959.82,123165.58,1113075,1099928,1674223,51853.18,34948.68,86801.86,True
2022,3,Airtel Payments Bank,Payment Banks,Payments Bank,Airtel Payments Bank,False,0,0,0,0,0,0,0,0,0,0.0,0.0,0.0,1964142,0,213807,0.0,1566.0,1566.0,True
2022,3,Fino Payments Bank,Payment Banks,Payments Bank,Fino Payments Bank,False,0,0,0,0,0,304094,0,0,0,0.0,0.0,0.0,4415157,1337527,232537,41221.39,4056.22,45277.61,True
2022,3,India Post Payments Bank,Payment Banks,Payments Bank,India Post Payments Bank,False,0,0,0,0,0,135092,0,0,0,0.0,0.0,0.0,4788986,0,389128,0.0,2405.71,2405.71,True
2022,3,Jio Payments Bank,Payment Banks,Payments Bank,Jio Payments Bank,False,0,0,0,0,0,0,0,0,0,0.0,0.0,0.0,0,0,0,0.0,0.0,0.0,False
2022,3,NSDL Payments Bank,Payment Banks,Payments Bank,NSDL Payments Bank,False,0,0,0,0,0,30397,0,0,0,0.0,0.0,0.0,334371,3801,24688,157.0,123.77,280.77,True
2022,3,Paytm Payments Bank,Payment Banks,Payments Bank,Paytm Payments Bank,False,0,1,70,71,403006,0,0,0,0,0.0,0.0,0.0,36619887,2669476,2641741,97290.91,30395.92,127686.83,True
2022,3,At Pos,Private Sector,Private,At Pos,False,0,0,0,0,0,0,0,0,0,0.0,0.0,0.0,0,0,0,0.0,0.0,0.0,False
2022,3,Atm,Private Sector,Private,Atm,False,0,0,0,0,0,0,0,0,0,0.0,0.0,0.0,0,0,0,0.0,0.0,0.0,False
2022,3,Axis Bank,Private Sector,Private,Axis Bank,False,0,5748,11174,16922,1010244,710,9034829,45631,23249245,1851.06,938650.43,940501.49,27747647,22320612,18706621,1379316.64,461273.69,1840590.33,True
2022,3,Bandhan Bank,Private Sector,Private,Bandhan Bank,False,0,466,5,471,36339,0,0,0,0,0.0,0.0,0.0,4966096,2658287,987367,140037.67,23235.03,163272.7,True
2022,3,CSB Bank,Private Sector,Private,CSB Bank,False,0,1110,622,1732,0,1067,0,0,0,0.0,0.0,0.0,804171,498802,307998,23704.33,5137.64,28841.97,True
2022,3,City Union Bank,Private Sector,Private,City Union Bank,False,0,407,52,459,7927,20366,1834,8,1927,0.18,59.6,59.78,2579284,2757082,1210330,145273.21,20960.45,166233.66,True
2022,3,DCB Bank,Private Sector,Private,DCB Bank,False,0,341,8,349,8980,0,3778,205,10273,14.76,286.29,301.05,854723,331189,371719,19514.75,8565.76,28080.51,True
2022,3,Dhanlaxmi Bank,Private Sector,Private,Dhanlaxmi Bank,False,0,214,44,258,1472,0,7134,120,23764,4.38,539.31,543.69,503775,464152,310202,20445.83,4988.74,25434.57,True
2022,3,Federal Bank,Private Sector,Private,Federal Bank,False,0,1505,380,1885,16569,0,134841,1771,662840,94.39,24685.36,24779.75,11129386,9289376,7512130,458153.54,130089.35,588242.89,True
2022,3,HDFC Bank,Private Sector,Private,HDFC Bank,False,0,8703,9427,18130,1071935,3324,16536735,137659,57315499,8544.23,2849442.82,2857987.05,43041155,40385394,39473738,2429768.48,923147.25,3352915.73,True
2022,3,ICICI Bank,Private Sector,Private,ICICI Bank,False,0,8402,8175,16577,944320,3693,12978825,48760,42743257,2294.72,2073058.98,2075353.7,36655920,24390197,24775705,1540307.85,651685.59,2191993.44,True
2022,3,IDFC First Bank,Private Sector,Private,IDFC First Bank,False,0,505,214,719,26560,11522,799219,11799,2693634,436.01,124833.31,125269.32,4076204,3103785,1922491,128782.65,34440.27,163222.92,True
2022,3,IndusInd Bank,Private Sector,Private,IndusInd Bank,False,0,1492,1275,2767,220160,164,1880393,18246,4797076,926.23,565850.9,566777.13,6910699,5623319,2928898,275089.48,70379.76,345469.24,True
2022,3,J&K Bank,Private Sector,Private,J&K Bank,False,0,840,613,1453,10948,945,82096,7074,257914,277.99,11987.34,12265.33,3457424,6298900,4699287,317219.53,45226.48,362446.01,True
2022,3,Karnataka Bank,Private Sector,Private,Karnataka Bank,False,0,819,629,1448,9312,0,0,0,0,0.0,0.0,0.0,5113093,4554359,2383853,200837.08,35072.82,235909.9,True
2022,3,Karur Vysya Bank,Private Sector,Private,Karur Vysya Bank,False,0,1362,861,2223,8745,0,6691,284,19445,21.04,1166.91,1187.95,4066117,5308872,2605630,255486.61,52903.73,308390.34,True
2022,3,Kotak Mahindra Bank,Private Sector,Private,Kotak Mahindra Bank,False,0,1385,1314,2699,56334,5020,3196377,32856,6810185,1344.35,286993.46,288337.81,23530754,10389295,9642628,477959.16,184414.05,662373.21,True
2022,3,Number - Outstanding (As On Month End),Private Sector,Private,Number - Outstanding (As On Month End),False,0,0,0,0,0,0,0,0,0,0.0,0.0,0.0,0,0,0,0.0,0.0,0.0,False
2022,3,Payment Banks,Private Sector,Private,Payment Banks,False,0,0,0,0,0,0,0,0,0,0.0,0.0,0.0,0,0,0,0.0,0.0,0.0,False
2022,3,RBL Bank,Private Sector,Private,RBL Bank,False,0,373,41,414,749865,0,3682603,33206,9419715,1156.06,442190.31,443346.37,1308583,638671,499696,32090.45,10700.3,42790.75,True
2022,3,Small Finance Banks,Private Sector,Private,Small Finance Banks,False,0,0,0,0,0,0,0,0,0,0.0,0.0,0.0,0,0,0,0.0,0.0,0.0,False
2022,3,South Indian Bank,Private Sector,Private,South Indian Bank,False,0,854,416,1270,11233,0,58365,0,350812,0.0,12672.25,12672.25,3614563,3150110,2373820,143522.49,42457.83,185980.32,True
2022,3,Tamilnad Mercantile Bank,Private Sector,Private,Tamilnad Mercantile Bank,False,0,476,667,1143,4792,0,32903,2183,64175,84.7,2815.0,2899.7,2051730,5306889,518934,218095.73,9306.69,227402.42,True
2022,3,Unity Small Finance Bank Limited,Private Sector,Private,Unity Small Finance Bank Limited,False,0,0,0,0,0,0,0,0,0,0.0,0.0,0.0,0,0,0,0.0,0.0,0.0,False
2022,3,Yes Bank,Private Sector,Private,Yes Bank,False,0,1031,190,1221,57897,86356,1184542,14883,2486788,640.78,99200.25,99841.03,3606726,2561370,2103134,123733.76,42535.69,166269.45,True
2022,3,Bank of Baroda,Public Sector,Public,Bank of Baroda,False,0,8757,2730,11487,27074,35517,1103921,21838,2250457,1011.22,81858.81,82870.03,74522207,29706035,13004888,1404576.31,234130.84,1638707.15,True
2022,3,Bank of India,Public Sector,Public,Bank of India,False,0,2507,2751,5258,45542,10834,166751,10184,277168,590.89,8448.14,9039.03,44856938,18870699,8335040,741439.41,128748.59,870188.0,True
2022,3,Bank of Maharashtra,Public Sector,Public,Bank of Maharashtra,False,0,1694,434,2128,2795,0,77677,1225,96808,57.28,4075.64,4132.92,12264810,7541893,4020479,322956.02,58186.53,381142.55,True
2022,3,Canara Bank,Public Sector,Public,Canara Bank,False,0,8071,4139,12210,50032,8096,927694,56673,967155,2848.61,26810.35,29658.96,46459485,32586175,15024465,1488095.18,272299.92,1760395.1,True
2022,3,Central Bank of India,Public Sector,Public,Central Bank of India,False,0,2389,587,2976,3957,8015,0,0,0,0.0,0.0,0.0,30197222,9716712,3104602,437809.49,64579.08,502388.57,True
2022,3,IDBI Bank,Public Sector,Public,IDBI Bank,False,0,2221,1182,3403,25385,224,41509,451,119345,24.47,3745.32,3769.79,13042334,7354059,3953069,364853.73,73192.08,438045.81,True
2022,3,Indian Bank,Public Sector,Public,Indian Bank,False,0,4299,626,4925,14981,9322,154342,3511,202926,223.64,6154.14,6377.78,26961021,21419031,9155508,997162.22,148117.74,1145279.96,True
2022,3,Indian Overseas Bank,Public Sector,Public,Indian Overseas Bank,False,0,2742,613,3355,0,0,74083,867,86175,40.13,2060.5,2100.63,20508718,15137144,5051438,648700.05,83728.72,732428.77,True
2022,3,Punjab & Sind Bank,Public Sector,Public,Punjab & Sind Bank,False,0,657,19,676,1091,357,0,0,0,0.0,0.0,0.0,3546410,1689903,978066,76927.98,20771.09,97699.07,True
2022,3,Punjab National Bank,Public Sector,Public,Punjab National Bank,False,0,8211,5143,13354,49833,11265,327893,3401,623621,110.26,18732.54,18842.8,45957631,31840380,15243398,1560815.68,278439.03,1839254.71,True
2022,3,State Bank of India,Public Sector,Public,State Bank of India,False,0,26189,39350,65539,924374,49913,13766861,92610,42900022,3400.34,2041819.42,2045219.76,275922932,194459535,93173038,9697051.61,1686882.76,11383934.37,True
2022,3,UCO Bank,Public Sector,Public,UCO Bank,False,0,2095,222,2317,11223,3568,0,0,0,0.0,0.0,0.0,11300018,7004324,3121812,309315.78,55789.75,365105.53,True
2022,3,Union Bank of India,Public Sector,Public,Union Bank of India,False,0,8042,3190,11232,197533,8049,538325,3485,721591,193.93,22576.34,22770.27,47932253,49725391,18360244,1508706.81,289358.98,1798065.79,True
2022,3,AU Small Finance Bank,Small Finance Banks,Small Finance,AU Small Finance Bank,False,0,407,3,410,0,321,169470,4502,467439,283.53,32670.84,32954.37,1935173,890008,432307,58864.33,11764.06,70628.39,True
2022,3,Capital Small Finance Bank,Small Finance Banks,Small Finance,Capital Small Finance Bank,False,0,161,2,163,0,0,0,0,0,0.0,0.0,0.0,183510,129173,70403,6990.54,1763.58,8754.12,True
2022,3,ESAF Small Finance Bank,Small Finance Banks,Small Finance,ESAF Small Finance Bank,False,0,384,2,386,0,697,0,0,0,0.0,0.0,0.0,4391126,1241175,305368,64060.89,3748.18,67809.07,True
2022,3,Equitas Small Finance Bank,Small Finance Banks,Small Finance,Equitas Small Finance Bank,False,0,336,3,339,13216,304,0,0,0,0.0,0.0,0.0,3293094,924018,454823,35462.82,8762.6,44225.42,True
2022,3,Fincare Small Finance Bank,Small Finance Banks,Small Finance,Fincare Small Finance Bank,False,0,125,0,125,0,0,0,0,0,0.0,0.0,0.0,3314960,686237,65174,33930.42,738.32,34668.74,True
2022,3,Jana Small Finance Bank,Small Finance Banks,Small Finance,Jana Small Finance Bank,False,0,65,2,67,0,164,0,0,0,0.0,0.0,0.0,2345835,311964,84373,15323.28,1271.6,16594.88,True
2022,3,North East Small Finance Bank,Small Finance Banks,Small Finance,North East Small Finance Bank,False,0,8,1,9,0,0,0,0,0,0.0,0.0,0.0,303473,49452,19390,2029.93,261.56,2291.49,True
2022,3,Suryoday Small Finance Bank,Small Finance Banks,Small Finance,Suryoday Small Finance Bank,False,0,0,0,0,0,66,0,0,0,0.0,0.0,0.0,413877,105825,36963,4796.84,442.44,5239.28,True
2022,3,Ujjivan Small Finance Bank,Small Finance Banks,Small Finance,Ujjivan Small Finance Bank,False,0,489,3,492,0,0,0,0,0,0.0,0.0,0.0,7188300,3139036,520138,139759.96,8277.58,148037.54,True
2022,3,Utkarsh Small Finance Bank,Small Finance Banks,Small Finance,Utkarsh Small Finance Bank,False,0,210,6,216,0,310,0,0,0,0.0,0.0,0.0,1322048,443778,56068,15440.75,880.75,16321.5,True
2022,4,American Express,Foreign Banks,Foreign,American Express,False,0,0,0,0,46662,0,1375307,0,4394769,0.0,309704.45,309704.45,0,0,0,0.0,0.0,0.0,True
2022,4,Bank of America,Foreign Banks,Foreign,Bank of America,False,0,0,0,0,0,0,21588,2,39974,0.2,2383.57,2383.77,0,0,0,0.0,0.0,0.0,True
2022,4,Barclays Bank,Foreign Banks,Foreign,Barclays Bank,False,0,0,0,0,0,0,0,0,0,0.0,0.0,0.0,1702,392,100,35.65,7.67,43.32,True
2022,4,Citi Bank,Foreign Banks,Foreign,Axis Bank,True,2023,47,440,487,0,0,2550891,12124,12843928,704.51,424840.49,425545.0,1424091,1030167,2184984,58927.92,56852.54,115780.46,True
2022,4,DBS Bank,Foreign Banks,Foreign,DBS Bank,False,0,493,518,1011,971,109,4992,34,4875,1.16,189.88,191.04,2115415,1265030,1022737,56198.0,14993.82,71191.82,True
2022,4,Deutsche Bank,Foreign Banks,Foreign,Deutsche Bank,False,0,13,18,31,0,0,0,0,0,0.0,0.0,0.0,118492,51042,101703,2971.06,2597.15,5568.21,True
2022,4,HSBC,Foreign Banks,Foreign,HSBC,False,0,46,28,74,0,0,771007,1638,1709445,140.97,71275.19,71416.16,517950,281381,414671,16337.17,11700.13,28037.3,True
2022,4,SBM Bank,Foreign Banks,Foreign,SBM Bank,False,0,6,0,6,0,184760,704385,56192,1203016,3561.43,47811.38,51372.81,57693,5728,10691,225.93,270.27,496.2,True
2022,4,Standard Chartered Bank,Foreign Banks,Foreign,Standard Chartered Bank,False,0,95,72,167,0,0,1337531,2546,3184248,168.99,116178.83,116347.82,1118569,1036772,1602208,49501.59,34119.18,83620.77,True
2022,4,Airtel Payments Bank,Payment Banks,Payments Bank,Airtel Payments Bank,False,0,0,0,0,0,0,0,0,0,0.0,0.0,0.0,1963575,0,218283,0.0,1429.03,1429.03,True
2022,4,Fino Payments Bank,Payment Banks,Payments Bank,Fino Payments Bank,False,0,0,0,0,0,309670,0,0,0,0.0,0.0,0.0,4588989,1288913,235238,40536.52,4392.13,44928.65,True
2022,4,India Post Payments Bank,Payment Banks,Payments Bank,India Post Payments Bank,False,0,0,0,0,0,132120,0,0,0,0.0,0.0,0.0,5112794,0,447729,0.0,2471.86,2471.86,True
2022,4,Jio Payments Bank,Payment Banks,Payments Bank,Jio Payments Bank,False,0,0,0,0,0,0,0,0,0,0.0,0.0,0.0,0,0,0,0.0,0.0,0.0,False
2022,4,NSDL Payments Bank,Payment Banks,Payments Bank,NSDL Payments Bank,False,0,0,0,0,0,36061,0,0,0,0.0,0.0,0.0,349949,3787,21259,161.46,108.19,269.65,True
2022,4,Paytm Payments Bank,Payment Banks,Payments Bank,Paytm Payments Bank,False,0,1,66,67,421467,0,0,0,0,0.0,0.0,0.0,36856402,2196605,2449321,81771.73,28246.81,110018.54,True
2022,4,At Pos,Private Sector,Private,At Pos,False,0,0,0,0,0,0,0,0,0,0.0,0.0,0.0,0,0,0,0.0,0.0,0.0,False
2022,4,Atm,Private Sector,Private,Atm,False,0,0,0,0,0,0,0,0,0,0.0,0.0,0.0,0,0,0,0.0,0.0,0.0,False
2022,4,Axis Bank,Private Sector,Private,Axis Bank,False,0,5753,10848,16601,1025313,710,9261251,49670,24390804,2043.33,917565.2,919608.53,27912443,21689678,18602130,1353404.99,455150.47,1808555.46,True
2022,4,Bandhan Bank,Private Sector,Private,Bandhan Bank,False,0,466,5,471,36433,0,0,0,0,0.0,0.0,0.0,5015559,2581746,961192,138141.81,22635.52,160777.33,True
2022,4,City Union Bank,Private Sector,Private,City Union Bank,False,0,1103,613,1716,7870,21874,1790,11,1817,0.48,50.43,50.91,2617303,2649269,1223130,138811.18,20616.32,159427.5,True
2022,4,Csb Bank Ltd,Private Sector,Private,Csb Bank Ltd,False,0,415,53,468,0,1119,0,0,0,0.0,0.0,0.0,809076,466429,297637,22537.51,5138.34,27675.85,True
2022,4,DCB Bank,Private Sector,Private,DCB Bank,False,0,353,8,361,9005,0,3715,189,9864,11.94,279.46,291.4,864615,309728,358723,18869.27,8929.55,27798.82,True
2022,4,Dhanlaxmi Bank,Private Sector,Private,Dhanlaxmi Bank,False,0,214,44,258,1490,0,7155,125,23290,4.09,581.01,585.1,509355,456719,318271,20426.57,5267.28,25693.85,True
2022,4,Federal Bank,Private Sector,Private,Federal Bank,False,0,1505,381,1886,15675,0,170251,2066,772946,94.01,27090.24,27184.25,11406240,9053039,7457868,451083.3,131404.13,582487.43,True
2022,4,HDFC Bank,Private Sector,Private,HDFC Bank,False,0,8900,9512,18412,1102829,3303,16833724,133207,56290403,8252.3,2907947.93,2916200.23,43572256,40172213,43093442,2433487.49,992309.3,3425796.79,True
2022,4,ICICI Bank,Private Sector,Private,ICICI Bank,False,0,8403,8138,16541,966135,2720,13128334,46319,43194333,2200.93,2072533.45,2074734.38,36751248,23940500,24936633,1522023.83,643503.66,2165527.49,True
2022,4,IDFC First Bank,Private Sector,Private,IDFC First Bank,False,0,538,217,755,27379,11522,856394,11612,2620155,420.28,120119.01,120539.29,4183935,3069190,1896979,130388.09,34705.21,165093.3,True
2022,4,IndusInd Bank,Private Sector,Private,IndusInd Bank,False,0,1499,1266,2765,218935,164,1922608,17751,4664850,892.61,517881.93,518774.54,7067037,5008947,2907250,263852.22,67893.45,331745.67,True
2022,4,J&K Bank,Private Sector,Private,J&K Bank,False,0,840,614,1454,10681,945,82098,5726,230926,237.24,10645.08,10882.32,3507929,6381892,5005776,346588.43,44902.95,391491.38,True
2022,4,Karnataka Bank,Private Sector,Private,Karnataka Bank,False,0,825,626,1451,9382,0,0,0,0,0.0,0.0,0.0,5144007,4316271,2287090,190852.24,34951.68,225803.92,True
2022,4,Karur Vysya Bank,Private Sector,Private,Karur Vysya Bank,False,0,1363,856,2219,8669,0,6930,334,23072,23.65,1208.68,1232.33,4063846,5104165,2589308,246687.07,52876.11,299563.18,True
2022,4,Kotak Mahindra Bank,Private Sector,Private,Kotak Mahindra Bank,False,0,1384,1319,2703,56647,5483,3425409,34216,6974196,1358.79,284124.44,285483.23,23883034,10389247,9501655,482666.18,171925.87,654592.05,True
2022,4,Number - Outstanding (As On Month End),Private Sector,Private,Number - Outstanding (As On Month End),False,0,0,0,0,0,0,0,0,0,0.0,0.0,0.0,0,0,0,0.0,0.0,0.0,False
2022,4,RBL Bank,Private Sector,Private,RBL Bank,False,0,374,41,415,775381,0,3754269,29171,9303953,1044.63,419160.29,420204.92,1333257,618060,473484,31439.16,10273.05,41712.21,True
2022,4,South Indian Bank,Private Sector,Private,South Indian Bank,False,0,853,416,1269,11254,0,72601,0,418908,0.0,14687.48,14687.48,3608776,3064788,2393952,143939.8,44900.36,188840.16,True
2022,4,Tamilnad Mercantile Bank,Private Sector,Private,Tamilnad Mercantile Bank,False,0,476,667,1143,4659,0,33594,1742,63811,69.53,2670.87,2740.4,2066200,5095102,466561,210931.12,9205.01,220136.13,True
2022,4,Unity Small Finance Bank Limited,Private Sector,Private,Unity Small Finance Bank Limited,False,0,0,0,0,0,0,0,0,0,0.0,0.0,0.0,0,0,0,0.0,0.0,0.0,False
2022,4,Yes Bank,Private Sector,Private,Yes Bank,False,0,1057,192,1249,59237,87701,1209178,14510,2512352,616.42,98455.26,99071.68,3682345,2527716,2081570,123462.24,41742.76,165205.0,True
2022,4,Bank of Baroda,Public Sector,Public,Bank of Baroda,False,0,8751,2717,11468,26886,36110,1194104,24514,2555872,1101.03,92886.61,93987.64,75272375,28260178,12719847,1365834.11,229492.61,1595326.72,True
2022,4,Bank of India,Public Sector,Public,Bank of India,False,0,5238,2788,8026,45968,11047,165625,9542,268651,546.02,8180.71,8726.73,44965718,18232108,8092268,731638.41,127303.38,858941.79,True
2022,4,Bank of Maharashtra,Public Sector,Public,Bank of Maharashtra,False,0,1708,437,2145,2711,0,77592,1025,93486,49.14,3810.74,3859.88,12382388,7356797,4239005,319735.57,59804.63,379540.2,True
2022,4,Canara Bank,Public Sector,Public,Canara Bank,False,0,8074,4132,12206,50234,8906,917871,52349,920892,2586.18,25622.48,28208.66,47155319,31552649,14791480,1462989.37,273616.49,1736605.86,True
2022,4,Central Bank of India,Public Sector,Public,Central Bank of India,False,0,2389,587,2976,3946,8137,0,0,0,0.0,0.0,0.0,30407359,9262441,3516187,426121.11,71024.63,497145.74,True
2022,4,IDBI Bank,Public Sector,Public,IDBI Bank,False,0,2222,1180,3402,22875,223,41889,396,122510,21.47,3850.41,3871.88,12939701,7089818,3886697,354765.64,73084.22,427849.86,True
2022,4,Indian Bank,Public Sector,Public,Indian Bank,False,0,4243,596,4839,14905,9657,154353,2882,201378,184.23,6083.06,6267.29,27095159,20657436,9008397,976706.38,149192.05,1125898.43,True
2022,4,Indian Overseas Bank,Public Sector,Public,Indian Overseas Bank,False,0,2732,624,3356,0,0,74442,756,86920,35.53,2053.08,2088.61,14617281,14720895,5047228,640394.61,85267.61,725662.22,True
2022,4,Punjab & Sind Bank,Public Sector,Public,Punjab & Sind Bank,False,0,746,23,769,1073,357,0,0,0,0.0,0.0,0.0,3583157,1563517,958908,71796.54,19654.46,91451.0,True
2022,4,Punjab National Bank,Public Sector,Public,Punjab National Bank,False,0,8230,5115,13345,41572,11265,328673,2855,609149,92.22,18008.86,18101.08,45677227,30962021,15063596,1553914.71,272713.16,1826627.87,True
2022,4,State Bank of India,Public Sector,Public,State Bank of India,False,0,26022,39304,65326,888775,50853,13946540,88393,41871460,3238.42,1959968.6,1963207.02,279530049,194268082,94603821,9882772.13,1756061.24,11638833.37,True
2022,4,UCO Bank,Public Sector,Public,UCO Bank,False,0,2087,222,2309,10697,3568,0,0,0,0.0,0.0,0.0,11370697,6882152,3138139,310215.89,56356.08,366571.97,True
2022,4,Union Bank of India,Public Sector,Public,Union Bank of India,False,0,8042,3190,11232,185931,8049,540048,6272,826684,313.88,26383.89,26697.77,48242120,46990546,17925268,1481532.28,288183.46,1769715.74,True
2022,4,AU Small Finance Bank,Small Finance Banks,Small Finance,AU Small Finance Bank,False,0,420,3,423,0,325,189930,4066,495828,251.4,31677.86,31929.26,1992395,875817,445325,58226.58,10971.57,69198.15,True
2022,4,Capital Small Finance Bank,Small Finance Banks,Small Finance,Capital Small Finance Bank,False,0,162,2,164,0,0,0,0,0,0.0,0.0,0.0,185559,124289,68527,6698.66,1576.6,8275.26,True
2022,4,ESAF Small Finance Bank,Small Finance Banks,Small Finance,ESAF Small Finance Bank,False,0,400,3,403,0,837,0,0,0,0.0,0.0,0.0,4442808,1062883,299931,52778.41,3887.06,56665.47,True
2022,4,Equitas Small Finance Bank,Small Finance Banks,Small Finance,Equitas Small Finance Bank,False,0,336,3,339,14497,304,0,0,0,0.0,0.0,0.0,3350678,926798,423134,34963.22,8560.19,43523.41,True
2022,4,Fincare Small Finance Bank,Small Finance Banks,Small Finance,Fincare Small Finance Bank,False,0,125,0,125,0,0,0,0,0,0.0,0.0,0.0,3402389,627154,66313,29215.04,729.64,29944.68,True
2022,4,Jana Small Finance Bank,Small Finance Banks,Small Finance,Jana Small Finance Bank,False,0,65,2,67,0,164,0,0,0,0.0,0.0,0.0,2373395,276500,83189,13398.13,1281.05,14679.18,True
2022,4,North East Small Finance Bank,Small Finance Banks,Small Finance,North East Small Finance Bank,False,0,8,1,9,0,0,0,0,0,0.0,0.0,0.0,306569,49076,18858,1988.84,248.87,2237.71,True
2022,4,Suryoday Small Finance Bank,Small Finance Banks,Small Finance,Suryoday Small Finance Bank,False,0,0,0,0,0,67,0,0,0,0.0,0.0,0.0,426261,93063,33748,3926.61,411.81,4338.42,True
2022,4,Ujjivan Small Finance Bank,Small Finance Banks,Small Finance,Ujjivan Small Finance Bank,False,0,489,3,492,0,0,0,0,0,0.0,0.0,0.0,7252817,2964012,509251,129799.92,7834.31,137634.23,True
2022,4,Utkarsh Small Finance Bank,Small Finance Banks,Small Finance,Utkarsh Small Finance Bank,False,0,216,6,222,0,310,0,0,0,0.0,0.0,0.0,1322048,443778,56068,15440.75,880.75,16321.5,True
2022,5,American Express,Foreign Banks,Foreign,American Express,False,0,0,0,0,47951,0,1366552,0,4455148,0.0,303075.5,303075.5,0,0,0,0.0,0.0,0.0,True
2022,5,Bank of America,Foreign Banks,Foreign,Bank of America,False,0,0,0,0,0,0,21417,1,42204,0.1,2688.76,2688.86,0,0,0,0.0,0.0,0.0,True
2022,5,Barclays Bank,Foreign Banks,Foreign,Barclays Bank,False,0,0,0,0,0,0,0,0,0,0.0,0.0,0.0,1696,363,90,32.96,3.13,36.09,True
2022,5,Citi Bank,Foreign Banks,Foreign,Axis Bank,True,2023,47,442,489,0,0,2550537,12528,13437691,729.58,452300.32,453029.9,1343391,968600,2093400,54078.34,55138.16,109216.5,True
2022,5,DBS Bank,Foreign Banks,Foreign,DBS Bank,False,0,482,516,998,932,98,12937,153,19928,5.0,1021.55,1026.55,2104736,1280046,1006444,55825.28,15162.83,70988.11,True
2022,5,Deutsche Bank,Foreign Banks,Foreign,Deutsche Bank,False,0,13,18,31,0,0,0,0,0,0.0,0.0,0.0,118513,50722,98744,2969.37,2469.21,5438.58,True
2022,5,HSBC,Foreign Banks,Foreign,HSBC,False,0,46,28,74,0,0,760575,1764,1766780,146.27,74897.39,75043.66,522803,270267,404764,15485.62,11164.82,26650.44,True
2022,5,SBM Bank,Foreign Banks,Foreign,SBM Bank,False,0,7,0,7,0,207604,896538,59720,1449219,3813.43,54225.2,58038.63,81778,6442,13241,244.57,255.13,499.7,True
2022,5,Standard Chartered Bank,Foreign Banks,Foreign,Standard Chartered Bank,False,0,95,72,167,0,0,1328773,2683,3323255,182.77,120855.74,121038.51,1121344,1020707,1578393,47637.05,34457.26,82094.31,True
2022,5,Airtel Payments Bank,Payment Banks,Payments Bank,Airtel Payments Bank,False,0,0,0,0,0,0,0,0,0,0.0,0.0,0.0,1962294,0,226382,0.0,1577.09,1577.09,True
2022,5,Fino Payments Bank,Payment Banks,Payments Bank,Fino Payments Bank,False,0,0,0,0,0,314868,0,0,0,0.0,0.0,0.0,4791704,1467225,233596,45054.4,4011.25,49065.65,True
2022,5,India Post Payments Bank,Payment Banks,Payments Bank,India Post Payments Bank,False,0,0,0,0,0,132120,0,0,0,0.0,0.0,0.0,0,0,0,0.0,0.0,0.0,False
2022,5,Jio Payments Bank,Payment Banks,Payments Bank,Jio Payments Bank,False,0,0,0,0,0,0,0,0,0,0.0,0.0,0.0,0,0,0,0.0,0.0,0.0,False
2022,5,NSDL Payments Bank,Payment Banks,Payments Bank,NSDL Payments Bank,False,0,0,0,0,0,84036,0,0,0,0.0,0.0,0.0,369029,3877,24026,158.79,134.23,293.02,True
2022,5,Paytm Payments Bank,Payment Banks,Payments Bank,Paytm Payments Bank,False,0,1,67,68,439894,0,0,0,0,0.0,0.0,0.0,37013451,2018737,2494840,74158.66,33400.19,107558.85,True
2022,5,At Pos,Private Sector,Private,At Pos,False,0,0,0,0,0,0,0,0,0,0.0,0.0,0.0,0,0,0,0.0,0.0,0.0,False
2022,5,Atm,Private Sector,Private,Atm,False,0,0,0,0,0,0,0,0,0,0.0,0.0,0.0,0,0,0,0.0,0.0,0.0,False
2022,5,Axis Bank,Private Sector,Private,Axis Bank,False,0,5756,10644,16400,1052653,710,9475786,53567,26182811,2187.5,957221.96,959409.46,28233123,21881876,18691116,1328881.81,464738.53,1793620.34,True
2022,5,Bandhan Bank,Private Sector,Private,Bandhan Bank,False,0,466,5,471,36534,0,0,0,0,0.0,0.0,0.0,5090313,2578757,979528,131923.72,21760.4,153684.12,True
2022,5,CSB Bank,Private Sector,Private,CSB Bank,False,0,423,52,475,0,1150,0,0,0,0.0,0.0,0.0,815718,481413,321801,22809.47,5667.17,28476.64,True
2022,5,City Union Bank,Private Sector,Private,City Union Bank,False,0,1108,596,1704,7774,23089,1747,19,1962,0.43,61.02,61.45,2613007,2741444,1159304,140202.51,21535.03,161737.54,True
2022,5,DCB Bank,Private Sector,Private,DCB Bank,False,0,364,8,372,9027,0,3633,143,9965,8.64,267.6,276.24,874322,295663,383686,17846.53,9732.09,27578.62,True
2022,5,Dhanlaxmi Bank,Private Sector,Private,Dhanlaxmi Bank,False,0,214,44,258,1514,0,7233,117,24305,3.93,598.54,602.47,513144,455325,322982,19820.26,5332.97,25153.23,True
2022,5,Federal Bank,Private Sector,Private,Federal Bank,False,0,1504,353,1857,15843,0,205091,2330,996827,112.69,38665.75,38778.44,11871123,9317813,7908125,448198.41,140277.05,588475.46,True
2022,5,HDFC Bank,Private Sector,Private,HDFC Bank,False,0,8964,9558,18522,1114459,3303,17219010,156094,60371074,9447.96,3147893.22,3157341.18,44236727,40478499,43585059,2395927.02,1020999.22,3416926.24,True
2022,5,ICICI Bank,Private Sector,Private,ICICI Bank,False,0,8470,8074,16544,1004716,2647,13340781,50251,45677927,2432.77,2185861.04,2188293.81,36983226,23648680,24642148,1466606.51,654224.12,2120830.63,True
2022,5,IDFC First Bank,Private Sector,Private,IDFC First Bank,False,0,574,220,794,28546,11547,887837,12928,2749473,469.01,126539.86,127008.87,4309591,3188828,1929668,131575.89,36268.84,167844.73,True
2022,5,IndusInd Bank,Private Sector,Private,IndusInd Bank,False,0,1510,1263,2773,235728,164,1972365,19200,4955462,963.81,607730.14,608693.95,7140280,5079890,2942036,253627.28,69169.04,322796.32,True
2022,5,J&K Bank,Private Sector,Private,J&K Bank,False,0,840,614,1454,10928,945,81550,5553,258284,221.75,11316.75,11538.5,3548259,6282980,5149313,325250.7,44153.16,369403.86,True
2022,5,Karnataka Bank,Private Sector,Private,Karnataka Bank,False,0,829,620,1449,9577,0,0,0,0,0.0,0.0,0.0,5159931,4452746,2401031,194542.96,36710.25,231253.21,True
2022,5,Karur Vysya Bank,Private Sector,Private,Karur Vysya Bank,False,0,1369,864,2233,9285,0,7430,333,24289,24.29,1415.55,1439.84,4050405,5233981,2511215,245449.87,53489.56,298939.43,True
2022,5,Kotak Mahindra Bank,Private Sector,Private,Kotak Mahindra Bank,False,0,1397,1337,2734,57375,6346,3606571,39582,7917899,1490.94,326641.02,328131.96,24228289,10960764,9984207,492675.21,190018.49,682693.7,True
2022,5,Number - Outstanding (As On Month End),Private Sector,Private,Number - Outstanding (As On Month End),False,0,0,0,0,0,0,0,0,0,0.0,0.0,0.0,0,0,0,0.0,0.0,0.0,False
2022,5,RBL Bank,Private Sector,Private,RBL Bank,False,0,374,41,415,808257,0,3827746,30603,9931405,1107.94,458755.92,459863.86,1356091,608940,477121,30087.39,10713.74,40801.13,True
2022,5,South Indian Bank,Private Sector,Private,South Indian Bank,False,0,854,418,1272,11613,0,87173,0,511687,0.0,19991.54,19991.54,3696135,3116371,2470724,141022.69,46235.1,187257.79,True
2022,5,Tamilnad Mercantile Bank,Private Sector,Private,Tamilnad Mercantile Bank,False,0,476,667,1143,4490,0,37405,2132,67508,82.7,2985.37,3068.07,2079096,5453313,639222,220967.57,12682.94,233650.51,True
2022,5,Unity Small Finance Bank Limited,Private Sector,Private,Unity Small Finance Bank Limited,False,0,0,0,0,0,0,0,0,0,0.0,0.0,0.0,0,392,0,16.72,0.0,16.72,True
2022,5,Yes Bank,Private Sector,Private,Yes Bank,False,0,1060,192,1252,59033,71831,1238367,15685,2728671,661.07,109865.31,110526.38,3769309,2588958,2128011,121961.61,42415.24,164376.85,True
2022,5,Bank of Baroda,Public Sector,Public,Bank of Baroda,False,0,8770,2718,11488,26371,36720,1267896,25723,2954601,1131.35,108713.26,109844.61,75630687,28999224,12868289,1362100.34,230753.67,1592854.01,True
2022,5,Bank of India,Public Sector,Public,Bank of India,False,0,5259,2808,8067,46189,11304,165929,10239,277634,588.13,8492.35,9080.48,45256890,18534653,8092408,724411.87,126986.61,851398.48,True
2022,5,Bank of Maharashtra,Public Sector,Public,Bank of Maharashtra,False,0,1718,436,2154,2656,0,77291,819,91537,36.96,3773.79,3810.75,12523886,7527984,3870941,324748.87,57789.44,382538.31,True
2022,5,Canara Bank,Public Sector,Public,Canara Bank,False,0,8062,4128,12190,49795,8906,915470,53418,956097,2696.23,27224.24,29920.47,46959288,31688106,14499099,1426762.07,275872.19,1702634.26,True
2022,5,Central Bank of India,Public Sector,Public,Central Bank of India,False,0,2389,587,2976,3921,8982,0,0,0,0.0,0.0,0.0,28963920,9056496,3549449,407920.43,70509.77,478430.2,True
2022,5,IDBI Bank,Public Sector,Public,IDBI Bank,False,0,2210,1182,3392,22943,221,41850,456,128981,23.82,4076.14,4099.96,12779682,7115499,3881125,348253.06,73574.65,421827.71,True
2022,5,Indian Bank,Public Sector,Public,Indian Bank,False,0,4237,592,4829,14834,9657,155411,2391,207874,140.94,7123.33,7264.27,27241274,20993891,9162809,965790.81,157911.62,1123702.43,True
2022,5,Indian Overseas Bank,Public Sector,Public,Indian Overseas Bank,False,0,2731,637,3368,0,0,76019,847,90016,39.61,2191.63,2231.24,14770053,15323889,5132441,647201.49,91152.25,738353.74,True
2022,5,Punjab & Sind Bank,Public Sector,Public,Punjab & Sind Bank,False,0,777,25,802,1067,357,0,0,0,0.0,0.0,0.0,3500716,1565726,936716,70309.46,18939.89,89249.35,True
2022,5,Punjab National Bank,Public Sector,Public,Punjab National Bank,False,0,8228,5092,13320,41793,11265,329439,2803,624125,87.79,18417.59,18505.38,45920571,29125750,16297896,1422075.74,264098.29,1686174.03,True
2022,5,State Bank of India,Public Sector,Public,State Bank of India,False,0,26012,39456,65468,876707,51206,14148758,92712,44208746,3419.62,2123542.91,2126962.53,278381730,194242972,92580650,9612414.97,1726431.66,11338846.63,True
2022,5,UCO Bank,Public Sector,Public,UCO Bank,False,0,2123,222,2345,10629,3568,0,0,0,0.0,0.0,0.0,11456060,6965120,3122787,304267.95,55471.34,359739.29,True
2022,5,Union Bank of India,Public Sector,Public,Union Bank of India,False,0,8042,3190,11232,90658,8049,545740,5220,777737,269.98,25298.61,25568.59,48623903,48061693,18020035,1490907.82,294469.71,1785377.53,True
2022,5,AU Small Finance Bank,Small Finance Banks,Small Finance,AU Small Finance Bank,False,0,424,3,427,0,330,216123,4461,580372,280.76,35622.0,35902.76,2047753,883325,467765,56619.83,11179.73,67799.56,True
2022,5,Capital Small Finance Bank,Small Finance Banks,Small Finance,Capital Small Finance Bank,False,0,163,2,165,0,0,0,0,0,0.0,0.0,0.0,188366,128969,70749,6863.35,1633.91,8497.26,True
2022,5,ESAF Small Finance Bank,Small Finance Banks,Small Finance,ESAF Small Finance Bank,False,0,408,3,411,0,1013,0,0,0,0.0,0.0,0.0,4493019,1094643,315486,52708.56,3928.23,56636.79,True
2022,5,Equitas Small Finance Bank,Small Finance Banks,Small Finance,Equitas Small Finance Bank,False,0,336,3,339,15483,299,0,0,0,0.0,0.0,0.0,3526852,992230,456351,35080.84,8984.35,44065.19,True
2022,5,Fincare Small Finance Bank,Small Finance Banks,Small Finance,Fincare Small Finance Bank,False,0,125,0,125,0,0,0,0,0,0.0,0.0,0.0,3495704,564112,60179,25467.42,692.23,26159.65,True
2022,5,Jana Small Finance Bank,Small Finance Banks,Small Finance,Jana Small Finance Bank,False,0,65,2,67,0,164,0,0,0,0.0,0.0,0.0,2406319,313309,84682,15406.65,1323.85,16730.5,True
2022,5,North East Small Finance Bank,Small Finance Banks,Small Finance,North East Small Finance Bank,False,0,8,1,9,0,0,0,0,0,0.0,0.0,0.0,311903,50056,21163,1852.1,253.87,2105.97,True
2022,5,Suryoday Small Finance Bank,Small Finance Banks,Small Finance,Suryoday Small Finance Bank,False,0,0,0,0,0,67,0,0,0,0.0,0.0,0.0,439503,97686,35208,4131.93,436.6,4568.53,True
2022,5,Ujjivan Small Finance Bank,Small Finance Banks,Small Finance,Ujjivan Small Finance Bank,False,0,489,3,492,0,0,0,0,0,0.0,0.0,0.0,7337224,3106716,517162,136066.16,7972.98,144039.14,True
2022,5,Utkarsh Small Finance Bank,Small Finance Banks,Small Finance,Utkarsh Small Finance Bank,False,0,225,6,231,0,450,0,0,0,0.0,0.0,0.0,1367149,535691,56039,16876.77,892.96,17769.73,True
2022,6,American Express,Foreign Banks,Foreign,American Express,False,0,0,0,0,47445,0,1360776,0,4266848,0.0,297924.29,297924.29,0,0,0,0.0,0.0,0.0,True
2022,6,Bank of America,Foreign Banks,Foreign,Bank of America,False,0,0,0,0,0,0,21274,2,43927,0.14,2860.49,2860.63,0,0,0,0.0,0.0,0.0,True
2022,6,Barclays Bank,Foreign Banks,Foreign,Barclays Bank,False,0,0,0,0,0,0,0,0,0,0.0,0.0,0.0,1679,344,85,31.8,5.15,36.95,True
2022,6,Citi Bank,Foreign Banks,Foreign,Axis Bank,True,2023,47,443,490,0,0,2556297,11494,12491467,674.77,421065.89,421740.66,1337043,903705,1973806,50125.35,50916.02,101041.37,True
2022,6,DBS Bank,Foreign Banks,Foreign,DBS Bank,False,0,476,506,982,801,93,22031,221,35576,7.38,1777.9,1785.28,2060166,1229837,929440,54493.74,14238.96,68732.7,True
2022,6,Deutsche Bank,Foreign Banks,Foreign,Deutsche Bank,False,0,13,18,31,0,0,0,0,0,0.0,0.0,0.0,120095,47314,91593,2655.79,2294.61,4950.4,True
2022,6,HSBC,Foreign Banks,Foreign,HSBC,False,0,46,28,74,0,0,762412,1666,1677698,133.12,72492.25,72625.37,523995,254181,379483,14375.62,10357.18,24732.8,True
2022,6,SBM Bank,Foreign Banks,Foreign,SBM Bank,False,0,8,0,8,0,230651,1048914,61730,1464662,3998.16,61854.75,65852.91,112254,6063,20575,240.6,371.52,612.12,True
2022,6,Standard Chartered Bank,Foreign Banks,Foreign,Standard Chartered Bank,False,0,97,71,168,0,0,1325750,3087,3080360,213.1,113734.52,113947.62,1124313,969371,1448399,44922.54,31400.21,76322.75,True
2022,6,Airtel Payments Bank,Payment Banks,Payments Bank,Airtel Payments Bank,False,0,0,0,0,0,0,0,0,0,0.0,0.0,0.0,2069252,0,217719,0.0,1441.91,1441.91,True
2022,6,Fino Payments Bank,Payment Banks,Payments Bank,Fino Payments Bank,False,0,0,0,0,0,320914,0,0,0,0.0,0.0,0.0,4997770,1658471,252369,53451.79,4678.49,58130.28,True
2022,6,India Post Payments Bank,Payment Banks,Payments Bank,India Post Payments Bank,False,0,0,0,0,0,132120,0,0,0,0.0,0.0,0.0,0,0,0,0.0,0.0,0.0,False
2022,6,Jio Payments Bank,Payment Banks,Payments Bank,Jio Payments Bank,False,0,0,0,0,0,0,0,0,0,0.0,0.0,0.0,0,0,0,0.0,0.0,0.0,False
2022,6,NSDL Payments Bank,Payment Banks,Payments Bank,NSDL Payments Bank,False,0,0,0,0,0,91000,0,0,0,0.0,0.0,0.0,375333,3940,25641,156.03,138.3,294.33,True
2022,6,Paytm Payments Bank,Payment Banks,Payments Bank,Paytm Payments Bank,False,0,1,65,66,455330,0,0,0,0,0.0,0.0,0.0,37239918,1971597,2426176,72814.64,26929.09,99743.73,True
2022,6,At Pos,Private Sector,Private,At Pos,False,0,0,0,0,0,0,0,0,0,0.0,0.0,0.0,0,0,0,0.0,0.0,0.0,False
2022,6,Atm,Private Sector,Private,Atm,False,0,0,0,0,0,0,0,0,0,0.0,0.0,0.0,0,0,0,0.0,0.0,0.0,False
2022,6,Axis Bank,Private Sector,Private,Axis Bank,False,0,5761,10423,16184,1069086,710,9704719,56929,26439693,2369.21,1009580.89,1011950.1,28729313,21234372,17547977,1288987.6,439634.46,1728622.06,True
2022,6,Bandhan Bank,Private Sector,Private,Bandhan Bank,False,0,424,5,429,36639,0,0,0,0,0.0,0.0,0.0,5059874,2509856,900813,128691.8,20135.56,148827.36,True
2022,6,City Union Bank,Private Sector,Private,City Union Bank,False,0,1114,577,1691,7682,24598,1725,7,1789,0.33,46.64,46.97,2621852,2670102,1080920,143167.87,20139.23,163307.1,True
2022,6,Csb Bank Ltd.,Private Sector,Private,Csb Bank Ltd.,False,0,435,52,487,0,1164,0,0,0,0.0,0.0,0.0,822990,487267,298570,22805.86,5225.4,28031.26,True
2022,6,DCB Bank,Private Sector,Private,DCB Bank,False,0,365,8,373,9041,0,3530,160,8825,9.67,248.67,258.34,886534,287559,370151,16826.55,9388.12,26214.67,True
2022,6,Dhanlaxmi Bank,Private Sector,Private,Dhanlaxmi Bank,False,0,214,44,258,1521,0,7471,120,22789,4.02,526.44,530.46,513243,458026,297404,19659.74,4811.12,24470.86,True
2022,6,Federal Bank,Private Sector,Private,Federal Bank,False,0,1509,351,1860,16090,0,234580,2384,988430,117.84,40755.53,40873.37,12155305,9134630,7405236,437547.45,129146.54,566693.99,True
2022,6,HDFC Bank,Private Sector,Private,HDFC Bank,False,0,9030,9590,18620,1306431,3318,17605497,166114,57384997,9793.36,2957825.51,2967618.87,45013206,39459953,40957483,2328071.32,944727.81,3272799.13,True
2022,6,ICICI Bank,Private Sector,Private,ICICI Bank,False,0,8523,7986,16509,1032490,2560,13531271,48685,43479024,2381.63,2166824.92,2169206.55,36545077,22788522,23247751,1414326.93,620332.91,2034659.84,True
2022,6,IDFC First Bank,Private Sector,Private,IDFC First Bank,False,0,588,219,807,30104,11584,962792,12702,2654025,453.85,127649.23,128103.08,4458810,3107399,1843159,129883.61,33895.86,163779.47,True
2022,6,IndusInd Bank,Private Sector,Private,IndusInd Bank,False,0,1525,1258,2783,230746,164,2029218,20117,4802363,1018.25,554907.88,555926.13,7255130,4913978,2739278,242246.98,65078.77,307325.75,True
2022,6,J&K Bank,Private Sector,Private,J&K Bank,False,0,840,617,1457,11463,945,81054,6065,226342,235.66,10742.11,10977.77,3527294,5962858,4189073,306175.41,39780.02,345955.43,True
2022,6,Karnataka Bank,Private Sector,Private,Karnataka Bank,False,0,832,619,1451,9724,0,0,0,0,0.0,0.0,0.0,5184924,4466692,2296632,192618.59,33009.02,225627.61,True
2022,6,Karur Vysya Bank,Private Sector,Private,Karur Vysya Bank,False,0,1371,866,2237,9322,0,9169,389,24768,27.31,1392.61,1419.92,4040127,5197306,2345017,248444.4,49855.72,298300.12,True
2022,6,Kotak Mahindra Bank,Private Sector,Private,Kotak Mahindra Bank,False,0,1413,1342,2755,59652,6471,3869513,39626,7734725,1488.74,328586.3,330075.04,24587521,10181389,8864045,458106.61,167535.72,625642.33,True
2022,6,Number - Outstanding (As On Month End),Private Sector,Private,Number - Outstanding (As On Month End),False,0,0,0,0,0,0,0,0,0,0.0,0.0,0.0,0,0,0,0.0,0.0,0.0,False
2022,6,RBL Bank,Private Sector,Private,RBL Bank,False,0,376,41,417,943093,0,3914742,32776,9488100,1159.02,441153.51,442312.53,1383312,609959,460573,30180.1,10103.86,40283.96,True
2022,6,South Indian Bank,Private Sector,Private,South Indian Bank,False,0,855,417,1272,11940,0,102132,0,519068,0.0,21821.31,21821.31,3645317,3110432,2292254,138829.75,42438.63,181268.38,True
2022,6,Tamilnad Mercantile Bank,Private Sector,Private,Tamilnad Mercantile Bank,False,0,476,668,1144,4490,0,40660,2025,65771,81.11,3014.68,3095.79,2089014,5427385,627761,221800.51,12567.51,234368.02,True
2022,6,Unity Small Finance Bank Limited,Private Sector,Private,Unity Small Finance Bank Limited,False,0,0,0,0,0,0,0,0,0,0.0,0.0,0.0,0,483,0,17.59,0.0,17.59,True
2022,6,Yes Bank,Private Sector,Private,Yes Bank,False,0,1060,192,1252,58297,91584,1294496,16324,2612933,692.67,109824.89,110517.56,3861792,2552919,2025685,119330.42,40133.6,159464.02,True
2022,6,Bank of Baroda,Public Sector,Public,Bank of Baroda,False,0,8770,2705,11475,26029,37381,1348264,20818,2936292,960.98,115189.79,116150.77,75993816,28282357,11972142,1313908.94,212915.41,1526824.35,True
2022,6,Bank of India,Public Sector,Public,Bank of India,False,0,5220,2753,7973,46345,11445,169240,9220,250779,532.8,7815.97,8348.77,45402570,17838093,7469283,692664.2,115679.09,808343.29,True
2022,6,Bank of Maharashtra,Public Sector,Public,Bank of Maharashtra,False,0,1731,434,2165,2852,0,77017,940,83933,43.01,3493.9,3536.91,12651775,7270841,3455146,307003.77,49521.21,356524.98,True
2022,6,Canara Bank,Public Sector,Public,Canara Bank,False,0,8071,4130,12201,49824,8906,922700,55202,929375,2786.72,26674.99,29461.71,46100836,31153988,13409566,1395326.24,249939.03,1645265.27,True
2022,6,Central Bank of India,Public Sector,Public,Central Bank of India,False,0,2418,581,2999,3424,8982,0,0,0,0.0,0.0,0.0,27038530,8646998,3334277,382290.03,64422.63,446712.66,True
2022,6,IDBI Bank,Public Sector,Public,IDBI Bank,False,0,2210,1176,3386,22602,217,41815,431,116268,20.47,3751.62,3772.09,12812177,6838789,3544174,332106.24,66611.0,398717.24,True
2022,6,Indian Bank,Public Sector,Public,Indian Bank,False,0,4228,596,4824,14750,9657,156312,3083,186259,190.76,5672.12,5862.88,27703669,20727821,8624443,957952.57,147099.57,1105052.14,True
2022,6,Indian Overseas Bank,Public Sector,Public,Indian Overseas Bank,False,0,2735,646,3381,0,0,77236,821,85437,38.46,2060.4,2098.86,14886914,15392443,4850673,654720.59,84637.25,739357.84,True
2022,6,Punjab & Sind Bank,Public Sector,Public,Punjab & Sind Bank,False,0,777,25,802,1051,357,0,0,0,0.0,0.0,0.0,3517700,1525194,890945,67205.62,18331.46,85537.08,True
2022,6,Punjab National Bank,Public Sector,Public,Punjab National Bank,False,0,8206,5013,13219,42944,11265,330315,2704,586059,83.65,17732.18,17815.83,46296504,28273299,14119353,1360135.84,246611.58,1606747.42,True
2022,6,State Bank of India,Public Sector,Public,State Bank of India,False,0,26022,39548,65570,953970,51544,14315734,91727,41864654,3421.27,1883616.65,1887037.92,274069731,189377980,87381439,9244252.54,1583795.98,10828048.52,True
2022,6,UCO Bank,Public Sector,Public,UCO Bank,False,0,2144,222,2366,10331,3568,0,0,0,0.0,0.0,0.0,11542722,6845507,2872230,297288.61,51452.71,348741.32,True
2022,6,Union Bank of India,Public Sector,Public,Union Bank of India,False,0,8042,3190,11232,49108,8032,552143,6130,752978,311.51,25017.68,25329.19,49044522,47443437,16796848,1457698.32,275189.39,1732887.71,True
2022,6,AU Small Finance Bank,Small Finance Banks,Small Finance,AU Small Finance Bank,False,0,434,3,437,0,337,241818,5063,637903,317.39,37517.08,37834.47,2103740,892798,466760,56866.96,11025.51,67892.47,True
2022,6,Capital Small Finance Bank,Small Finance Banks,Small Finance,Capital Small Finance Bank,False,0,165,2,167,0,0,0,0,0,0.0,0.0,0.0,190939,125668,65811,6455.31,1525.25,7980.56,True
2022,6,ESAF Small Finance Bank,Small Finance Banks,Small Finance,ESAF Small Finance Bank,False,0,411,2,413,0,1084,0,0,0,0.0,0.0,0.0,4544773,880963,289716,39548.63,3461.24,43009.87,True
2022,6,Equitas Small Finance Bank,Small Finance Banks,Small Finance,Equitas Small Finance Bank,False,0,339,3,342,16273,299,0,0,0,0.0,0.0,0.0,3603362,1018000,445394,35930.84,8739.52,44670.36,True
2022,6,Fincare Small Finance Bank,Small Finance Banks,Small Finance,Fincare Small Finance Bank,False,0,126,0,126,0,0,0,0,0,0.0,0.0,0.0,3563554,625285,60557,28729.14,657.61,29386.75,True
2022,6,Jana Small Finance Bank,Small Finance Banks,Small Finance,Jana Small Finance Bank,False,0,65,2,67,0,164,0,0,0,0.0,0.0,0.0,2438818,298705,77293,14719.48,1186.42,15905.9,True
2022,6,North East Small Finance Bank,Small Finance Banks,Small Finance,North East Small Finance Bank,False,0,8,1,9,0,0,0,0,0,0.0,0.0,0.0,317945,48927,18312,1739.24,215.19,1954.43,True
2022,6,Suryoday Small Finance Bank,Small Finance Banks,Small Finance,Suryoday Small Finance Bank,False,0,0,0,0,0,67,0,0,0,0.0,0.0,0.0,472353,101030,31080,4342.4,397.46,4739.86,True
2022,6,Ujjivan Small Finance Bank,Small Finance Banks,Small Finance,Ujjivan Small Finance Bank,False,0,489,3,492,0,0,0,0,0,0.0,0.0,0.0,7418764,3264923,511312,144091.65,7691.43,151783.08,True
2022,6,Utkarsh Small Finance Bank,Small Finance Banks,Small Finance,Utkarsh Small Finance Bank,False,0,231,6,237,0,450,0,0,0,0.0,0.0,0.0,1392937,600256,52688,17582.99,814.97,18397.96,True
2022,7,American Express,Foreign Banks,Foreign,American Express,False,0,0,0,0,47948,0,1356420,0,4251530,0.0,301808.08,301808.08,0,0,0,0.0,0.0,0.0,True
2022,7,Bank of America,Foreign Banks,Foreign,Bank of America,False,0,0,0,0,0,0,21092,1,42999,0.1,2970.0,2970.1,0,0,0,0.0,0.0,0.0,True
2022,7,Barclays Bank,Foreign Banks,Foreign,Barclays Bank,False,0,0,0,0,0,0,0,0,0,0.0,0.0,0.0,1645,395,69,35.55,2.26,37.81,True
2022,7,Citi Bank,Foreign Banks,Foreign,Axis Bank,True,2023,47,439,486,0,0,2545671,10881,12148881,645.4,420037.39,420682.79,1333354,873389,1961470,49013.71,53244.86,102258.57,True
2022,7,DBS Bank,Foreign Banks,Foreign,DBS Bank,False,0,453,515,968,389,99,34686,305,55288,9.92,2814.73,2824.65,2038403,1198505,912728,53249.17,14358.79,67607.96,True
2022,7,Deutsche Bank,Foreign Banks,Foreign,Deutsche Bank,False,0,13,18,31,0,0,0,0,0,0.0,0.0,0.0,121353,48481,92809,2753.94,2407.66,5161.6,True
2022,7,HSBC,Foreign Banks,Foreign,HSBC,False,0,46,28,74,0,0,762067,1503,1719811,115.25,75002.55,75117.8,530747,254073,383322,14574.71,10950.29,25525.0,True
2022,7,SBM Bank,Foreign Banks,Foreign,SBM Bank,False,0,8,0,8,0,230651,1275573,66276,1939983,4107.29,94169.61,98276.9,134661,13762,28278,540.54,581.42,1121.96,True
2022,7,Standard Chartered Bank,Foreign Banks,Foreign,Standard Chartered Bank,False,0,99,73,172,0,0,1321772,2744,2999238,184.54,113028.11,113212.65,1166145,1001958,1458248,46764.12,33341.5,80105.62,True
2022,7,Airtel Payments Bank,Payment Banks,Payments Bank,Airtel Payments Bank,False,0,0,0,0,0,0,0,0,0,0.0,0.0,0.0,2348434,0,241706,0.0,1801.5,1801.5,True
2022,7,Fino Payments Bank,Payment Banks,Payments Bank,Fino Payments Bank,False,0,0,0,0,0,327162,0,0,0,0.0,0.0,0.0,4987071,1558744,239857,48037.17,4535.6,52572.77,True
2022,7,India Post Payments Bank,Payment Banks,Payments Bank,India Post Payments Bank,False,0,0,0,0,0,171343,0,0,0,0.0,0.0,0.0,6116946,0,557270,0.0,3340.71,3340.71,True
2022,7,Jio Payments Bank,Payment Banks,Payments Bank,Jio Payments Bank,False,0,0,0,0,0,0,0,0,0,0.0,0.0,0.0,0,0,0,0.0,0.0,0.0,False
2022,7,NSDL Payments Bank,Payment Banks,Payments Bank,NSDL Payments Bank,False,0,0,0,0,0,102468,0,0,0,0.0,0.0,0.0,387176,4201,22603,165.45,120.02,285.47,True
2022,7,Paytm Payments Bank,Payment Banks,Payments Bank,Paytm Payments Bank,False,0,1,65,66,469429,0,0,0,0,0.0,0.0,0.0,38074943,1981958,2419270,72083.4,28962.33,101045.73,True
2022,7,At Pos,Private Sector,Private,At Pos,False,0,0,0,0,0,0,0,0,0,0.0,0.0,0.0,0,0,0,0.0,0.0,0.0,False
2022,7,Atm,Private Sector,Private,Atm,False,0,0,0,0,0,0,0,0,0,0.0,0.0,0.0,0,0,0,0.0,0.0,0.0,False
2022,7,Axis Bank,Private Sector,Private,Axis Bank,False,0,5779,10399,16178,1131376,710,9932333,56038,26710455,2333.38,1006523.38,1008856.76,29034253,21492417,17884166,1298790.97,446479.38,1745270.35,True
2022,7,Bandhan Bank,Private Sector,Private,Bandhan Bank,False,0,423,5,428,36762,0,0,0,0,0.0,0.0,0.0,5096560,2986361,870966,132532.69,20256.78,152789.47,True
2022,7,City Union Bank,Private Sector,Private,City Union Bank,False,0,1114,573,1687,7260,26236,1671,13,1843,0.48,49.58,50.06,2623101,2763308,1110425,143684.82,20759.49,164444.31,True
2022,7,Csb Bank Ltd.,Private Sector,Private,Csb Bank Ltd.,False,0,446,53,499,0,1174,0,0,0,0.0,0.0,0.0,833519,501979,312084,23255.69,5409.51,28665.2,True
2022,7,DCB Bank,Private Sector,Private,DCB Bank,False,0,372,8,380,8983,0,3469,124,8331,7.16,249.66,256.82,895555,283769,344156,16528.74,7403.75,23932.49,True
2022,7,Dhanlaxmi Bank,Private Sector,Private,Dhanlaxmi Bank,False,0,216,43,259,1547,0,7645,123,23968,4.86,570.32,575.18,515156,470714,307063,20002.55,4986.95,24989.5,True
2022,7,Federal Bank,Private Sector,Private,Federal Bank,False,0,1511,353,1864,16175,0,264497,2560,1164933,125.32,50039.84,50165.16,12437294,9418683,7851809,451238.28,145219.2,596457.48,True
2022,7,HDFC Bank,Private Sector,Private,HDFC Bank,False,0,9106,9639,18745,1343923,3318,17949861,177877,59525681,10306.92,3284487.27,3294794.19,45803977,39947824,42223891,2354413.16,1057371.44,3411784.6,True
2022,7,ICICI Bank,Private Sector,Private,ICICI Bank,False,0,8611,7968,16579,1058189,2553,13725493,47973,46232925,2387.97,2334623.85,2337011.82,35712273,22897632,23801961,1426618.69,696765.24,2123383.93,True
2022,7,IDFC First Bank,Private Sector,Private,IDFC First Bank,False,0,593,215,808,32032,11637,1042747,13663,2783207,485.24,136984.48,137469.72,4579140,3118291,1886523,127693.01,37040.05,164733.06,True
2022,7,IndusInd Bank,Private Sector,Private,IndusInd Bank,False,0,1534,1256,2790,234311,164,1822569,20879,5062403,1053.09,568289.58,569342.67,7412670,5487675,2716218,247511.01,65709.35,313220.36,True
2022,7,J&K Bank,Private Sector,Private,J&K Bank,False,0,842,618,1460,11574,945,81101,5749,223001,247.05,10271.46,10518.51,3574096,6030376,4418439,321000.93,41765.91,362766.84,True
2022,7,Karnataka Bank,Private Sector,Private,Karnataka Bank,False,0,835,619,1454,9103,0,0,0,0,0.0,0.0,0.0,5186059,4446443,2352754,188371.4,34160.27,222531.67,True
2022,7,Karur Vysya Bank,Private Sector,Private,Karur Vysya Bank,False,0,1376,860,2236,12216,0,9680,459,25256,35.27,1592.18,1627.45,3991619,5175839,2385885,245262.87,51913.46,297176.33,True
2022,7,Kotak Mahindra Bank,Private Sector,Private,Kotak Mahindra Bank,False,0,1434,1348,2782,61547,6715,4052093,39354,8069889,1525.83,363197.38,364723.21,24983429,10473227,9048536,469078.69,174626.91,643705.6,True
2022,7,Number - Outstanding (As On Month End),Private Sector,Private,Number - Outstanding (As On Month End),False,0,0,0,0,0,0,0,0,0,0.0,0.0,0.0,0,0,0,0.0,0.0,0.0,False
2022,7,RBL Bank,Private Sector,Private,RBL Bank,False,0,375,41,416,1022066,0,4005255,36004,9731407,1207.49,467515.61,468723.1,1404224,614671,468514,30228.58,10922.04,41150.62,True
2022,7,South Indian Bank,Private Sector,Private,South Indian Bank,False,0,856,417,1273,12296,0,115538,0,610378,0.0,26681.67,26681.67,3668438,3172357,2393936,141848.11,45816.12,187664.23,True
2022,7,Tamilnad Mercantile Bank,Private Sector,Private,Tamilnad Mercantile Bank,False,0,477,670,1147,4704,0,40991,2225,70997,86.68,3213.74,3300.42,2105557,5299032,622763,220712.16,12403.78,233115.94,True
2022,7,Unity Small Finance Bank Limited,Private Sector,Private,Unity Small Finance Bank Limited,False,0,231,0,231,0,0,0,0,0,0.0,0.0,0.0,0,586,0,21.23,0.0,21.23,True
2022,7,Yes Bank,Private Sector,Private,Yes Bank,False,0,1066,190,1256,57662,95630,1331990,17207,2681146,734.05,117888.91,118622.96,3958870,2608071,2012317,121277.48,41282.14,162559.62,True
2022,7,Bank of Baroda,Public Sector,Public,Bank of Baroda,False,0,8760,2683,11443,25758,37816,1416927,20703,3186932,953.4,127473.88,128427.28,76491940,27799590,11969654,1275540.09,214602.53,1490142.62,True
2022,7,Bank of India,Public Sector,Public,Bank of India,False,0,5161,2658,7819,46857,11956,161832,8537,247491,482.67,7897.74,8380.41,45431685,17565150,7516774,673887.11,117456.15,791343.26,True
2022,7,Bank of Maharashtra,Public Sector,Public,Bank of Maharashtra,False,0,1747,434,2181,2871,0,76761,904,79760,41.87,3287.89,3329.76,12784888,7043405,3440624,293025.57,49759.62,342785.19,True
2022,7,Canara Bank,Public Sector,Public,Canara Bank,False,0,8063,4127,12190,50362,8906,913399,56638,974364,2859.88,28082.09,30941.97,46819589,31285845,13545501,1387559.77,259894.99,1647454.76,True
2022,7,Central Bank of India,Public Sector,Public,Central Bank of India,False,0,2414,425,2839,2588,8982,0,0,0,0.0,0.0,0.0,27305718,8623339,3568336,374311.16,71521.05,445832.21,True
2022,7,IDBI Bank,Public Sector,Public,IDBI Bank,False,0,2210,1178,3388,22711,216,42508,354,114188,19.25,3714.67,3733.92,12779200,6727152,3485783,324964.61,66588.81,391553.42,True
2022,7,Indian Bank,Public Sector,Public,Indian Bank,False,0,4239,593,4832,14871,9657,157121,3172,199219,202.2,6861.13,7063.33,28168095,20607476,8663039,944738.4,149690.5,1094428.9,True
2022,7,Indian Overseas Bank,Public Sector,Public,Indian Overseas Bank,False,0,2734,674,3408,0,0,78878,840,86192,39.11,2176.21,2215.32,15101912,15340800,4886335,650778.77,85833.68,736612.45,True
2022,7,Punjab & Sind Bank,Public Sector,Public,Punjab & Sind Bank,False,0,776,25,801,1055,357,0,0,0,0.0,0.0,0.0,3525744,1569033,901157,69055.55,18842.61,87898.16,True
2022,7,Punjab National Bank,Public Sector,Public,Punjab National Bank,False,0,8218,4908,13126,43978,11265,334350,2825,606048,83.72,19121.39,19205.11,46524689,28850260,13416172,1382399.76,255537.6,1637937.36,True
2022,7,State Bank of India,Public Sector,Public,State Bank of India,False,0,25993,39646,65639,960482,51824,14534667,87546,41808171,3294.34,1936777.39,1940071.73,274637296,192085183,88010665,9324905.47,1666376.6,10991282.07,True
2022,7,UCO Bank,Public Sector,Public,UCO Bank,False,0,2155,221,2376,10165,3568,0,0,0,0.0,0.0,0.0,11643639,6898167,2933612,296361.49,52939.88,349301.37,True
2022,7,Union Bank of India,Public Sector,Public,Union Bank of India,False,0,8042,3190,11232,39115,8032,560409,5948,737289,305.77,24999.67,25305.44,49339980,47119469,17036290,1455689.84,284663.34,1740353.18,True
2022,7,AU Small Finance Bank,Small Finance Banks,Small Finance,AU Small Finance Bank,False,0,439,3,442,0,338,274656,5638,709258,354.96,43164.67,43519.63,2158365,908307,454329,56464.07,11696.3,68160.37,True
2022,7,Capital Small Finance Bank,Small Finance Banks,Small Finance,Capital Small Finance Bank,False,0,165,2,167,0,0,0,0,0,0.0,0.0,0.0,193436,129232,64837,6634.37,1473.46,8107.83,True
2022,7,ESAF Small Finance Bank,Small Finance Banks,Small Finance,ESAF Small Finance Bank,False,0,424,2,426,0,1130,0,0,0,0.0,0.0,0.0,4592274,840853,287288,36097.07,3473.72,39570.79,True
2022,7,Equitas Small Finance Bank,Small Finance Banks,Small Finance,Equitas Small Finance Bank,False,0,339,3,342,19183,299,0,0,0,0.0,0.0,0.0,3741667,1061583,432427,35401.72,8975.12,44376.84,True
2022,7,Fincare Small Finance Bank,Small Finance Banks,Small Finance,Fincare Small Finance Bank,False,0,126,0,126,0,0,0,0,0,0.0,0.0,0.0,3631296,602486,58926,26652.98,676.06,27329.04,True
2022,7,Jana Small Finance Bank,Small Finance Banks,Small Finance,Jana Small Finance Bank,False,0,60,2,62,0,164,0,0,0,0.0,0.0,0.0,2472660,293315,71073,14442.65,1132.78,15575.43,True
2022,7,North East Small Finance Bank,Small Finance Banks,Small Finance,North East Small Finance Bank,False,0,8,1,9,0,0,0,0,0,0.0,0.0,0.0,326990,50452,18464,1884.9,232.36,2117.26,True
2022,7,Suryoday Small Finance Bank,Small Finance Banks,Small Finance,Suryoday Small Finance Bank,False,0,0,0,0,0,67,0,0,0,0.0,0.0,0.0,495938,101763,32224,4314.64,425.74,4740.38,True
2022,7,Ujjivan Small Finance Bank,Small Finance Banks,Small Finance,Ujjivan Small Finance Bank,False,0,490,3,493,0,0,0,0,0,0.0,0.0,0.0,7504016,3190593,504943,137459.15,7771.63,145230.78,True
2022,7,Utkarsh Small Finance Bank,Small Finance Banks,Small Finance,Utkarsh Small Finance Bank,False,0,232,7,239,0,450,0,0,0,0.0,0.0,0.0,1406809,733671,56628,21046.87,879.19,21926.06,True
2022,8,American Express,Foreign Banks,Foreign,American Express,False,0,0,0,0,48756,0,1353402,0,4185278,0.0,309503.93,309503.93,0,0,0,0.0,0.0,0.0,True
2022,8,Bank of America,Foreign Banks,Foreign,Bank of America,False,0,0,0,0,0,0,19589,6,40531,0.53,3031.09,3031.62,0,0,0,0.0,0.0,0.0,True
2022,8,Barclays Bank,Foreign Banks,Foreign,Barclays Bank,False,0,0,0,0,0,0,0,0,0,0.0,0.0,0.0,1650,362,33,31.98,2.51,34.49,True
2022,8,Citi Bank,Foreign Banks,Foreign,Axis Bank,True,2023,47,438,485,0,0,2561253,12367,12976277,725.37,430122.11,430847.48,1331815,929268,2001589,51559.67,52901.77,104461.44,True
2022,8,DBS Bank,Foreign Banks,Foreign,DBS Bank,False,0,457,520,977,454,92,52882,476,98895,16.1,4844.98,4861.08,1977414,1197579,875499,52809.92,13941.24,66751.16,True
2022,8,Deutsche Bank,Foreign Banks,Foreign,Deutsche Bank,False,0,13,18,31,0,0,0,0,0,0.0,0.0,0.0,118747,48738,91193,2749.05,2316.5,5065.55,True
2022,8,HSBC,Foreign Banks,Foreign,HSBC,False,0,46,28,74,0,0,765095,1588,1721360,126.4,75366.46,75492.86,537794,256722,374794,14446.73,11106.12,25552.85,True
2022,8,SBM Bank,Foreign Banks,Foreign,SBM Bank,False,0,0,0,0,0,267925,1222172,58942,1643578,3602.74,77778.46,81381.2,248119,13146,39010,499.08,1042.64,1541.72,True
2022,8,Standard Chartered Bank,Foreign Banks,Foreign,Standard Chartered Bank,False,0,99,74,173,0,0,1319608,3141,3284805,210.09,120348.13,120558.22,1167038,982249,1364302,45447.02,31853.54,77300.56,True
2022,8,Airtel Payments Bank,Payment Banks,Payments Bank,Airtel Payments Bank,False,0,0,0,0,0,0,0,0,0,0.0,0.0,0.0,2719008,0,232499,0.0,1975.56,1975.56,True
2022,8,Fino Payments Bank,Payment Banks,Payments Bank,Fino Payments Bank,False,0,0,0,0,0,333219,0,0,0,0.0,0.0,0.0,5159768,1677914,235924,49973.82,4168.89,54142.71,True
2022,8,India Post Payments Bank,Payment Banks,Payments Bank,India Post Payments Bank,False,0,0,0,0,0,171355,0,0,0,0.0,0.0,0.0,6558032,0,415821,0.0,2828.06,2828.06,True
2022,8,Jio Payments Bank,Payment Banks,Payments Bank,Jio Payments Bank,False,0,0,0,0,0,0,0,0,0,0.0,0.0,0.0,0,0,0,0.0,0.0,0.0,False
2022,8,NSDL Payments Bank,Payment Banks,Payments Bank,NSDL Payments Bank,False,0,0,0,0,0,106422,0,0,0,0.0,0.0,0.0,397854,4380,19111,167.1,111.54,278.64,True
2022,8,Paytm Payments Bank,Payment Banks,Payments Bank,Paytm Payments Bank,False,0,1,64,65,485578,0,0,0,0,0.0,0.0,0.0,37559643,1956543,2314080,70770.32,31393.44,102163.76,True
2022,8,At Pos,Private Sector,Private,At Pos,False,0,0,0,0,0,0,0,0,0,0.0,0.0,0.0,0,0,0,0.0,0.0,0.0,False
2022,8,Atm,Private Sector,Private,Atm,False,0,0,0,0,0,0,0,0,0,0.0,0.0,0.0,0,0,0,0.0,0.0,0.0,False
2022,8,Axis Bank,Private Sector,Private,Axis Bank,False,0,5783,10341,16124,1188081,847,8879353,61270,29402182,2502.9,1032137.73,1034640.63,28975119,21540284,17293779,1275127.45,423259.77,1698387.22,True
2022,8,Bandhan Bank,Private Sector,Private,Bandhan Bank,False,0,423,5,428,36878,0,0,0,0,0.0,0.0,0.0,5200062,2575496,827089,128221.49,19553.17,147774.66,True
2022,8,City Union Bank,Private Sector,Private,City Union Bank,False,0,1120,573,1693,7199,23491,1644,11,1917,0.77,43.02,43.79,2622921,2762321,1118536,142925.36,21375.31,164300.67,True
2022,8,Csb Bank Ltd.,Private Sector,Private,Csb Bank Ltd.,False,0,451,53,504,0,1180,0,0,0,0.0,0.0,0.0,831219,508378,313053,23889.76,5658.84,29548.6,True
2022,8,DCB Bank,Private Sector,Private,DCB Bank,False,0,373,8,381,8925,0,3382,97,6822,6.77,189.4,196.17,914406,289527,334832,16550.84,7260.54,23811.38,True
2022,8,Dhanlaxmi Bank,Private Sector,Private,Dhanlaxmi Bank,False,0,217,42,259,1423,0,7760,140,25622,4.41,608.84,613.25,518391,476999,309282,20683.71,5258.37,25942.08,True
2022,8,Federal Bank,Private Sector,Private,Federal Bank,False,0,1518,350,1868,16271,0,297437,3088,1348760,140.68,56020.81,56161.49,12559380,9299022,7837080,448116.76,154066.68,602183.44,True
2022,8,HDFC Bank,Private Sector,Private,HDFC Bank,False,0,9154,9574,18728,1378893,3890,16428971,192225,61201062,10943.91,3243049.35,3253993.26,46582533,40628123,40815853,2361107.59,995733.62,3356841.21,True
2022,8,ICICI Bank,Private Sector,Private,ICICI Bank,False,0,8640,7911,16551,1130982,2558,13937013,51881,46377772,2498.82,2007057.7,2009556.52,35594187,22826338,22941469,1407443.5,633484.18,2040927.68,True
2022,8,IDFC First Bank,Private Sector,Private,IDFC First Bank,False,0,586,208,794,33260,11637,1113545,15718,3026688,556.77,141544.11,142100.88,4785111,3188443,1858957,124519.92,36403.09,160923.01,True
2022,8,IndusInd Bank,Private Sector,Private,IndusInd Bank,False,0,1555,1252,2807,240416,164,1869104,22860,5250126,1128.74,476992.11,478120.85,7543316,4986773,2622203,247595.66,64257.67,311853.33,True
2022,8,J&K Bank,Private Sector,Private,J&K Bank,False,0,848,619,1467,11580,945,81315,6229,241992,245.31,10992.61,11237.92,3623676,5921624,4527462,300194.93,40507.2,340702.13,True
2022,8,Karnataka Bank,Private Sector,Private,Karnataka Bank,False,0,839,615,1454,9228,0,0,0,0,0.0,0.0,0.0,5196347,4434039,2201135,187907.78,32292.44,220200.22,True
2022,8,Karur Vysya Bank,Private Sector,Private,Karur Vysya Bank,False,0,1377,861,2238,12265,0,9934,485,26258,37.88,1827.83,1865.71,3957336,5081709,2384764,239514.1,51875.03,291389.13,True
2022,8,Kotak Mahindra Bank,Private Sector,Private,Kotak Mahindra Bank,False,0,1447,1353,2800,62724,6866,4107595,42379,8569646,1658.63,380966.98,382625.61,25526683,10790487,8837215,477064.2,177880.77,654944.97,True
2022,8,Number - Outstanding (As On Month End),Private Sector,Private,Number - Outstanding (As On Month End),False,0,0,0,0,0,0,0,0,0,0.0,0.0,0.0,0,0,0,0.0,0.0,0.0,False
2022,8,RBL Bank,Private Sector,Private,RBL Bank,False,0,373,41,414,1058325,0,4044789,40259,10115107,1329.04,465361.65,466690.69,1432029,627505,456170,30496.55,10515.43,41011.98,True
2022,8,South Indian Bank,Private Sector,Private,South Indian Bank,False,0,856,416,1272,12837,0,128960,0,670511,0.0,28936.78,28936.78,3646976,3208268,2384368,144194.87,47192.61,191387.48,True
2022,8,Tamilnad Mercantile Bank,Private Sector,Private,Tamilnad Mercantile Bank,False,0,477,670,1147,4607,0,40979,2258,71268,86.08,3185.8,3271.88,2105582,5257855,631481,216930.87,13146.08,230076.95,True
2022,8,Unity Small Finance Bank Limited,Private Sector,Private,Unity Small Finance Bank Limited,False,0,231,0,231,0,0,0,0,0,0.0,0.0,0.0,0,597,0,21.7,0.0,21.7,True
2022,8,Yes Bank,Private Sector,Private,Yes Bank,False,0,1067,189,1256,58617,84421,1246243,18930,2832814,798.95,121315.8,122114.75,4046276,2698231,1957422,124928.21,40388.4,165316.61,True
2022,8,Bank of Baroda,Public Sector,Public,Bank of Baroda,False,0,8769,2684,11453,25570,38158,1428072,20161,3509197,927.0,136874.82,137801.82,76893503,28218526,11548028,1273871.25,208574.76,1482446.01,True
2022,8,Bank of India,Public Sector,Public,Bank of India,False,0,5159,2695,7854,47271,11956,150601,8963,255862,500.43,8020.17,8520.6,45494860,17828989,7239360,674791.0,114802.23,789593.23,True
2022,8,Bank of Maharashtra,Public Sector,Public,Bank of Maharashtra,False,0,1771,433,2204,2963,0,76504,1011,86079,48.68,3507.62,3556.3,12915821,7224220,3299799,297861.38,47883.45,345744.83,True
2022,8,Canara Bank,Public Sector,Public,Canara Bank,False,0,8088,4107,12195,50792,8906,527272,56629,979548,2863.94,28205.09,31069.03,47715491,31568115,13258110,1385448.61,257269.68,1642718.29,True
2022,8,Central Bank of India,Public Sector,Public,Central Bank of India,False,0,1788,342,2130,2592,8982,0,0,0,0.0,0.0,0.0,27556286,8553106,3498264,365047.29,68977.32,434024.61,True
2022,8,IDBI Bank,Public Sector,Public,IDBI Bank,False,0,2212,1182,3394,22583,213,42743,418,127725,22.45,4077.66,4100.11,12725526,6759889,3351485,321757.15,64079.02,385836.17,True
2022,8,Indian Bank,Public Sector,Public,Indian Bank,False,0,4233,592,4825,14545,9759,163346,3123,201729,187.63,7085.42,7273.05,28371703,20432560,8598086,927267.64,151321.59,1078589.23,True
2022,8,Indian Overseas Bank,Public Sector,Public,Indian Overseas Bank,False,0,2719,693,3412,0,0,80651,905,87834,38.79,2190.4,2229.19,15263223,15085988,4888471,632293.3,87385.89,719679.19,True
2022,8,Punjab & Sind Bank,Public Sector,Public,Punjab & Sind Bank,False,0,777,25,802,1059,357,0,0,0,0.0,0.0,0.0,3540893,1640477,885980,71523.53,19015.93,90539.46,True
2022,8,Punjab National Bank,Public Sector,Public,Punjab National Bank,False,0,8209,4840,13049,44856,11265,339352,3968,649790,112.94,20266.81,20379.75,45499411,27416368,12101038,1297670.16,231765.77,1529435.93,True
2022,8,State Bank of India,Public Sector,Public,State Bank of India,False,0,25721,39969,65690,965920,51926,14830926,104690,44146358,3883.51,1960285.09,1964168.6,277159959,192726592,85154317,9192011.09,1622679.03,10814690.12,True
2022,8,UCO Bank,Public Sector,Public,UCO Bank,False,0,2164,219,2383,10205,3568,0,0,0,0.0,0.0,0.0,11753993,6979613,2836618,296138.8,51936.98,348075.78,True
2022,8,Union Bank of India,Public Sector,Public,Union Bank of India,False,0,8042,3190,11232,42695,8032,563047,6277,772141,314.81,25743.23,26058.04,49647373,45680096,16514040,1442897.71,275488.38,1718386.09,True
2022,8,AU Small Finance Bank,Small Finance Banks,Small Finance,AU Small Finance Bank,False,0,452,3,455,0,340,296930,5745,846395,341.87,48267.31,48609.18,2207838,944678,465103,58751.71,11470.96,70222.67,True
2022,8,Capital Small Finance Bank,Small Finance Banks,Small Finance,Capital Small Finance Bank,False,0,165,2,167,0,0,0,0,0,0.0,0.0,0.0,195956,133735,64843,6830.3,1417.12,8247.42,True
2022,8,ESAF Small Finance Bank,Small Finance Banks,Small Finance,ESAF Small Finance Bank,False,0,439,2,441,0,1155,0,0,0,0.0,0.0,0.0,4629416,800902,279742,33177.05,3511.3,36688.35,True
2022,8,Equitas Small Finance Bank,Small Finance Banks,Small Finance,Equitas Small Finance Bank,False,0,340,3,343,19184,299,0,0,0,0.0,0.0,0.0,3855299,1094633,425948,35909.68,9196.51,45106.19,True
2022,8,Fincare Small Finance Bank,Small Finance Banks,Small Finance,Fincare Small Finance Bank,False,0,129,0,129,0,0,0,0,0,0.0,0.0,0.0,3714230,622349,55373,28374.74,647.67,29022.41,True
2022,8,Jana Small Finance Bank,Small Finance Banks,Small Finance,Jana Small Finance Bank,False,0,59,2,61,0,164,0,0,0,0.0,0.0,0.0,2507403,290127,63420,13999.59,1016.99,15016.58,True
2022,8,North East Small Finance Bank,Small Finance Banks,Small Finance,North East Small Finance Bank,False,0,8,1,9,0,0,0,0,0,0.0,0.0,0.0,335069,54693,16770,2064.35,216.16,2280.51,True
2022,8,Suryoday Small Finance Bank,Small Finance Banks,Small Finance,Suryoday Small Finance Bank,False,0,0,0,0,0,67,0,0,0,0.0,0.0,0.0,501612,45741,13013,1992.88,177.45,2170.33,True
2022,8,Ujjivan Small Finance Bank,Small Finance Banks,Small Finance,Ujjivan Small Finance Bank,False,0,494,3,497,0,0,0,0,0,0.0,0.0,0.0,7680056,3264678,487898,139793.43,7748.99,147542.42,True
2022,8,Utkarsh Small Finance Bank,Small Finance Banks,Small Finance,Utkarsh Small Finance Bank,False,0,234,7,241,0,450,0,0,0,0.0,0.0,0.0,1422606,849464,54117,23512.41,863.36,24375.77,True
2022,9,American Express,Foreign Banks,Foreign,American Express,False,0,0,0,0,49461,0,1299223,0,4129190,0.0,314200.69,314200.69,0,0,0,0.0,0.0,0.0,True
2022,9,Bank of America,Foreign Banks,Foreign,Bank of America,False,0,0,0,0,0,0,17930,0,34999,0.0,2870.52,2870.52,0,0,0,0.0,0.0,0.0,True
2022,9,Barclays Bank,Foreign Banks,Foreign,Barclays Bank,False,0,0,0,0,0,0,0,0,0,0.0,0.0,0.0,980,376,39,32.25,4.1,36.35,True
2022,9,Citi Bank,Foreign Banks,Foreign,Axis Bank,True,2023,47,436,483,0,0,2466201,10680,11547986,625.93,398808.82,399434.75,1319374,798723,1691220,44286.02,47646.71,91932.73,True
2022,9,DBS Bank,Foreign Banks,Foreign,DBS Bank,False,0,451,526,977,468,89,73338,581,137980,16.75,6720.03,6736.78,1964920,1125046,785684,50211.59,12777.55,62989.14,True
2022,9,Deutsche Bank,Foreign Banks,Foreign,Deutsche Bank,False,0,13,18,31,0,0,0,0,0,0.0,0.0,0.0,118573,45323,83994,2579.69,2175.36,4755.05,True
2022,9,HSBC,Foreign Banks,Foreign,HSBC,False,0,46,28,74,0,0,717508,1542,1633660,114.53,72819.33,72933.86,542818,243510,366998,13864.23,9211.52,23075.75,True
2022,9,SBM Bank,Foreign Banks,Foreign,SBM Bank,False,0,0,0,0,0,285916,1383164,59817,1556462,3701.93,68398.9,72100.83,291887,15151,52478,604.08,1314.43,1918.51,True
2022,9,Standard Chartered Bank,Foreign Banks,Foreign,Standard Chartered Bank,False,0,99,73,172,0,0,1217340,2962,2997418,201.53,114188.3,114389.83,1189948,920258,1281985,43093.94,30209.64,73303.58,True
2022,9,Airtel Payments Bank,Payment Banks,Payments Bank,Airtel Payments Bank,False,0,0,0,0,0,0,0,0,0,0.0,0.0,0.0,2976036,0,246598,0.0,1867.81,1867.81,True
2022,9,Fino Payments Bank,Payment Banks,Payments Bank,Fino Payments Bank,False,0,0,0,0,0,339705,0,0,0,0.0,0.0,0.0,5316570,1695598,235847,51177.63,4172.43,55350.06,True
2022,9,India Post Payments Bank,Payment Banks,Payments Bank,India Post Payments Bank,False,0,0,0,0,0,172055,0,0,0,0.0,0.0,0.0,7037102,0,472358,0.0,3008.56,3008.56,True
2022,9,Jio Payments Bank,Payment Banks,Payments Bank,Jio Payments Bank,False,0,0,0,0,0,0,0,0,0,0.0,0.0,0.0,0,0,0,0.0,0.0,0.0,False
2022,9,NSDL Payments Bank,Payment Banks,Payments Bank,NSDL Payments Bank,False,0,0,0,0,0,137401,0,0,0,0.0,0.0,0.0,410584,4223,24081,160.09,124.11,284.2,True
2022,9,Paytm Payments Bank,Payment Banks,Payments Bank,Paytm Payments Bank,False,0,1,63,64,499139,0,0,0,0,0.0,0.0,0.0,37703540,1625443,2296264,62797.65,30254.59,93052.24,True
2022,9,At Pos,Private Sector,Private,At Pos,False,0,0,0,0,0,0,0,0,0,0.0,0.0,0.0,0,0,0,0.0,0.0,0.0,False
2022,9,Atm,Private Sector,Private,Atm,False,0,0,0,0,0,0,0,0,0,0.0,0.0,0.0,0,0,0,0.0,0.0,0.0,False
2022,9,Axis Bank,Private Sector,Private,Axis Bank,False,0,5799,10209,16008,1249672,847,8824819,54285,31691612,2138.93,1278827.17,1280966.1,28744562,20746208,15793939,1254406.54,433909.82,1688316.36,True
2022,9,Bandhan Bank,Private Sector,Private,Bandhan Bank,False,0,427,5,432,36984,0,0,0,0,0.0,0.0,0.0,5173422,2669788,891085,135512.48,20987.1,156499.58,True
2022,9,City Union Bank,Private Sector,Private,City Union Bank,False,0,1122,571,1693,7243,25391,1618,13,1706,0.6,52.13,52.73,2651655,2684241,1033779,140274.32,20014.52,160288.84,True
2022,9,Csb Bank Ltd.,Private Sector,Private,Csb Bank Ltd.,False,0,454,53,507,0,1183,0,0,0,0.0,0.0,0.0,837083,486837,287339,23044.83,5198.82,28243.65,True
2022,9,DCB Bank,Private Sector,Private,DCB Bank,False,0,373,8,381,8870,0,0,68,4787,3.88,132.63,136.51,926092,283939,323119,16428.84,6734.23,23163.07,True
2022,9,Dhanlaxmi Bank,Private Sector,Private,Dhanlaxmi Bank,False,0,219,42,261,1418,0,8025,138,24973,5.06,586.07,591.13,518467,457325,296773,20032.5,5083.71,25116.21,True
2022,9,Federal Bank,Private Sector,Private,Federal Bank,False,0,1525,350,1875,16191,0,332823,2930,1392728,142.22,60733.81,60876.03,12197238,8947079,7265794,431799.08,145009.31,576808.39,True
2022,9,HDFC Bank,Private Sector,Private,HDFC Bank,False,0,9229,9639,18868,1423021,4232,16328522,185854,58804006,10771.25,3250186.7,3260957.95,47410153,39459360,39187831,2321907.56,956069.61,3277977.17,True
2022,9,ICICI Bank,Private Sector,Private,ICICI Bank,False,0,8687,7790,16477,1155529,2543,13316346,48715,48672818,2395.45,2363123.6,2365519.05,35633467,21647063,21549774,1359951.83,654016.89,2013968.72,True
2022,9,IDFC First Bank,Private Sector,Private,IDFC First Bank,False,0,602,210,812,34593,11549,1204190,16467,3043977,577.81,147678.22,148256.03,5007516,3275861,1840047,128179.52,35486.96,163666.48,True
2022,9,IndusInd Bank,Private Sector,Private,IndusInd Bank,False,0,1559,1248,2807,233094,151,1931403,22961,5282419,1162.01,450487.78,451649.79,7593333,5407571,2503115,258806.03,64632.92,323438.95,True
2022,9,J&K Bank,Private Sector,Private,J&K Bank,False,0,850,621,1471,11593,945,83010,6166,242300,252.35,11539.8,11792.15,3660711,5840685,4642442,301792.86,41153.23,342946.09,True
2022,9,Karnataka Bank,Private Sector,Private,Karnataka Bank,False,0,842,614,1456,9535,0,0,0,0,0.0,0.0,0.0,5185163,4290868,2080678,184919.71,30436.26,215355.97,True
2022,9,Karur Vysya Bank,Private Sector,Private,Karur Vysya Bank,False,0,1383,855,2238,12332,0,11556,649,31713,47.76,2324.7,2372.46,4015071,4934235,2147392,234652.47,47443.73,282096.2,True
2022,9,Kotak Mahindra Bank,Private Sector,Private,Kotak Mahindra Bank,False,0,1456,1346,2802,63865,6525,4299906,40791,8463725,1537.02,396124.15,397661.17,25797993,10600714,8281412,477528.3,167825.8,645354.1,True
2022,9,Number - Outstanding (As On Month End),Private Sector,Private,Number - Outstanding (As On Month End),False,0,0,0,0,0,0,0,0,0,0.0,0.0,0.0,0,0,0,0.0,0.0,0.0,False
2022,9,RBL Bank,Private Sector,Private,RBL Bank,False,0,372,41,413,882538,0,4097800,40521,9827314,1310.85,481969.82,483280.67,1459654,618652,431936,30332.95,10437.39,40770.34,True
2022,9,South Indian Bank,Private Sector,Private,South Indian Bank,False,0,857,418,1275,13095,0,141237,0,681829,0.0,31229.6,31229.6,3551727,3090774,2216796,139471.78,44315.09,183786.87,True
2022,9,Tamilnad Mercantile Bank,Private Sector,Private,Tamilnad Mercantile Bank,False,0,476,670,1146,4545,0,40917,1984,64824,80.7,3085.66,3166.36,2124906,5146968,573668,214383.3,11895.82,226279.12,True
2022,9,Unity Small Finance Bank Limited,Private Sector,Private,Unity Small Finance Bank Limited,False,0,231,0,231,0,0,0,0,0,0.0,0.0,0.0,537288,544,0,19.17,0.0,19.17,True
2022,9,Yes Bank,Private Sector,Private,Yes Bank,False,0,1069,188,1257,60635,87709,1291423,19109,2785091,815.93,126332.81,127148.74,3898519,2707476,1946708,125853.82,40302.03,166155.85,True
2022,9,Bank of Baroda,Public Sector,Public,Bank of Baroda,False,0,8777,2684,11461,25558,38968,1502964,17823,3560053,835.63,143113.58,143949.21,77708499,26960216,10890418,1232389.48,199198.82,1431588.3,True
2022,9,Bank of India,Public Sector,Public,Bank of India,False,0,5274,2798,8072,47196,14770,138964,9256,229260,527.55,7721.73,8249.28,45593205,16619343,6608257,636821.29,106322.13,743143.42,True
2022,9,Bank of Maharashtra,Public Sector,Public,Bank of Maharashtra,False,0,1786,434,2220,2908,3341,78338,991,81119,47.7,3418.82,3466.52,13037906,6793088,3044020,278586.79,43604.15,322190.94,True
2022,9,Canara Bank,Public Sector,Public,Canara Bank,False,0,8087,4071,12158,54098,8906,558886,58650,959368,2987.69,28465.69,31453.38,48539815,31043680,12829321,1374613.5,250474.43,1625087.93,True
2022,9,Central Bank of India,Public Sector,Public,Central Bank of India,False,0,1688,328,2016,2536,8982,0,0,0,0.0,0.0,0.0,27340402,8295857,3157967,358990.07,64221.05,423211.12,True
2022,9,IDBI Bank,Public Sector,Public,IDBI Bank,False,0,2211,1134,3345,22546,210,43232,419,114615,22.3,3783.38,3805.68,12507547,6622507,3130898,318674.71,60098.37,378773.08,True
2022,9,Indian Bank,Public Sector,Public,Indian Bank,False,0,4230,595,4825,15104,9968,160881,3060,192202,191.02,7094.03,7285.05,28656557,19694941,7941506,908380.9,140493.38,1048874.28,True
2022,9,Indian Overseas Bank,Public Sector,Public,Indian Overseas Bank,False,0,2716,721,3437,0,0,83125,941,88702,42.99,2265.18,2308.17,15445034,14231119,4429554,592590.13,79888.81,672478.94,True
2022,9,Punjab & Sind Bank,Public Sector,Public,Punjab & Sind Bank,False,0,778,25,803,1065,357,0,0,0,0.0,0.0,0.0,3562651,1593973,848894,70337.01,18554.91,88891.92,True
2022,9,Punjab National Bank,Public Sector,Public,Punjab National Bank,False,0,8152,4814,12966,45829,14951,346683,3798,644951,116.52,20918.27,21034.79,45758496,28071070,12016706,1347016.28,234007.66,1581023.94,True
2022,9,State Bank of India,Public Sector,Public,State Bank of India,False,0,25780,40016,65796,972221,51806,14828035,99761,44774432,3744.48,2333529.43,2337273.91,275397426,190101030,83255479,9144148.6,1646464.62,10790613.22,True
2022,9,UCO Bank,Public Sector,Public,UCO Bank,False,0,2179,217,2396,10145,3568,0,0,0,0.0,0.0,0.0,11879159,6801310,2712048,296815.36,50422.16,347237.52,True
2022,9,Union Bank of India,Public Sector,Public,Union Bank of India,False,0,8042,3190,11232,42458,8032,555212,5745,701643,285.4,23761.44,24046.84,50217508,53780976,15709040,1389971.0,261592.64,1651563.64,True
2022,9,AU Small Finance Bank,Small Finance Banks,Small Finance,AU Small Finance Bank,False,0,457,3,460,0,341,317125,5780,904301,348.67,52883.52,53232.19,2259742,942672,460363,59315.83,11755.4,71071.23,True
2022,9,Capital Small Finance Bank,Small Finance Banks,Small Finance,Capital Small Finance Bank,False,0,165,2,167,0,0,0,0,0,0.0,0.0,0.0,198437,128046,58824,6547.61,1323.31,7870.92,True
2022,9,ESAF Small Finance Bank,Small Finance Banks,Small Finance,ESAF Small Finance Bank,False,0,448,2,450,0,1236,0,0,0,0.0,0.0,0.0,4682602,864109,294712,38162.02,3768.4,41930.42,True
2022,9,Equitas Small Finance Bank,Small Finance Banks,Small Finance,Equitas Small Finance Bank,False,0,342,3,345,19532,294,0,0,0,0.0,0.0,0.0,3524974,1101915,439967,40397.03,9733.01,50130.04,True
2022,9,Fincare Small Finance Bank,Small Finance Banks,Small Finance,Fincare Small Finance Bank,False,0,131,0,131,0,0,0,0,0,0.0,0.0,0.0,3815376,674057,54240,32841.32,639.72,33481.04,True
2022,9,Jana Small Finance Bank,Small Finance Banks,Small Finance,Jana Small Finance Bank,False,0,59,2,61,0,164,0,0,0,0.0,0.0,0.0,2539700,317375,67567,15631.44,1085.28,16716.72,True
2022,9,North East Small Finance Bank,Small Finance Banks,Small Finance,North East Small Finance Bank,False,0,8,1,9,0,0,0,0,0,0.0,0.0,0.0,344870,53455,16546,2139.08,237.65,2376.73,True
2022,9,Suryoday Small Finance Bank,Small Finance Banks,Small Finance,Suryoday Small Finance Bank,False,0,0,0,0,0,67,0,0,0,0.0,0.0,0.0,541740,16701,5068,642.44,77.23,719.67,True
2022,9,Ujjivan Small Finance Bank,Small Finance Banks,Small Finance,Ujjivan Small Finance Bank,False,0,499,3,502,0,0,0,0,0,0.0,0.0,0.0,7753141,3312936,479409,144337.24,7647.94,151985.18,True
2022,9,Utkarsh Small Finance Bank,Small Finance Banks,Small Finance,Utkarsh Small Finance Bank,False,0,238,7,245,0,481,0,0,0,0.0,0.0,0.0,1436759,624797,54090,19069.13,888.91,19958.04,True
2022,10,American Express,Foreign Banks,Foreign,American Express,False,0,0,0,0,52468,0,1304696,0,4051153,0.0,322443.36,322443.36,0,0,0,0.0,0.0,0.0,True
2022,10,Bank of America,Foreign Banks,Foreign,Bank of America,False,0,0,0,0,0,0,7241,0,16848,0.0,915.91,915.91,0,0,0,0.0,0.0,0.0,True
2022,10,Barclays Bank,Foreign Banks,Foreign,Barclays Bank,False,0,0,0,0,0,0,0,0,0,0.0,0.0,0.0,912,384,15,34.05,3.37,37.42,True
2022,10,Citi Bank,Foreign Banks,Foreign,Axis Bank,True,2023,47,431,478,0,0,2472875,11787,12651000,706.59,462960.58,463667.17,1317002,899647,1790414,50676.63,53804.33,104480.96,True
2022,10,DBS Bank,Foreign Banks,Foreign,DBS Bank,False,0,449,534,983,475,90,95287,643,179424,19.95,8694.93,8714.88,1948884,1171300,797937,53366.56,14111.13,67477.69,True
2022,10,Deutsche Bank,Foreign Banks,Foreign,Deutsche Bank,False,0,13,18,31,0,0,0,0,0,0.0,0.0,0.0,118881,52067,86895,2940.12,2378.96,5319.08,True
2022,10,HSBC,Foreign Banks,Foreign,HSBC,False,0,46,28,74,0,0,687106,1529,1791617,118.46,71989.62,72108.08,554698,278264,265514,15907.61,10691.0,26598.61,True
2022,10,SBM Bank,Foreign Banks,Foreign,SBM Bank,False,0,0,0,0,0,304417,1625793,62506,1622375,3932.41,72278.52,76210.93,353844,19445,57385,860.75,1254.79,2115.54,True
2022,10,Standard Chartered Bank,Foreign Banks,Foreign,Standard Chartered Bank,False,0,99,73,172,0,0,1104244,2857,3093899,176.07,117879.35,118055.42,1171636,1020780,1476132,48646.39,38912.0,87558.39,True
2022,10,Airtel Payments Bank,Payment Banks,Payments Bank,Airtel Payments Bank,False,0,0,0,0,0,0,0,0,0,0.0,0.0,0.0,3235063,0,294769,0.0,2485.68,2485.68,True
2022,10,Fino Payments Bank,Payment Banks,Payments Bank,Fino Payments Bank,False,0,0,0,0,0,344945,0,0,0,0.0,0.0,0.0,5482352,1958949,238385,60328.47,4602.96,64931.43,True
2022,10,India Post Payments Bank,Payment Banks,Payments Bank,India Post Payments Bank,False,0,0,0,0,0,179578,0,0,0,0.0,0.0,0.0,7763562,0,385968,0.0,2776.67,2776.67,True
2022,10,Jio Payments Bank,Payment Banks,Payments Bank,Jio Payments Bank,False,0,0,0,0,0,0,0,0,0,0.0,0.0,0.0,0,0,0,0.0,0.0,0.0,False
2022,10,NSDL Payments Bank,Payment Banks,Payments Bank,NSDL Payments Bank,False,0,0,0,0,0,152747,0,0,0,0.0,0.0,0.0,427761,4251,27186,161.76,144.3,306.06,True
2022,10,Paytm Payments Bank,Payment Banks,Payments Bank,Paytm Payments Bank,False,0,1,63,64,514641,0,0,0,0,0.0,0.0,0.0,37800341,1721859,2231844,68513.94,30907.97,99421.91,True
2022,10,At Pos,Private Sector,Private,At Pos,False,0,0,0,0,0,0,0,0,0,0.0,0.0,0.0,0,0,0,0.0,0.0,0.0,False
2022,10,Atms & Crms,Private Sector,Private,Atms & Crms,False,0,0,0,0,0,0,0,0,0,0.0,0.0,0.0,0,0,0,0.0,0.0,0.0,False
2022,10,Axis Bank,Private Sector,Private,Axis Bank,False,0,5761,10097,15858,1288748,847,9086186,60488,31650871,2355.03,1131629.08,1133984.11,27975510,22436703,16020624,1369275.32,436902.0,1806177.32,True
2022,10,Bandhan Bank,Private Sector,Private,Bandhan Bank,False,0,428,5,433,37088,0,0,0,0,0.0,0.0,0.0,5226993,2612427,799476,131654.91,20931.22,152586.13,True
2022,10,City Union Bank,Private Sector,Private,City Union Bank,False,0,1108,568,1676,7220,27426,1767,13,2157,0.28,58.28,58.56,2660153,2801045,1111956,148572.75,22750.16,171322.91,True
2022,10,Csb Bank Ltd.,Private Sector,Private,Csb Bank Ltd.,False,0,457,53,510,0,1183,0,0,0,0.0,0.0,0.0,845416,530479,291625,24394.27,5189.01,29583.28,True
2022,10,DCB Bank,Private Sector,Private,DCB Bank,False,0,375,8,383,8817,0,0,0,0,0.0,0.0,0.0,940951,292751,201090,16616.78,5539.22,22156.0,True
2022,10,Dhanlaxmi Bank,Private Sector,Private,Dhanlaxmi Bank,False,0,222,42,264,1422,0,8199,157,27360,5.34,640.03,645.37,516483,479044,293021,20339.8,4848.01,25187.81,True
2022,10,Federal Bank,Private Sector,Private,Federal Bank,False,0,1535,351,1886,16340,0,370543,3612,1657866,166.76,73556.86,73723.62,12325632,9295878,7098168,443897.63,138870.64,582768.27,True
2022,10,HDFC Bank,Private Sector,Private,HDFC Bank,False,0,9366,9530,18896,1463983,4232,16546501,203214,63484549,11689.83,3753336.89,3765026.72,48032697,43952961,40291017,2621904.25,1102318.81,3724223.06,True
2022,10,ICICI Bank,Private Sector,Private,ICICI Bank,False,0,8725,7754,16479,1179801,3041,13537626,51634,48087165,2532.41,2166095.62,2168628.03,35709144,23870600,21888486,1522082.04,652217.84,2174299.88,True
2022,10,IDFC First Bank,Private Sector,Private,IDFC First Bank,False,0,620,229,849,35616,10046,1269278,18516,3349076,682.09,163254.95,163937.04,5220963,3914725,1717494,192290.0,56633.37,248923.37,True
2022,10,IndusInd Bank,Private Sector,Private,IndusInd Bank,False,0,1619,1247,2866,244844,151,1964481,24390,5314350,1222.19,744236.43,745458.62,7708771,5379037,2565538,272805.5,68250.1,341055.6,True
2022,10,J&K Bank,Private Sector,Private,J&K Bank,False,0,858,627,1485,11634,945,84034,6375,284600,257.23,14592.25,14849.48,3687362,6050233,4532516,325990.17,43972.42,369962.59,True
2022,10,Karnataka Bank,Private Sector,Private,Karnataka Bank,False,0,847,613,1460,9369,0,0,0,0,0.0,0.0,0.0,5163963,4470197,2109794,194143.49,33729.13,227872.62,True
2022,10,Karur Vysya Bank,Private Sector,Private,Karur Vysya Bank,False,0,1381,852,2233,11224,0,10743,666,35296,50.35,2529.9,2580.25,4063647,5098118,2375710,245656.07,53510.16,299166.23,True
2022,10,Kotak Mahindra Bank,Private Sector,Private,Kotak Mahindra Bank,False,0,1471,1330,2801,67575,6657,4519524,43631,8878294,1632.06,415607.96,417240.02,26089134,11540250,8396133,530576.3,182416.86,712993.16,True
2022,10,Nainital Bank,Private Sector,Private,Nainital Bank,False,0,0,0,0,0,0,0,0,0,0.0,0.0,0.0,192504,102865,50833,4774.55,982.37,5756.92,True
2022,10,Number - Outstanding (As On Month End),Private Sector,Private,Number - Outstanding (As On Month End),False,0,0,0,0,0,0,0,0,0,0.0,0.0,0.0,0,0,0,0.0,0.0,0.0,False
2022,10,Payment Banks,Private Sector,Private,Payment Banks,False,0,0,0,0,0,0,0,0,0,0.0,0.0,0.0,0,0,0,0.0,0.0,0.0,False
2022,10,RBL Bank,Private Sector,Private,RBL Bank,False,0,373,40,413,888964,0,4166704,40886,10606818,1363.26,544014.35,545377.61,1484226,686124,452699,34186.6,11927.59,46114.19,True
2022,10,Shivalik Small Finance Bank Limited,Private Sector,Private,Shivalik Small Finance Bank Limited,False,0,0,0,0,78,311,0,0,0,0.0,0.0,0.0,85148,36736,12123,1960.38,321.64,2282.02,True
2022,10,Small Finance Banks,Private Sector,Private,Small Finance Banks,False,0,0,0,0,0,0,0,0,0,0.0,0.0,0.0,0,0,0,0.0,0.0,0.0,False
2022,10,South Indian Bank,Private Sector,Private,South Indian Bank,False,0,856,418,1274,13467,0,155095,0,784169,0.0,37283.67,37283.67,3569346,3177569,2145874,141878.34,42115.28,183993.62,True
2022,10,Tamilnad Mercantile Bank,Private Sector,Private,Tamilnad Mercantile Bank,False,0,482,667,1149,4560,0,40906,2221,77376,88.81,3511.6,3600.41,2135215,5375814,659111,229090.0,14689.39,243779.39,True
2022,10,Unity Small Finance Bank Limited,Private Sector,Private,Unity Small Finance Bank Limited,False,0,231,0,231,0,0,0,0,0,0.0,0.0,0.0,537286,338,0,10.83,0.0,10.83,True
2022,10,Yes Bank,Private Sector,Private,Yes Bank,False,0,1069,186,1255,59563,90252,1327942,18466,2925426,804.7,135274.09,136078.79,3979824,2917520,1905257,139544.42,44671.77,184216.19,True
2022,10,Bank of Baroda,Public Sector,Public,Bank of Baroda,False,0,8795,2664,11459,24934,39046,1578148,15844,3865411,760.35,158851.31,159611.66,78440427,28909309,10484258,1356719.05,228797.2,1585516.25,True
2022,10,Bank of India,Public Sector,Public,Bank of India,False,0,5307,2837,8144,46917,14770,84114,9996,232478,585.12,8380.06,8965.18,45831608,18735634,6973386,739752.44,125317.62,865070.06,True
2022,10,Bank of Maharashtra,Public Sector,Public,Bank of Maharashtra,False,0,1809,435,2244,2825,3345,77883,1030,91596,49.96,3971.57,4021.53,13155196,7570492,3308434,332045.6,56028.22,388073.82,True
2022,10,Canara Bank,Public Sector,Public,Canara Bank,False,0,8103,4039,12142,56505,8906,569338,60265,1055173,3135.77,32047.65,35183.42,47982447,33569753,13308445,1500665.81,279398.21,1780064.02,True
2022,10,Central Bank of India,Public Sector,Public,Central Bank of India,False,0,1249,325,1574,2277,9254,0,0,0,0.0,0.0,0.0,27369834,9230516,3881692,409889.71,86811.43,496701.14,True
2022,10,IDBI Bank,Public Sector,Public,IDBI Bank,False,0,2215,1124,3339,22709,206,43375,430,124282,24.68,4213.16,4237.84,12667091,7178665,3306351,353091.13,70561.98,423653.11,True
2022,10,Indian Bank,Public Sector,Public,Indian Bank,False,0,4309,594,4903,14693,10249,158707,3037,210665,195.66,7224.21,7419.87,28816092,21082110,8154859,978880.0,155639.4,1134519.4,True
2022,10,Indian Overseas Bank,Public Sector,Public,Indian Overseas Bank,False,0,2707,736,3443,0,0,72693,1002,97355,45.58,2561.18,2606.76,15580464,15799462,4932734,660738.22,93891.72,754629.94,True
2022,10,Punjab & Sind Bank,Public Sector,Public,Punjab & Sind Bank,False,0,780,23,803,1062,357,0,0,0,0.0,0.0,0.0,3579375,1625630,792084,73431.46,19488.97,92920.43,True
2022,10,Punjab National Bank,Public Sector,Public,Punjab National Bank,False,0,8159,4804,12963,45024,11265,344956,4049,666681,124.93,22685.67,22810.6,45911797,30410684,12273127,1476948.66,264468.85,1741417.51,True
2022,10,State Bank of India,Public Sector,Public,State Bank of India,False,0,25740,39971,65711,1004792,51806,15167195,105767,46610157,4041.93,2330237.57,2334279.5,277289229,206516295,84995263,10063108.97,1793301.83,11856410.8,True
2022,10,UCO Bank,Public Sector,Public,UCO Bank,False,0,2187,218,2405,10156,3568,0,0,0,0.0,0.0,0.0,11942836,7373718,2829520,324022.66,57996.52,382019.18,True
2022,10,Union Bank of India,Public Sector,Public,Union Bank of India,False,0,8042,3190,11232,41589,8032,546486,6893,842828,355.58,29600.0,29955.58,50324328,49816701,16205766,1530250.46,284000.0,1814250.46,True
2022,10,AU Small Finance Bank,Small Finance Banks,Small Finance,AU Small Finance Bank,False,0,471,3,474,0,347,338088,5498,1032424,341.85,62235.89,62577.74,2273026,1004888,475216,64894.08,13317.73,78211.81,True
2022,10,Capital Small Finance Bank,Small Finance Banks,Small Finance,Capital Small Finance Bank,False,0,166,2,168,0,0,0,0,0,0.0,0.0,0.0,200649,138478,58962,7418.84,1722.23,9141.07,True
2022,10,ESAF Small Finance Bank,Small Finance Banks,Small Finance,ESAF Small Finance Bank,False,0,461,2,463,0,1527,0,0,0,0.0,0.0,0.0,4743448,858785,295285,37339.95,3757.76,41097.71,True
2022,10,Equitas Small Finance Bank,Small Finance Banks,Small Finance,Equitas Small Finance Bank,False,0,344,3,347,19712,286,0,0,0,0.0,0.0,0.0,3150936,1180801,381331,36701.73,8254.45,44956.18,True
2022,10,Fincare Small Finance Bank,Small Finance Banks,Small Finance,Fincare Small Finance Bank,False,0,134,0,134,0,0,0,0,0,0.0,0.0,0.0,3909499,719585,59399,34554.05,790.1,35344.15,True
2022,10,Jana Small Finance Bank,Small Finance Banks,Small Finance,Jana Small Finance Bank,False,0,59,2,61,0,164,0,0,0,0.0,0.0,0.0,2563349,292229,72014,14003.15,1192.97,15196.12,True
2022,10,North East Small Finance Bank,Small Finance Banks,Small Finance,North East Small Finance Bank,False,0,8,1,9,0,0,0,0,0,0.0,0.0,0.0,352283,52246,15833,2008.26,235.12,2243.38,True
2022,10,Suryoday Small Finance Bank,Small Finance Banks,Small Finance,Suryoday Small Finance Bank,False,0,0,0,0,0,67,0,0,0,0.0,0.0,0.0,557836,57500,9646,1879.24,184.15,2063.39,True
2022,10,Ujjivan Small Finance Bank,Small Finance Banks,Small Finance,Ujjivan Small Finance Bank,False,0,503,3,506,0,0,0,0,0,0.0,0.0,0.0,7816015,3179740,466933,130202.93,7774.7,137977.63,True
2022,10,Utkarsh Small Finance Bank,Small Finance Banks,Small Finance,Utkarsh Small Finance Bank,False,0,247,7,254,0,486,0,0,0,0.0,0.0,0.0,1448595,378866,53999,14031.9,937.63,14969.53,True
2022,11,American Express,Foreign Banks,Foreign,American Express,False,0,0,0,0,52943,0,1313008,0,4015481,0.0,324039.31,324039.31,0,0,0,0.0,0.0,0.0,True
2022,11,Bank of America,Foreign Banks,Foreign,Bank of America,False,0,0,0,0,0,0,5159,0,6792,0.0,424.43,424.43,0,0,0,0.0,0.0,0.0,True
2022,11,Barclays Bank,Foreign Banks,Foreign,Barclays Bank,False,0,0,0,0,0,0,0,0,0,0.0,0.0,0.0,903,317,34,27.84,3.56,31.4,True
2022,11,Citi Bank,Foreign Banks,Foreign,Axis Bank,True,2023,47,431,478,0,0,2482096,11188,11131011,663.01,395346.96,396009.97,1311767,766416,1510260,42927.04,43517.52,86444.56,True
2022,11,DBS Bank,Foreign Banks,Foreign,DBS Bank,False,0,449,534,983,495,86,118719,1349,215052,41.94,10466.47,10508.41,1945944,1082754,671162,47784.67,11348.87,59133.54,True
2022,11,Deutsche Bank,Foreign Banks,Foreign,Deutsche Bank,False,0,13,18,31,0,0,0,0,0,0.0,0.0,0.0,117513,44561,73091,2466.01,1966.09,4432.1,True
2022,11,HSBC,Foreign Banks,Foreign,HSBC,False,0,46,28,74,0,0,692840,1512,1623519,115.34,64789.95,64905.29,562551,246195,254928,13947.69,9219.6,23167.29,True
2022,11,SBM Bank,Foreign Banks,Foreign,SBM Bank,False,0,0,0,0,0,326541,1703964,58586,1689571,3658.06,80148.06,83806.12,404244,22543,62322,968.25,1525.85,2494.1,True
2022,11,Standard Chartered Bank,Foreign Banks,Foreign,Standard Chartered Bank,False,0,99,73,172,0,0,1102760,2646,2717005,160.4,100850.57,101010.97,1169240,887512,1239742,41478.04,32412.27,73890.31,True
2022,11,Woori Bank,Foreign Banks,Foreign,Woori Bank,False,0,0,0,0,0,0,0,0,0,0.0,0.0,0.0,1091,1251,6683,86.94,202.32,289.26,True
2022,11,Airtel Payments Bank,Payment Banks,Payments Bank,Airtel Payments Bank,False,0,0,0,0,0,0,0,0,0,0.0,0.0,0.0,3424302,0,262477,0.0,1958.35,1958.35,True
2022,11,Fino Payments Bank,Payment Banks,Payments Bank,Fino Payments Bank,False,0,0,0,0,0,350093,0,0,0,0.0,0.0,0.0,5717289,1688438,213368,52285.38,4289.1,56574.48,True
2022,11,India Post Payments Bank,Payment Banks,Payments Bank,India Post Payments Bank,False,0,0,0,0,0,168607,0,0,0,0.0,0.0,0.0,8264248,0,367737,0.0,2707.78,2707.78,True
2022,11,Jio Payments Bank,Payment Banks,Payments Bank,Jio Payments Bank,False,0,0,0,0,0,0,0,0,0,0.0,0.0,0.0,0,0,0,0.0,0.0,0.0,False
2022,11,NSDL Payments Bank,Payment Banks,Payments Bank,NSDL Payments Bank,False,0,0,0,0,0,169557,0,0,0,0.0,0.0,0.0,441974,3689,28425,142.07,135.91,277.98,True
2022,11,Paytm Payments Bank,Payment Banks,Payments Bank,Paytm Payments Bank,False,0,1,63,64,530347,0,0,0,0,0.0,0.0,0.0,37865011,1571160,1986490,62433.85,27308.47,89742.32,True
2022,11,At Pos,Private Sector,Private,At Pos,False,0,0,0,0,0,0,0,0,0,0.0,0.0,0.0,0,0,0,0.0,0.0,0.0,False
2022,11,Atm,Private Sector,Private,Atm,False,0,0,0,0,0,0,0,0,0,0.0,0.0,0.0,0,0,0,0.0,0.0,0.0,False
2022,11,Axis Bank,Private Sector,Private,Axis Bank,False,0,5761,10097,15858,1315288,847,9294011,63664,29185888,2490.92,1043057.1,1045548.02,28716921,20912950,13725978,1239539.56,351122.17,1590661.73,True
2022,11,Bandhan Bank,Private Sector,Private,Bandhan Bank,False,0,428,5,433,37245,0,0,0,0,0.0,0.0,0.0,5288593,2514793,716196,128845.4,17919.8,146765.2,True
2022,11,City Union Bank,Private Sector,Private,City Union Bank,False,0,1108,568,1676,7050,29521,1942,8,2129,0.24,52.31,52.55,2673773,2566297,905560,131223.1,17581.62,148804.72,True
2022,11,Csb Bank Ltd.,Private Sector,Private,Csb Bank Ltd.,False,0,457,53,510,0,1188,0,0,0,0.0,0.0,0.0,854222,792782,265192,29472.32,4610.43,34082.75,True
2022,11,DCB Bank,Private Sector,Private,DCB Bank,False,0,375,8,383,8839,0,0,0,0,0.0,0.0,0.0,941387,275551,177064,15170.58,4666.05,19836.63,True
2022,11,Dhanlaxmi Bank,Private Sector,Private,Dhanlaxmi Bank,False,0,222,42,264,1457,0,8434,154,25864,4.93,587.89,592.82,525552,462412,265343,19887.13,4288.65,24175.78,True
2022,11,Federal Bank,Private Sector,Private,Federal Bank,False,0,1535,351,1886,16406,0,407760,3513,1688661,150.54,74323.32,74473.86,12575237,8895741,6595651,427170.15,128274.77,555444.92,True
2022,11,HDFC Bank,Private Sector,Private,HDFC Bank,False,0,9366,9530,18896,1516998,4232,16782602,195216,58113196,11284.07,3264981.7,3276265.77,48725677,39673982,35206767,2377981.69,915907.18,3293888.87,True
2022,11,ICICI Bank,Private Sector,Private,ICICI Bank,False,0,8725,7754,16479,1200475,9321,13431626,48225,43450489,2331.22,1833530.28,1835861.5,35813731,21190273,19527686,1361567.51,550163.53,1911731.04,True
2022,11,IDFC First Bank,Private Sector,Private,IDFC First Bank,False,0,620,229,849,36551,9976,1292155,19433,3236919,722.4,155832.95,156555.35,5511906,3610101,1583831,175974.64,44918.78,220893.42,True
2022,11,IndusInd Bank,Private Sector,Private,IndusInd Bank,False,0,1619,1247,2866,246540,151,2018773,23479,5562159,1183.52,650392.06,651575.58,7893221,4796296,2272056,248510.57,57934.96,306445.53,True
2022,11,J&K Bank,Private Sector,Private,J&K Bank,False,0,858,627,1485,11643,945,83903,6098,270429,246.34,13995.61,14241.95,3728497,5729014,4528733,302978.27,39290.13,342268.4,True
2022,11,Karnataka Bank,Private Sector,Private,Karnataka Bank,False,0,847,613,1460,9325,0,0,0,0,0.0,0.0,0.0,5165032,4259536,1930326,186332.73,29045.11,215377.84,True
2022,11,Karur Vysya Bank,Private Sector,Private,Karur Vysya Bank,False,0,1381,852,2233,11361,0,10565,780,33604,60.28,2486.88,2547.16,4113474,4738285,1956024,223290.75,42897.36,266188.11,True
2022,11,Kotak Mahindra Bank,Private Sector,Private,Kotak Mahindra Bank,False,0,1471,1330,2801,69993,6762,4597686,46473,8430231,1641.42,375027.82,376669.24,26514365,10359897,7100397,475373.24,145241.63,620614.87,True
2022,11,Nainital Bank,Private Sector,Private,Nainital Bank,False,0,0,0,0,0,0,0,0,0,0.0,0.0,0.0,195401,92976,46090,4282.57,874.51,5157.08,True
2022,11,Number - Outstanding (As On Month End),Private Sector,Private,Number - Outstanding (As On Month End),False,0,0,0,0,0,0,0,0,0,0.0,0.0,0.0,0,0,0,0.0,0.0,0.0,False
2022,11,RBL Bank,Private Sector,Private,RBL Bank,False,0,373,40,413,897075,0,4230404,42534,9787990,1363.34,499410.62,500773.96,1512891,616441,397944,30724.62,10343.77,41068.39,True
2022,11,Shivalik Small Finance Bank Limited,Private Sector,Private,Shivalik Small Finance Bank Limited,False,0,0,0,0,77,295,0,0,0,0.0,0.0,0.0,86664,33592,11751,1785.12,279.13,2064.25,True
2022,11,South Indian Bank,Private Sector,Private,South Indian Bank,False,0,856,418,1274,13759,0,169154,0,785489,0.0,38183.23,38183.23,3600077,3063923,1960759,136714.96,38141.07,174856.03,True
2022,11,Tamilnad Mercantile Bank,Private Sector,Private,Tamilnad Mercantile Bank,False,0,482,667,1149,4662,0,40992,2323,78596,93.15,3501.93,3595.08,2150529,4943348,528802,203947.52,10880.26,214827.78,True
2022,11,Unity Small Finance Bank Limited,Private Sector,Private,Unity Small Finance Bank Limited,False,0,231,0,231,0,0,0,0,0,0.0,0.0,0.0,537283,288,0,10.76,0.0,10.76,True
2022,11,Yes Bank,Private Sector,Private,Yes Bank,False,0,1069,186,1255,60986,91482,1361789,19314,2753693,861.13,128885.42,129746.55,4075864,2698249,1652422,126760.77,37685.32,164446.09,True
2022,11,Bank of Baroda,Public Sector,Public,Bank of Baroda,False,0,8795,2664,11459,23140,39435,1638457,14638,3789262,716.09,157496.68,158212.77,79475125,25988774,9281862,1208283.14,187227.98,1395511.12,True
2022,11,Bank of India,Public Sector,Public,Bank of India,False,0,5307,2837,8144,45421,15369,86053,10246,215554,591.57,7553.66,8145.23,46304287,17021037,6185045,660583.68,103461.01,764044.69,True
2022,11,Bank of Maharashtra,Public Sector,Public,Bank of Maharashtra,False,0,1809,435,2244,1880,3374,77461,1021,82782,48.88,3554.33,3603.21,13170703,6467214,2803134,271322.03,42290.19,313612.22,True
2022,11,Canara Bank,Public Sector,Public,Canara Bank,False,0,8103,4039,12142,58223,8906,593845,59587,969781,3103.38,28990.36,32093.74,48645220,31936152,11588043,1416129.9,231274.39,1647404.29,True
2022,11,Central Bank of India,Public Sector,Public,Central Bank of India,False,0,1249,325,1574,2368,9254,0,0,0,0.0,0.0,0.0,27727499,8422305,3501019,370916.58,74549.84,445466.42,True
2022,11,IDBI Bank,Public Sector,Public,IDBI Bank,False,0,2215,1124,3339,22437,202,43829,463,113251,25.66,3633.02,3658.68,12394541,6392126,2805389,309645.3,56100.35,365745.65,True
2022,11,Indian Bank,Public Sector,Public,Indian Bank,False,0,4309,594,4903,14772,10249,161962,3386,194346,213.76,7196.72,7410.48,28928653,19329076,7033838,885120.0,126416.71,1011536.71,True
2022,11,Indian Overseas Bank,Public Sector,Public,Indian Overseas Bank,False,0,2707,736,3443,0,0,74221,2128,91365,95.34,2348.66,2444.0,15742911,14679288,4209909,600176.21,75061.21,675237.42,True
2022,11,Punjab & Sind Bank,Public Sector,Public,Punjab & Sind Bank,False,0,780,23,803,1062,357,0,0,0,0.0,0.0,0.0,3591183,1551051,785124,71915.89,19301.08,91216.97,True
2022,11,Punjab National Bank,Public Sector,Public,Punjab National Bank,False,0,8159,4804,12963,45963,11265,311721,3979,657599,128.75,22227.26,22356.01,40767384,27559209,10987194,1348076.46,225822.13,1573898.59,True
2022,11,State Bank of India,Public Sector,Public,State Bank of India,False,0,25740,39971,65711,1014946,51776,15555633,106326,42071194,3986.19,2100136.24,2104122.43,278356488,188633690,74584563,9142058.14,1467349.17,10609407.31,True
2022,11,UCO Bank,Public Sector,Public,UCO Bank,False,0,2187,218,2405,10273,3568,0,0,0,0.0,0.0,0.0,12069193,6904192,2549108,301882.68,49009.37,350892.05,True
2022,11,Union Bank of India,Public Sector,Public,Union Bank of India,False,0,8042,3190,11232,41155,8032,554993,5760,758839,378.51,26506.47,26884.98,50684814,46002491,14575264,1401887.2,247380.47,1649267.67,True
2022,11,AU Small Finance Bank,Small Finance Banks,Small Finance,AU Small Finance Bank,False,0,471,3,474,0,350,357802,5228,1024211,323.79,59413.82,59737.61,2323549,923115,453414,59618.12,11857.55,71475.67,True
2022,11,Capital Small Finance Bank,Small Finance Banks,Small Finance,Capital Small Finance Bank,False,0,166,2,168,0,0,0,0,0,0.0,0.0,0.0,202896,133603,56910,7631.66,1758.18,9389.84,True
2022,11,ESAF Small Finance Bank,Small Finance Banks,Small Finance,ESAF Small Finance Bank,False,0,461,2,463,0,1690,0,0,0,0.0,0.0,0.0,4817166,865527,272926,39394.65,3502.77,42897.42,True
2022,11,Equitas Small Finance Bank,Small Finance Banks,Small Finance,Equitas Small Finance Bank,False,0,344,3,347,20526,287,0,0,0,0.0,0.0,0.0,3201634,1146552,331487,25484.72,7462.4,32947.12,True
2022,11,Fincare Small Finance Bank,Small Finance Banks,Small Finance,Fincare Small Finance Bank,False,0,134,0,134,0,0,0,0,0,0.0,0.0,0.0,4025060,721030,53864,36146.09,694.9,36840.99,True
2022,11,Jana Small Finance Bank,Small Finance Banks,Small Finance,Jana Small Finance Bank,False,0,59,2,61,0,164,0,0,0,0.0,0.0,0.0,2593910,263626,56809,12887.47,915.94,13803.41,True
2022,11,North East Small Finance Bank,Small Finance Banks,Small Finance,North East Small Finance Bank,False,0,8,1,9,0,0,0,0,0,0.0,0.0,0.0,362093,54427,14587,2078.78,208.68,2287.46,True
2022,11,Suryoday Small Finance Bank,Small Finance Banks,Small Finance,Suryoday Small Finance Bank,False,0,0,0,0,0,67,0,0,0,0.0,0.0,0.0,536547,75139,11391,2038.1,200.4,2238.5,True
2022,11,Ujjivan Small Finance Bank,Small Finance Banks,Small Finance,Ujjivan Small Finance Bank,False,0,503,3,506,0,0,0,0,0,0.0,0.0,0.0,7916119,2941219,409428,120938.23,6552.91,127491.14,True
2022,11,Utkarsh Small Finance Bank,Small Finance Banks,Small Finance,Utkarsh Small Finance Bank,False,0,247,7,254,0,500,0,0,0,0.0,0.0,0.0,1465531,289966,49596,11731.45,849.49,12580.94,True
2022,12,American Express,Foreign Banks,Foreign,American Express,False,0,0,0,0,53490,0,1317153,0,4324138,0.0,341962.78,341962.78,0,0,0,0.0,0.0,0.0,True
2022,12,Bank of America,Foreign Banks,Foreign,Bank of America,False,0,0,0,0,0,0,0,0,2211,0.0,126.2,126.2,0,0,0,0.0,0.0,0.0,True
2022,12,Barclays Bank,Foreign Banks,Foreign,Barclays Bank,False,0,0,0,0,0,0,0,0,0,0.0,0.0,0.0,893,327,36,28.31,4.95,33.26,True
2022,12,Citi Bank,Foreign Banks,Foreign,Axis Bank,True,2023,47,432,479,0,0,2487796,12076,11979137,739.86,429185.33,429925.19,1282384,869248,1682725,49841.92,52056.58,101898.5,True
2022,12,DBS Bank,Foreign Banks,Foreign,DBS Bank,False,0,427,499,926,483,77,146293,2543,289432,82.62,16037.87,16120.49,1793087,1060771,634762,47361.0,11214.9,58575.9,True
2022,12,Deutsche Bank,Foreign Banks,Foreign,Deutsche Bank,False,0,13,18,31,0,0,0,0,0,0.0,0.0,0.0,116949,49844,82541,2796.35,2305.02,5101.37,True
2022,12,HSBC,Foreign Banks,Foreign,HSBC,False,0,46,28,74,0,0,695122,1662,1875752,136.79,72819.04,72955.83,562758,279334,361025,16113.83,11104.92,27218.75,True
2022,12,SBM Bank,Foreign Banks,Foreign,SBM Bank,False,0,0,0,0,0,337076,968018,51011,1551479,3087.69,58808.37,61896.06,470671,52249,77913,1426.69,1845.92,3272.61,True
2022,12,Standard Chartered Bank,Foreign Banks,Foreign,Standard Chartered Bank,False,0,99,73,172,0,0,1073904,2708,2984844,166.41,113999.56,114165.97,1154130,964832,1215007,46240.45,29918.44,76158.89,True
2022,12,Woori Bank,Foreign Banks,Foreign,Woori Bank,False,0,0,0,0,0,0,0,0,0,0.0,0.0,0.0,1121,1318,6732,87.36,210.84,298.2,True
2022,12,Airtel Payments Bank,Payment Banks,Payments Bank,Airtel Payments Bank,False,0,0,0,0,0,41201,0,0,0,0.0,0.0,0.0,3645129,0,238158,0.0,1912.31,1912.31,True
2022,12,Fino Payments Bank,Payment Banks,Payments Bank,Fino Payments Bank,False,0,0,0,0,0,355370,0,0,0,0.0,0.0,0.0,5968640,1832512,225518,56930.79,4625.37,61556.16,True
2022,12,India Post Payments Bank,Payment Banks,Payments Bank,India Post Payments Bank,False,0,0,0,0,0,145000,0,0,0,0.0,0.0,0.0,8771964,0,469116,0.0,6597.37,6597.37,True
2022,12,Jio Payments Bank,Payment Banks,Payments Bank,Jio Payments Bank,False,0,0,0,0,0,0,0,0,0,0.0,0.0,0.0,0,0,0,0.0,0.0,0.0,False
2022,12,NSDL Payments Bank,Payment Banks,Payments Bank,NSDL Payments Bank,False,0,0,0,0,0,225563,0,0,0,0.0,0.0,0.0,464813,3733,37276,138.87,197.76,336.63,True
2022,12,Paytm Payments Bank,Payment Banks,Payments Bank,Paytm Payments Bank,False,0,1,62,63,547236,0,0,0,0,0.0,0.0,0.0,37783416,1610800,1983189,64033.33,29370.61,93403.94,True
2022,12,At Pos,Private Sector,Private,At Pos,False,0,0,0,0,0,0,0,0,0,0.0,0.0,0.0,0,0,0,0.0,0.0,0.0,False
2022,12,Atms & Crms,Private Sector,Private,Atms & Crms,False,0,0,0,0,0,0,0,0,0,0.0,0.0,0.0,0,0,0,0.0,0.0,0.0,False
2022,12,Axis Bank,Private Sector,Private,Axis Bank,False,0,5791,9851,15642,1347823,847,9443017,65696,31726634,2646.25,1135177.47,1137823.72,28759959,21269839,14206745,1312291.03,372500.27,1684791.3,True
2022,12,Bandhan Bank,Private Sector,Private,Bandhan Bank,False,0,407,5,412,37746,0,0,0,0,0.0,0.0,0.0,5267927,2591262,714130,133446.36,18372.81,151819.17,True
2022,12,City Union Bank,Private Sector,Private,City Union Bank,False,0,1115,564,1679,7046,30882,2588,4,3216,0.11,77.67,77.78,2699516,2727528,949563,140156.63,18960.98,159117.61,True
2022,12,Csb Bank Ltd.,Private Sector,Private,Csb Bank Ltd.,False,0,459,53,512,0,1187,158,0,218,0.0,2.53,2.53,864160,541028,297651,25065.57,5448.14,30513.71,True
2022,12,DCB Bank,Private Sector,Private,DCB Bank,False,0,378,7,385,8785,0,0,0,0,0.0,0.0,0.0,947232,282705,183073,15865.01,5144.66,21009.67,True
2022,12,Dhanlaxmi Bank,Private Sector,Private,Dhanlaxmi Bank,False,0,223,42,265,1477,0,8635,167,27387,5.03,629.1,634.13,531589,490695,283716,20882.9,4736.95,25619.85,True
2022,12,Federal Bank,Private Sector,Private,Federal Bank,False,0,1544,350,1894,17976,0,452399,3842,2087027,165.86,89364.94,89530.8,12017050,9390056,6679137,455945.52,129450.08,585395.6,True
2022,12,Fincare Small Finance Bank Ltd,Private Sector,Private,Fincare Small Finance Bank Ltd,False,0,136,0,136,0,0,0,0,0,0.0,0.0,0.0,4143834,816665,55829,41310.47,710.57,42021.04,True
2022,12,HDFC Bank,Private Sector,Private,HDFC Bank,False,0,9588,9419,19007,1534885,4232,17012255,210731,62741390,12131.55,3569493.4,3581624.95,49483219,42230916,37691789,2535746.53,1009316.44,3545062.97,True
2022,12,ICICI Bank,Private Sector,Private,ICICI Bank,False,0,8805,7740,16545,1207861,9321,13527648,52915,47705434,2585.41,2069178.45,2071763.86,32505167,22438890,20243978,1465781.13,602176.36,2067957.49,True
2022,12,IDFC First Bank,Private Sector,Private,IDFC First Bank,False,0,628,239,867,34802,9893,1365384,22574,3656748,879.81,177058.46,177938.27,5751063,3878520,1554798,190529.87,40168.09,230697.96,True
2022,12,IndusInd Bank,Private Sector,Private,IndusInd Bank,False,0,1649,1247,2896,251154,151,2068093,26715,5851293,1347.86,688210.32,689558.18,7938791,5060206,2343143,260081.69,62286.84,322368.53,True
2022,12,J&K Bank,Private Sector,Private,J&K Bank,False,0,858,627,1485,11626,945,86146,6835,285242,276.85,14597.35,14874.2,3740540,5981485,4236046,308722.7,42122.16,350844.86,True
2022,12,Karnataka Bank,Private Sector,Private,Karnataka Bank,False,0,869,594,1463,9340,0,0,0,0,0.0,0.0,0.0,5137671,4406674,1901922,196213.54,29820.75,226034.29,True
2022,12,Karur Vysya Bank,Private Sector,Private,Karur Vysya Bank,False,0,1382,851,2233,11445,0,9665,822,39196,59.7,2850.09,2909.79,4164315,4969981,2055667,235360.44,45629.42,280989.86,True
2022,12,Kotak Mahindra Bank,Private Sector,Private,Kotak Mahindra Bank,False,0,1485,1329,2814,70678,7484,4736952,49507,9281272,1816.95,414882.56,416699.51,27097025,12021399,7421904,550671.67,155103.0,705774.67,True
2022,12,Nainital Bank,Private Sector,Private,Nainital Bank,False,0,0,0,0,0,0,0,0,0,0.0,0.0,0.0,198232,96246,45764,4373.53,868.2,5241.73,True
2022,12,Number - Outstanding (As On Month End),Private Sector,Private,Number - Outstanding (As On Month End),False,0,0,0,0,0,0,0,0,0,0.0,0.0,0.0,0,0,0,0.0,0.0,0.0,False
2022,12,RBL Bank,Private Sector,Private,RBL Bank,False,0,373,40,413,895557,0,4237024,45500,10338293,1425.23,540876.53,542301.76,1537173,641659,418169,31780.1,11003.91,42784.01,True
2022,12,South Indian Bank,Private Sector,Private,South Indian Bank,False,0,857,420,1277,14045,0,186575,0,940963,0.0,45162.15,45162.15,3545940,3297166,2152896,148308.15,43770.92,192079.07,True
2022,12,Tamilnad Mercantile Bank,Private Sector,Private,Tamilnad Mercantile Bank,False,0,482,666,1148,4593,0,40997,2561,70356,97.33,3296.2,3393.53,2161226,5179329,581737,217971.67,12447.12,230418.79,True
2022,12,Yes Bank,Private Sector,Private,Yes Bank,False,0,1073,184,1257,65512,83717,1399164,21229,3033945,947.11,144543.76,145490.87,4160833,2884516,1678491,134659.72,39121.38,173781.1,True
2022,12,Bank of Baroda,Public Sector,Public,Bank of Baroda,False,0,8784,2672,11456,23054,40219,1752184,15335,4202560,765.62,166738.15,167503.77,80262159,28438578,10109856,1322463.51,205327.97,1527791.48,True
2022,12,Bank of India,Public Sector,Public,Bank of India,False,0,5311,2855,8166,44015,15602,84378,9973,226898,590.13,8011.1,8601.23,46576513,17764549,6217366,695521.48,104656.76,800178.24,True
2022,12,Bank of Maharashtra,Public Sector,Public,Bank of Maharashtra,False,0,1817,435,2252,1892,3439,42447,1079,83013,50.66,3589.23,3639.89,13196639,6386076,2599034,268963.82,39647.14,308610.96,True
2022,12,Canara Bank,Public Sector,Public,Canara Bank,False,0,8108,4039,12147,61255,8906,603490,68025,1083150,3510.22,32358.99,35869.21,49420963,33715968,11500037,1511185.5,241243.66,1752429.16,True
2022,12,Central Bank of India,Public Sector,Public,Central Bank of India,False,0,1248,324,1572,2455,9254,0,0,0,0.0,0.0,0.0,27742934,8876783,3466794,392845.49,75681.35,468526.84,True
2022,12,IDBI Bank,Public Sector,Public,IDBI Bank,False,0,2224,1119,3343,22374,200,44038,401,117598,23.77,3818.39,3842.16,12816401,6644715,2849746,324955.24,58019.2,382974.44,True
2022,12,Indian Bank,Public Sector,Public,Indian Bank,False,0,4358,611,4969,14855,10249,156120,3047,206629,197.64,7350.37,7548.01,29316010,20287627,7260522,935738.58,133868.69,1069607.27,True
2022,12,Indian Overseas Bank,Public Sector,Public,Indian Overseas Bank,False,0,2708,746,3454,0,0,75520,2410,99655,109.64,2556.83,2666.47,15959037,15582367,4507980,642358.53,82036.65,724395.18,True
2022,12,Punjab & Sind Bank,Public Sector,Public,Punjab & Sind Bank,False,0,787,22,809,1063,357,0,0,0,0.0,0.0,0.0,3606404,1594156,804842,73532.88,19150.79,92683.67,True
2022,12,Punjab National Bank,Public Sector,Public,Punjab National Bank,False,0,8150,4807,12957,46519,11265,317715,4653,683192,145.84,22874.14,23019.98,41052957,27189825,10423230,1329301.91,220026.51,1549328.42,True
2022,12,State Bank of India,Public Sector,Public,State Bank of India,False,0,25686,39964,65650,1125659,51795,15883906,117205,46163151,4392.15,2374856.27,2379248.42,272999290,196412780,75145767,9543960.58,1508786.15,11052746.73,True
2022,12,UCO Bank,Public Sector,Public,UCO Bank,False,0,2194,216,2410,10402,3568,0,0,0,0.0,0.0,0.0,12163701,7131900,2522551,313947.16,49208.3,363155.46,True
2022,12,Union Bank of India,Public Sector,Public,Union Bank of India,False,0,8042,3190,11232,41602,8032,575846,5781,767802,465.19,27997.18,28462.37,45693679,49056870,14655842,1481321.55,255454.12,1736775.67,True
2022,12,AU Small Finance Bank,Small Finance Banks,Small Finance,AU Small Finance Bank,False,0,484,3,487,0,354,386244,5823,1215779,356.19,73846.77,74202.96,2374341,976392,475373,62800.63,13380.95,76181.58,True
2022,12,Capital Small Finance Bank,Small Finance Banks,Small Finance,Capital Small Finance Bank,False,0,168,2,170,0,0,0,0,0,0.0,0.0,0.0,205230,132272,53817,7380.37,1522.59,8902.96,True
2022,12,ESAF Small Finance Bank,Small Finance Banks,Small Finance,ESAF Small Finance Bank,False,0,486,2,488,0,1752,0,0,0,0.0,0.0,0.0,4890212,967154,287470,44581.17,3905.85,48487.02,True
2022,12,Equitas Small Finance Bank,Small Finance Banks,Small Finance,Equitas Small Finance Bank,False,0,344,3,347,21283,287,0,0,0,0.0,0.0,0.0,3242688,1252507,344979,35983.67,8140.16,44123.83,True
2022,12,Jana Small Finance Bank,Small Finance Banks,Small Finance,Jana Small Finance Bank,False,0,59,2,61,0,164,0,0,0,0.0,0.0,0.0,2628700,337642,65394,17201.77,1088.3,18290.07,True
2022,12,North East Small Finance Bank,Small Finance Banks,Small Finance,North East Small Finance Bank,False,0,9,1,10,0,0,0,0,0,0.0,0.0,0.0,373413,56924,16972,2235.73,233.27,2469.0,True
2022,12,Shivalik Small Finance Bank,Small Finance Banks,Small Finance,Shivalik Small Finance Bank,False,0,31,1,32,77,295,0,0,0,0.0,0.0,0.0,86681,35686,12053,1875.56,300.62,2176.18,True
2022,12,Suryoday Small Finance Bank,Small Finance Banks,Small Finance,Suryoday Small Finance Bank,False,0,0,0,0,0,67,0,0,0,0.0,0.0,0.0,546338,148923,13392,4209.14,229.18,4438.32,True
2022,12,Ujjivan Small Finance Bank,Small Finance Banks,Small Finance,Ujjivan Small Finance Bank,False,0,508,3,511,0,0,0,0,0,0.0,0.0,0.0,8152832,3829161,411355,158224.88,7031.87,165256.75,True
2022,12,Unity Small Finance Bank,Small Finance Banks,Small Finance,Unity Small Finance Bank,False,0,231,0,231,0,0,0,0,0,0.0,0.0,0.0,0,0,0,0.0,0.0,0.0,True
2022,12,Utkarsh Small Finance Bank,Small Finance Banks,Small Finance,Utkarsh Small Finance Bank,False,0,255,8,263,0,520,0,0,0,0.0,0.0,0.0,1490353,292308,51368,11963.44,910.11,12873.55,True
2023,1,American Express,Foreign Banks,Foreign,American Express,False,0,0,0,0,51207,0,1326051,0,4189773,0.0,317120.92,317120.92,0,0,0,0.0,0.0,0.0,True
2023,1,Bank of America,Foreign Banks,Foreign,Bank of America,False,0,0,0,0,0,0,3,0,0,0.0,0.0,0.0,0,0,0,0.0,0.0,0.0,True
2023,1,Barclays Bank,Foreign Banks,Foreign,Barclays Bank,False,0,0,361,361,0,0,0,0,0,0.0,0.0,0.0,890,287,19,24.5,1.56,26.06,True
2023,1,Citi Bank,Foreign Banks,Foreign,Axis Bank,True,2023,430,47,477,0,0,2477654,11451,11652064,678.92,417961.37,418640.29,1237591,766718,1493683,42884.67,45422.14,88306.81,True
2023,1,DBS Bank,Foreign Banks,Foreign,DBS Bank,False,0,449,499,948,473,83,171575,2845,322871,88.47,17819.98,17908.45,1841460,1061234,616088,48368.52,11058.29,59426.81,True
2023,1,Deutsche Bank,Foreign Banks,Foreign,Deutsche Bank,False,0,13,18,31,0,0,0,0,0,0.0,0.0,0.0,116575,46228,71854,2543.4,1987.96,4531.36,True
2023,1,HSBC,Foreign Banks,Foreign,HSBC,False,0,46,28,74,0,0,684237,1663,1784430,130.31,73424.65,73554.96,574279,254343,320258,14320.87,9899.33,24220.2,True
2023,1,SBM Bank,Foreign Banks,Foreign,SBM Bank,False,0,0,0,0,0,346949,1003949,46580,1657782,2834.05,58303.56,61137.61,535402,82711,81658,1915.11,1888.14,3803.25,True
2023,1,Standard Chartered Bank,Foreign Banks,Foreign,Standard Chartered Bank,False,0,103,73,176,0,0,1066900,2761,2909420,167.5,110423.45,110590.95,1153786,872297,1085351,41057.62,26651.52,67709.14,True
2023,1,Woori Bank,Foreign Banks,Foreign,Woori Bank,False,0,0,0,0,0,0,0,0,0,0.0,0.0,0.0,949,1234,5909,85.26,182.21,267.47,True
2023,1,Airtel Payments Bank,Payment Banks,Payments Bank,Airtel Payments Bank,False,0,0,0,0,0,48575,0,0,0,0.0,0.0,0.0,3817705,3,254817,0.02,1931.67,1931.69,True
2023,1,Fino Payments Bank,Payment Banks,Payments Bank,Fino Payments Bank,False,0,0,0,0,0,360336,0,0,0,0.0,0.0,0.0,6219214,1842123,220916,58116.03,4762.52,62878.55,True
2023,1,India Post Payments Bank,Payment Banks,Payments Bank,India Post Payments Bank,False,0,0,0,0,0,149611,0,0,0,0.0,0.0,0.0,8884477,0,448910,0.0,5880.59,5880.59,True
2023,1,Jio Payments Bank,Payment Banks,Payments Bank,Jio Payments Bank,False,0,0,0,0,0,0,0,0,0,0.0,0.0,0.0,0,0,0,0.0,0.0,0.0,False
2023,1,NSDL Payments Bank,Payment Banks,Payments Bank,NSDL Payments Bank,False,0,0,0,0,0,247004,0,0,0,0.0,0.0,0.0,480639,4235,37024,161.27,196.26,357.53,True
2023,1,Paytm Payments Bank,Payment Banks,Payments Bank,Paytm Payments Bank,False,0,1,62,63,571971,0,0,0,0,0.0,0.0,0.0,37850239,1563406,1850002,62802.97,27774.29,90577.26,True
2023,1,At Pos,Private Sector,Private,At Pos,False,0,0,0,0,0,0,0,0,0,0.0,0.0,0.0,0,0,0,0.0,0.0,0.0,False
2023,1,Atms & Crms,Private Sector,Private,Atms & Crms,False,0,0,0,0,0,0,0,0,0,0.0,0.0,0.0,0,0,0,0.0,0.0,0.0,False
2023,1,Axis Bank,Private Sector,Private,Axis Bank,False,0,5620,9827,15447,1378867,847,9585255,67818,32547184,2677.44,1176340.67,1179018.11,28890599,20730852,13316327,1275138.92,356658.87,1631797.79,True
2023,1,Bandhan Bank,Private Sector,Private,Bandhan Bank,False,0,423,5,428,38431,0,0,0,0,0.0,0.0,0.0,5329042,2584931,692468,133163.87,18180.37,151344.24,True
2023,1,City Union Bank,Private Sector,Private,City Union Bank,False,0,1123,563,1686,7023,32449,4199,97,10624,3.66,309.04,312.7,2715112,2682169,916973,137371.68,18993.55,156365.23,True
2023,1,Csb Bank Ltd.,Private Sector,Private,Csb Bank Ltd.,False,0,462,53,515,0,1188,1400,0,4056,0.0,327.75,327.75,871705,513844,278431,23964.51,5102.25,29066.76,True
2023,1,DCB Bank,Private Sector,Private,DCB Bank,False,0,383,7,390,8727,0,0,0,0,0.0,0.0,0.0,942892,281689,174565,15639.17,4808.67,20447.84,True
2023,1,Dhanlaxmi Bank,Private Sector,Private,Dhanlaxmi Bank,False,0,225,42,267,1472,0,8781,202,28249,6.74,657.5,664.24,533066,482142,270447,20627.98,4562.72,25190.7,True
2023,1,Federal Bank,Private Sector,Private,Federal Bank,False,0,1549,350,1899,18268,0,491928,4342,2196832,185.38,92343.83,92529.21,12092975,9194584,6714391,446341.47,135668.28,582009.75,True
2023,1,Fincare Small Finance Bank Ltd,Private Sector,Private,Fincare Small Finance Bank Ltd,False,0,138,0,138,0,0,0,0,0,0.0,0.0,0.0,4249826,784622,54117,39219.73,732.9,39952.63,True
2023,1,HDFC Bank,Private Sector,Private,HDFC Bank,False,0,9834,9391,19225,1568092,4232,17235273,210331,62967476,11898.55,3523167.72,3535066.27,50135874,40939446,34659264,2445807.3,936615.46,3382422.76,True
2023,1,ICICI Bank,Private Sector,Private,ICICI Bank,False,0,8891,7709,16600,1224102,9393,13655812,53319,48188607,2603.83,2179738.35,2182342.18,32681104,21393532,18707991,1400806.12,560117.19,1960923.31,True
2023,1,IDFC First Bank,Private Sector,Private,IDFC First Bank,False,0,644,243,887,35253,10103,1420664,23654,3800617,883.68,178643.95,179527.63,5969226,3834658,1440705,188905.94,38800.95,227706.89,True
2023,1,IndusInd Bank,Private Sector,Private,IndusInd Bank,False,0,1664,1242,2906,260049,146,2117950,26999,6012525,1347.92,646509.35,647857.27,8137752,5155183,2224836,254229.8,59670.36,313900.16,True
2023,1,J&K Bank,Private Sector,Private,J&K Bank,False,0,859,622,1481,11633,945,87500,7079,297310,280.63,14259.68,14540.31,3772532,5507801,4387608,276988.98,40802.03,317791.01,True
2023,1,Karnataka Bank,Private Sector,Private,Karnataka Bank,False,0,873,587,1460,9347,0,0,0,0,0.0,0.0,0.0,5178073,4360525,1784325,194113.67,28310.02,222423.69,True
2023,1,Karur Vysya Bank,Private Sector,Private,Karur Vysya Bank,False,0,1386,841,2227,11570,0,9965,870,39483,66.98,2885.15,2952.13,4207271,4842681,2043414,229255.61,46172.25,275427.86,True
2023,1,Kotak Mahindra Bank,Private Sector,Private,Kotak Mahindra Bank,False,0,1495,1361,2856,71645,11267,4809780,48881,9583894,1796.13,433419.18,435215.31,27626811,11700286,7043402,532010.89,147675.06,679685.95,True
2023,1,Nainital Bank,Private Sector,Private,Nainital Bank,False,0,0,0,0,0,0,0,0,0,0.0,0.0,0.0,200911,92367,44728,4233.62,865.08,5098.7,True
2023,1,Number - Outstanding (As On Month End),Private Sector,Private,Number - Outstanding (As On Month End),False,0,0,0,0,0,0,0,0,0,0.0,0.0,0.0,0,0,0,0.0,0.0,0.0,False
2023,1,RBL Bank,Private Sector,Private,RBL Bank,False,0,371,39,410,873821,0,4319355,44077,10407743,1403.11,538497.18,539900.29,1558896,640645,394455,31572.72,10804.76,42377.48,True
2023,1,South Indian Bank,Private Sector,Private,South Indian Bank,False,0,858,419,1277,14260,0,195708,0,965025,0.0,45167.58,45167.58,3723175,3156602,2002136,142540.95,41486.89,184027.84,True
2023,1,Tamilnad Mercantile Bank,Private Sector,Private,Tamilnad Mercantile Bank,False,0,482,666,1148,5916,0,40939,2424,70661,91.38,3178.31,3269.69,2169669,4883615,552739,204517.25,12061.91,216579.16,True
2023,1,Yes Bank,Private Sector,Private,Yes Bank,False,0,1078,185,1263,67952,84223,1354214,22000,3063901,973.1,144406.7,145379.8,4221468,2881116,1563924,133654.6,37404.42,171059.02,True
2023,1,Bank of Baroda,Public Sector,Public,Bank of Baroda,False,0,8799,2662,11461,23381,40945,1824299,11844,4363678,572.25,171307.15,171879.4,80696087,26702683,8874188,1247985.26,188283.0,1436268.26,True
2023,1,Bank of India,Public Sector,Public,Bank of India,False,0,5318,2866,8184,42778,15608,84722,10155,231092,591.09,8063.09,8654.18,46824899,17499410,5960644,683136.17,102150.58,785286.75,True
2023,1,Bank of Maharashtra,Public Sector,Public,Bank of Maharashtra,False,0,1851,434,2285,1884,1971,33716,1080,83834,49.98,3555.93,3605.91,13271463,6396878,2532362,269662.88,39392.52,309055.4,True
2023,1,Canara Bank,Public Sector,Public,Canara Bank,False,0,8097,4030,12127,61949,10273,610068,66160,1090150,3411.54,33657.76,37069.3,49589295,33347105,11072357,1496467.26,237178.16,1733645.42,True
2023,1,Central Bank of India,Public Sector,Public,Central Bank of India,False,0,1696,324,2020,2060,9254,0,0,0,0.0,0.0,0.0,28029550,8798451,3312765,390903.54,73831.6,464735.14,True
2023,1,IDBI Bank,Public Sector,Public,IDBI Bank,False,0,2235,1116,3351,22335,196,44023,482,121117,27.17,3881.24,3908.41,12262322,6356308,2571693,308278.93,53037.46,361316.39,True
2023,1,Indian Bank,Public Sector,Public,Indian Bank,False,0,4366,604,4970,14837,10329,154234,3196,205955,211.54,7419.77,7631.31,29042234,20180616,7105487,933380.86,135287.04,1068667.9,True
2023,1,Indian Overseas Bank,Public Sector,Public,Indian Overseas Bank,False,0,2710,749,3459,0,0,77361,2288,96817,107.89,2509.5,2617.39,16102621,15223592,4310759,626368.52,80704.48,707073.0,True
2023,1,Punjab & Sind Bank,Public Sector,Public,Punjab & Sind Bank,False,0,797,21,818,1005,357,0,0,0,0.0,0.0,0.0,3633066,1564920,759766,71764.03,18389.83,90153.86,True
2023,1,Punjab National Bank,Public Sector,Public,Punjab National Bank,False,0,8129,4773,12902,45730,11265,324010,4293,681833,135.63,23112.26,23247.89,41657959,27020904,10061304,1319842.91,219246.21,1539089.12,True
2023,1,State Bank of India,Public Sector,Public,State Bank of India,False,0,25649,39993,65642,1138665,51935,16210142,122676,47503990,4454.59,2429719.04,2434173.63,273051248,191631604,71414884,9244217.68,1446325.24,10690542.92,True
2023,1,UCO Bank,Public Sector,Public,UCO Bank,False,0,2199,217,2416,10573,3568,0,0,0,0.0,0.0,0.0,12318323,7031156,2420773,310065.16,48175.3,358240.46,True
2023,1,Union Bank of India,Public Sector,Public,Union Bank of India,False,0,8042,3190,11232,40128,8017,601682,7630,960595,537.71,33772.09,34309.8,46762427,48209940,12971906,1404729.02,228552.43,1633281.45,True
2023,1,AU Small Finance Bank,Small Finance Banks,Small Finance,AU Small Finance Bank,False,0,485,3,488,0,356,418680,5374,1310755,332.31,76312.46,76644.77,2425014,979181,489823,63085.78,12718.82,75804.6,True
2023,1,Capital Small Finance Bank,Small Finance Banks,Small Finance,Capital Small Finance Bank,False,0,168,2,170,0,0,0,0,0,0.0,0.0,0.0,207556,124582,50788,6988.67,1438.1,8426.77,True
2023,1,ESAF Small Finance Bank,Small Finance Banks,Small Finance,ESAF Small Finance Bank,False,0,501,2,503,0,1802,0,0,0,0.0,0.0,0.0,4920739,995372,274689,46452.91,3779.16,50232.07,True
2023,1,Equitas Small Finance Bank,Small Finance Banks,Small Finance,Equitas Small Finance Bank,False,0,345,3,348,22008,287,0,0,0,0.0,0.0,0.0,3237558,1267202,320607,35770.94,7146.87,42917.81,True
2023,1,Jana Small Finance Bank,Small Finance Banks,Small Finance,Jana Small Finance Bank,False,0,59,2,61,0,159,0,0,0,0.0,0.0,0.0,2668149,386609,63004,20120.99,1114.77,21235.76,True
2023,1,North East Small Finance Bank,Small Finance Banks,Small Finance,North East Small Finance Bank,False,0,10,1,11,0,0,0,0,0,0.0,0.0,0.0,381660,52294,13372,2092.41,185.87,2278.28,True
2023,1,Shivalik Small Finance Bank,Small Finance Banks,Small Finance,Shivalik Small Finance Bank,False,0,32,1,33,0,279,0,0,0,0.0,0.0,0.0,88305,36973,11606,1950.39,305.9,2256.29,True
2023,1,Suryoday Small Finance Bank,Small Finance Banks,Small Finance,Suryoday Small Finance Bank,False,0,0,0,0,0,67,0,0,0,0.0,0.0,0.0,557093,185693,21127,5670.78,309.21,5979.99,True
2023,1,Ujjivan Small Finance Bank,Small Finance Banks,Small Finance,Ujjivan Small Finance Bank,False,0,508,3,511,0,0,0,0,0,0.0,0.0,0.0,8416877,3530737,419111,156062.43,7216.29,163278.72,True
2023,1,Unity Small Finance Bank,Small Finance Banks,Small Finance,Unity Small Finance Bank,False,0,231,0,231,0,0,0,0,0,0.0,0.0,0.0,0,0,0,0.0,0.0,0.0,True
2023,1,Utkarsh Small Finance Bank,Small Finance Banks,Small Finance,Utkarsh Small Finance Bank,False,0,267,7,274,0,529,0,0,0,0.0,0.0,0.0,1515458,287942,46412,12151.8,838.76,12990.56,True
2023,2,American Express,Foreign Banks,Foreign,American Express,False,0,0,0,0,51914,0,1334755,0,4006726,0.0,323343.11,323343.11,0,0,0,0.0,0.0,0.0,True
2023,2,Bank of America,Foreign Banks,Foreign,Bank of America,False,0,0,0,0,0,0,0,0,0,0.0,0.0,0.0,0,0,0,0.0,0.0,0.0,False
2023,2,Barclays Bank,Foreign Banks,Foreign,Barclays Bank,False,0,0,363,363,0,0,0,0,0,0.0,0.0,0.0,889,285,11,22.71,0.8,23.51,True
2023,2,Citi Bank,Foreign Banks,Foreign,Axis Bank,True,2023,0,0,0,0,0,2217801,9397,9911532,582.22,367447.04,368029.26,981783,688614,1280479,38938.64,38165.84,77104.48,True
2023,2,DBS Bank,Foreign Banks,Foreign,DBS Bank,False,0,449,497,946,478,92,196282,2720,307531,79.13,17454.95,17534.08,1854342,996902,549471,46518.15,9976.05,56494.2,True
2023,2,Deutsche Bank,Foreign Banks,Foreign,Deutsche Bank,False,0,13,18,31,0,0,0,0,0,0.0,0.0,0.0,117661,43002,63733,2425.22,1736.32,4161.54,True
2023,2,HSBC,Foreign Banks,Foreign,HSBC,False,0,46,28,74,0,0,691183,1477,1615800,123.73,65387.03,65510.76,572083,237968,291532,13374.85,8994.82,22369.67,True
2023,2,SBM Bank,Foreign Banks,Foreign,SBM Bank,False,0,0,0,0,0,364192,1032427,43139,1573153,2621.22,59795.32,62416.54,568106,76771,66996,1919.57,1405.69,3325.26,True
2023,2,Standard Chartered Bank,Foreign Banks,Foreign,Standard Chartered Bank,False,0,103,71,174,0,0,1067422,2483,2556525,152.64,100065.62,100218.26,1157081,794456,953715,37973.51,23550.15,61523.66,True
2023,2,Woori Bank,Foreign Banks,Foreign,Woori Bank,False,0,0,0,0,0,0,0,0,0,0.0,0.0,0.0,960,1016,5497,69.93,167.73,237.66,True
2023,2,Airtel Payments Bank,Payment Banks,Payments Bank,Airtel Payments Bank,False,0,0,0,0,0,54391,0,0,0,0.0,0.0,0.0,4041532,22,215933,0.68,1689.45,1690.13,True
2023,2,Fino Payments Bank,Payment Banks,Payments Bank,Fino Payments Bank,False,0,0,0,0,0,364808,0,0,0,0.0,0.0,0.0,6442887,1881758,220917,60656.82,4821.46,65478.28,True
2023,2,India Post Payments Bank,Payment Banks,Payments Bank,India Post Payments Bank,False,0,0,0,0,0,161881,0,0,0,0.0,0.0,0.0,9242521,0,578236,0.0,3412.22,3412.22,True
2023,2,Jio Payments Bank,Payment Banks,Payments Bank,Jio Payments Bank,False,0,0,0,0,0,0,0,0,0,0.0,0.0,0.0,0,0,0,0.0,0.0,0.0,False
2023,2,NSDL Payments Bank,Payment Banks,Payments Bank,NSDL Payments Bank,False,0,0,0,0,0,299656,0,0,0,0.0,0.0,0.0,502607,4014,41035,156.32,212.92,369.24,True
2023,2,Paytm Payments Bank,Payment Banks,Payments Bank,Paytm Payments Bank,False,0,1,62,63,591989,0,0,0,0,0.0,0.0,0.0,37907439,1459822,1552862,59539.71,23244.16,82783.87,True
2023,2,At Pos,Private Sector,Private,At Pos,False,0,0,0,0,0,0,0,0,0,0.0,0.0,0.0,0,0,0,0.0,0.0,0.0,False
2023,2,Atms & Crms,Private Sector,Private,Atms & Crms,False,0,0,0,0,0,0,0,0,0,0.0,0.0,0.0,0,0,0,0.0,0.0,0.0,False
2023,2,Axis Bank,Private Sector,Private,Axis Bank,False,0,5723,9788,15511,1392838,847,9785800,60524,29289020,2424.28,1068442.87,1070867.15,29083053,19361301,11711669,1208740.13,315073.95,1523814.08,True
2023,2,Bandhan Bank,Private Sector,Private,Bandhan Bank,False,0,432,5,437,39248,0,0,0,0,0.0,0.0,0.0,5372087,2424377,614583,127428.62,16754.21,144182.83,True
2023,2,City Union Bank,Private Sector,Private,City Union Bank,False,0,1118,554,1672,6990,33187,4602,52,9291,1.56,241.36,242.92,2730473,2538994,800290,135301.26,16656.78,151958.04,True
2023,2,Csb Bank Ltd.,Private Sector,Private,Csb Bank Ltd.,False,0,469,53,522,0,1188,3421,0,8481,0.0,687.07,687.07,878379,485803,245622,22991.75,4452.1,27443.85,True
2023,2,DCB Bank,Private Sector,Private,DCB Bank,False,0,388,5,393,8612,0,0,0,0,0.0,0.0,0.0,944720,263776,154080,14768.76,4249.51,19018.27,True
2023,2,Dhanlaxmi Bank,Private Sector,Private,Dhanlaxmi Bank,False,0,226,42,268,1481,0,8973,189,24257,6.26,573.89,580.15,532329,458281,244014,19852.8,4114.19,23966.99,True
2023,2,Federal Bank,Private Sector,Private,Federal Bank,False,0,1552,350,1902,18428,0,523742,3798,2009134,162.46,85962.85,86125.31,13154220,8598528,6018143,418559.35,116535.43,535094.78,True
2023,2,Fincare Small Finance Bank Ltd,Private Sector,Private,Fincare Small Finance Bank Ltd,False,0,142,0,142,0,0,0,0,0,0.0,0.0,0.0,4366092,769339,49070,38859.98,686.9,39546.88,True
2023,2,HDFC Bank,Private Sector,Private,HDFC Bank,False,0,9834,9391,19225,1604394,4232,17299140,191170,56480435,11127.72,3281680.65,3292808.37,50793102,39009051,30447463,2370234.98,825042.54,3195277.52,True
2023,2,ICICI Bank,Private Sector,Private,ICICI Bank,False,0,8926,7647,16573,1240316,9452,13738355,46969,42466879,2303.83,1984656.88,1986960.71,32622979,20021229,16220405,1337370.21,483123.28,1820493.49,True
2023,2,IDFC First Bank,Private Sector,Private,IDFC First Bank,False,0,646,249,895,36587,10677,1480696,22133,3458763,828.9,167974.18,168803.08,6110755,3795572,1359825,189410.02,36314.6,225724.62,True
2023,2,IndusInd Bank,Private Sector,Private,IndusInd Bank,False,0,1669,1217,2886,262383,146,2169062,24771,5487479,1237.94,645036.75,646274.69,8266884,4650115,2026350,246391.76,55449.3,301841.06,True
2023,2,J&K Bank,Private Sector,Private,J&K Bank,False,0,859,622,1481,11611,945,83312,7331,278602,296.4,14612.67,14909.07,3817331,5656950,3723114,283081.98,39729.26,322811.24,True
2023,2,Karnataka Bank,Private Sector,Private,Karnataka Bank,False,0,876,585,1461,9382,0,0,0,0,0.0,0.0,0.0,5189151,4019711,1576989,182945.62,25484.4,208430.02,True
2023,2,Karur Vysya Bank,Private Sector,Private,Karur Vysya Bank,False,0,1396,841,2237,11534,0,10453,774,36231,60.27,2751.79,2812.06,4247580,4547323,1785766,218115.01,41144.18,259259.19,True
2023,2,Kotak Mahindra Bank,Private Sector,Private,Kotak Mahindra Bank,False,0,1511,1361,2872,74660,11445,4885328,44535,8775886,1680.67,425768.84,427449.51,28037247,10789985,6453366,499939.17,131808.86,631748.03,True
2023,2,Nainital Bank,Private Sector,Private,Nainital Bank,False,0,0,0,0,0,0,0,0,0,0.0,0.0,0.0,203344,89346,39303,4160.47,771.14,4931.61,True
2023,2,Number - Outstanding (As On Month End),Private Sector,Private,Number - Outstanding (As On Month End),False,0,0,0,0,0,0,0,0,0,0.0,0.0,0.0,0,0,0,0.0,0.0,0.0,False
2023,2,RBL Bank,Private Sector,Private,RBL Bank,False,0,373,39,412,879893,0,4364662,39501,9438933,1320.35,514585.14,515905.49,1581303,597799,339432,29819.74,9793.15,39612.89,True
2023,2,South Indian Bank,Private Sector,Private,South Indian Bank,False,0,860,418,1278,14629,0,198707,0,847472,0.0,41169.07,41169.07,3647979,2981508,1788595,134927.57,36038.29,170965.86,True
2023,2,Tamilnad Mercantile Bank,Private Sector,Private,Tamilnad Mercantile Bank,False,0,482,667,1149,0,0,40979,2502,61439,96.6,2982.13,3078.73,2173879,4758191,481216,202097.91,10462.19,212560.1,True
2023,2,Yes Bank,Private Sector,Private,Yes Bank,False,0,1078,185,1263,66743,73685,1395685,20075,2819775,915.43,142423.57,143339.0,4339149,2770767,1381445,128656.25,33100.15,161756.4,True
2023,2,Bank of Baroda,Public Sector,Public,Bank of Baroda,False,0,8772,2643,11415,22655,41625,1888684,9354,3892795,467.82,159885.4,160353.22,81510140,25280589,7770897,1201966.53,166309.86,1368276.39,True
2023,2,Bank of India,Public Sector,Public,Bank of India,False,0,5323,2886,8209,42701,15608,84801,9334,204588,555.04,7322.96,7878.0,47251202,16614773,5387328,662673.89,93317.65,755991.54,True
2023,2,Bank of Maharashtra,Public Sector,Public,Bank of Maharashtra,False,0,1884,430,2314,1914,1782,33639,852,72969,39.62,3187.51,3227.13,13296825,5932104,2257876,257290.52,34986.95,292277.47,True
2023,2,Canara Bank,Public Sector,Public,Canara Bank,False,0,8100,4028,12128,62673,10997,615427,62469,992550,3260.06,31833.96,35094.02,50582378,31913729,9920539,1451359.07,212054.0,1663413.07,True
2023,2,Central Bank of India,Public Sector,Public,Central Bank of India,False,0,1933,324,2257,2103,9254,0,0,0,0.0,0.0,0.0,28316825,8468892,2973953,384082.59,66038.71,450121.3,True
2023,2,IDBI Bank,Public Sector,Public,IDBI Bank,False,0,2240,1114,3354,22012,191,44360,416,106597,22.95,3493.39,3516.34,11433773,5987381,2307350,297159.72,47952.35,345112.07,True
2023,2,Indian Bank,Public Sector,Public,Indian Bank,False,0,4354,593,4947,14856,10374,159407,3091,182484,206.12,6664.83,6870.95,31055145,19320244,6267962,907458.99,118223.14,1025682.13,True
2023,2,Indian Overseas Bank,Public Sector,Public,Indian Overseas Bank,False,0,2687,750,3437,0,0,79323,2241,90284,102.26,2394.04,2496.3,16291382,14343417,3837900,599155.31,71576.69,670732.0,True
2023,2,Punjab & Sind Bank,Public Sector,Public,Punjab & Sind Bank,False,0,807,21,828,996,357,0,0,0,0.0,0.0,0.0,3688282,1499413,711782,70131.09,17113.47,87244.56,True
2023,2,Punjab National Bank,Public Sector,Public,Punjab National Bank,False,0,8165,4698,12863,46082,11265,330596,4414,623763,142.79,22118.91,22261.7,41106028,26664323,9076940,1331141.37,198839.9,1529981.27,True
2023,2,State Bank of India,Public Sector,Public,State Bank of India,False,0,25635,39993,65628,1144642,51989,16505981,111052,42446382,4047.48,2203910.56,2207958.04,273547554,183729048,65814127,8985294.64,1311823.99,10297118.63,True
2023,2,UCO Bank,Public Sector,Public,UCO Bank,False,0,2199,217,2416,10566,3568,0,0,0,0.0,0.0,0.0,12402099,6776551,2203714,305475.31,44010.5,349485.81,True
2023,2,Union Bank of India,Public Sector,Public,Union Bank of India,False,0,8042,3190,11232,40088,8017,633323,7613,934629,644.6,34383.31,35027.91,47402239,44685265,13000773,1348620.53,203290.18,1551910.71,True
2023,2,AU Small Finance Bank,Small Finance Banks,Small Finance,AU Small Finance Bank,False,0,488,3,491,0,361,457428,4466,1306520,271.27,80166.3,80437.57,2475878,952967,458596,62666.53,11824.13,74490.66,True
2023,2,Capital Small Finance Bank,Small Finance Banks,Small Finance,Capital Small Finance Bank,False,0,168,2,170,0,0,0,0,0,0.0,0.0,0.0,200240,118847,46954,6699.32,1346.9,8046.22,True
2023,2,ESAF Small Finance Bank,Small Finance Banks,Small Finance,ESAF Small Finance Bank,False,0,514,2,516,0,1898,0,0,0,0.0,0.0,0.0,4955099,952993,261200,45235.73,3483.39,48719.12,True
2023,2,Equitas Small Finance Bank,Small Finance Banks,Small Finance,Equitas Small Finance Bank,False,0,346,3,349,22866,293,0,0,0,0.0,0.0,0.0,3262002,1175594,267382,33991.5,6149.95,40141.45,True
2023,2,Jana Small Finance Bank,Small Finance Banks,Small Finance,Jana Small Finance Bank,False,0,59,2,61,0,158,0,0,0,0.0,0.0,0.0,2704951,316636,53463,16014.42,897.07,16911.49,True
2023,2,North East Small Finance Bank,Small Finance Banks,Small Finance,North East Small Finance Bank,False,0,10,1,11,0,0,0,0,0,0.0,0.0,0.0,384306,54966,13716,2196.27,185.26,2381.53,True
2023,2,Shivalik Small Finance Bank,Small Finance Banks,Small Finance,Shivalik Small Finance Bank,False,0,30,1,31,0,279,0,0,0,0.0,0.0,0.0,83898,35706,10303,1903.94,272.43,2176.37,True
2023,2,Suryoday Small Finance Bank,Small Finance Banks,Small Finance,Suryoday Small Finance Bank,False,0,0,0,0,0,67,0,0,0,0.0,0.0,0.0,560598,183418,24337,5104.57,326.77,5431.34,True
2023,2,Ujjivan Small Finance Bank,Small Finance Banks,Small Finance,Ujjivan Small Finance Bank,False,0,509,3,512,0,0,0,0,0,0.0,0.0,0.0,8595110,3293661,369700,147086.94,6643.69,153730.63,True
2023,2,Unity Small Finance Bank,Small Finance Banks,Small Finance,Unity Small Finance Bank,False,0,231,0,231,0,0,0,0,0,0.0,0.0,0.0,0,0,0,0.0,0.0,0.0,True
2023,2,Utkarsh Small Finance Bank,Small Finance Banks,Small Finance,Utkarsh Small Finance Bank,False,0,276,7,283,0,533,0,0,0,0.0,0.0,0.0,1533668,273384,45033,11821.67,836.45,12658.12,True
2023,3,American Express,Foreign Banks,Foreign,American Express,False,0,0,0,0,52860,0,1336775,0,4576980,0.0,393535.0,393535.0,0,0,0,0.0,0.0,0.0,True
2023,3,Bank of America,Foreign Banks,Foreign,Bank of America,False,0,0,0,0,0,0,0,0,0,0.0,0.0,0.0,0,0,0,0.0,0.0,0.0,False
2023,3,Barclays Bank,Foreign Banks,Foreign,Barclays Bank,False,0,0,0,0,0,0,0,0,0,0.0,0.0,0.0,908,322,29,27.86,0.5,28.36,True
2023,3,Citi Bank,Foreign Banks,Foreign,Axis Bank,True,2023,0,0,0,0,0,162478,768,317881,58.01,35860.84,35918.85,0,0,0,0.0,0.0,0.0,True
2023,3,DBS Bank,Foreign Banks,Foreign,DBS Bank,False,0,451,497,948,474,93,222375,3070,379163,92.62,22597.27,22689.89,1871842,1079673,584124,51253.04,11125.85,62378.89,True
2023,3,Deutsche Bank,Foreign Banks,Foreign,Deutsche Bank,False,0,13,18,31,0,0,0,0,0,0.0,0.0,0.0,115898,45982,68213,2626.53,1993.37,4619.9,True
2023,3,HSBC,Foreign Banks,Foreign,HSBC,False,0,46,28,74,0,0,699170,1643,1799629,126.36,77228.64,77355.0,582108,262183,313749,15279.27,10330.25,25609.52,True
2023,3,SBM Bank,Foreign Banks,Foreign,SBM Bank,False,0,0,0,0,0,374406,1072764,48461,1743598,2979.21,62941.24,65920.45,602345,83744,59817,2416.57,1308.68,3725.25,True
2023,3,Standard Chartered Bank,Foreign Banks,Foreign,Standard Chartered Bank,False,0,102,69,171,0,0,1061075,2756,2855918,166.99,120576.83,120743.82,1137359,831835,1007317,40608.62,26035.47,66644.09,True
2023,3,Woori Bank,Foreign Banks,Foreign,Woori Bank,False,0,0,0,0,0,0,0,0,0,0.0,0.0,0.0,977,1188,5706,84.38,173.32,257.7,True
2023,3,Airtel Payments Bank,Payment Banks,Payments Bank,Airtel Payments Bank,False,0,0,0,0,0,63134,0,0,0,0.0,0.0,0.0,4163024,1287,266281,59.67,3236.54,3296.21,True
2023,3,Fino Payments Bank,Payment Banks,Payments Bank,Fino Payments Bank,False,0,0,0,0,0,369701,0,0,0,0.0,0.0,0.0,6633457,2180788,253183,70916.23,5761.53,76677.76,True
2023,3,India Post Payments Bank,Payment Banks,Payments Bank,India Post Payments Bank,False,0,0,0,0,0,157730,0,0,0,0.0,0.0,0.0,9719920,0,599775,0.0,4095.31,4095.31,True
2023,3,Jio Payments Bank,Payment Banks,Payments Bank,Jio Payments Bank,False,0,0,0,0,0,0,0,0,0,0.0,0.0,0.0,0,0,0,0.0,0.0,0.0,False
2023,3,NSDL Payments Bank,Payment Banks,Payments Bank,NSDL Payments Bank,False,0,0,0,0,0,317170,0,0,0,0.0,0.0,0.0,534786,3877,58037,154.43,292.25,446.68,True
2023,3,Paytm Payments Bank,Payment Banks,Payments Bank,Paytm Payments Bank,False,0,1,62,63,610707,0,0,0,0,0.0,0.0,0.0,37946000,1528664,1665652,63067.01,26079.64,89146.65,True
2023,3,At Pos,Private Sector,Private,At Pos,False,0,0,0,0,0,0,0,0,0,0.0,0.0,0.0,0,0,0,0.0,0.0,0.0,False
2023,3,Atms & Crms,Private Sector,Private,Atms & Crms,False,0,0,0,0,0,0,0,0,0,0.0,0.0,0.0,0,0,0,0.0,0.0,0.0,False
2023,3,Axis Bank,Private Sector,Private,Axis Bank,False,0,5800,10127,15927,1449143,847,12127172,80029,44509001,3434.81,1644970.35,1648405.16,30241706,22400676,13639683,1398633.58,383561.45,1782195.03,True
2023,3,Bandhan Bank,Private Sector,Private,Bandhan Bank,False,0,433,5,438,40124,0,0,0,0,0.0,0.0,0.0,5361293,2591433,652763,138324.77,18149.66,156474.43,True
2023,3,City Union Bank,Private Sector,Private,City Union Bank,False,0,1124,554,1678,6843,34699,6059,213,14125,9.89,624.59,634.48,2745671,2776882,841014,148900.9,17479.53,166380.43,True
2023,3,Csb Bank Ltd.,Private Sector,Private,Csb Bank Ltd.,False,0,476,52,528,0,1188,6460,0,29912,0.0,2078.08,2078.08,886810,533844,265510,25553.41,4901.75,30455.16,True
2023,3,DCB Bank,Private Sector,Private,DCB Bank,False,0,391,5,396,8553,0,0,0,0,0.0,0.0,0.0,951516,292523,159586,16341.2,4639.07,20980.27,True
2023,3,Dhanlaxmi Bank,Private Sector,Private,Dhanlaxmi Bank,False,0,228,42,270,1491,0,9124,228,27652,7.26,669.08,676.34,538487,501516,261313,22007.69,4368.72,26376.41,True
2023,3,Federal Bank,Private Sector,Private,Federal Bank,False,0,1565,349,1914,18487,0,552275,3786,2310738,163.28,109128.86,109292.14,13060322,9344478,6397966,463668.53,130290.76,593959.29,True
2023,3,Fincare Small Finance Bank Ltd,Private Sector,Private,Fincare Small Finance Bank Ltd,False,0,144,0,144,0,0,0,0,0,0.0,0.0,0.0,4386303,981133,57039,52238.54,810.08,53048.62,True
2023,3,HDFC Bank,Private Sector,Private,HDFC Bank,False,0,10301,9426,19727,1512326,4232,17535910,210977,63288449,12342.08,3763982.38,3776324.46,50744860,42482104,32700235,2597477.4,923880.15,3521357.55,True
2023,3,ICICI Bank,Private Sector,Private,ICICI Bank,False,0,9003,7639,16642,1269839,9509,14458594,52836,49891289,2638.84,2397007.54,2399646.38,32750633,21489547,17063083,1462143.75,523252.72,1985396.47,True
2023,3,IDFC First Bank,Private Sector,Private,IDFC First Bank,False,0,656,269,925,38171,10834,1543860,25565,3964479,969.08,198286.28,199255.36,6272188,3966559,1409186,202111.84,40854.84,242966.68,True
2023,3,IndusInd Bank,Private Sector,Private,IndusInd Bank,False,0,1675,1205,2880,260739,146,2224570,29505,6052310,1498.39,690734.85,692233.24,8377229,4824781,2159458,274332.22,63528.42,337860.64,True
2023,3,J&K Bank,Private Sector,Private,J&K Bank,False,0,882,619,1501,11618,945,77297,8500,289236,332.89,15969.62,16302.51,3858936,6273966,3719272,311304.09,38668.87,349972.96,True
2023,3,Karnataka Bank,Private Sector,Private,Karnataka Bank,False,0,888,586,1474,9311,0,0,0,0,0.0,0.0,0.0,5180946,4444239,1572382,204692.0,27941.36,232633.36,True
2023,3,Karur Vysya Bank,Private Sector,Private,Karur Vysya Bank,False,0,1400,840,2240,10117,0,10423,851,40611,69.34,3174.84,3244.18,4283734,4959838,1909517,238972.28,44694.2,283666.48,True
2023,3,Kotak Mahindra Bank,Private Sector,Private,Kotak Mahindra Bank,False,0,1532,1431,2963,75381,15572,4917023,49389,9891413,1871.05,501851.8,503722.85,28291903,11995179,6891863,553781.33,147327.28,701108.61,True
2023,3,Nainital Bank,Private Sector,Private,Nainital Bank,False,0,0,0,0,0,0,0,0,0,0.0,0.0,0.0,206055,95398,42513,4385.77,844.32,5230.09,True
2023,3,Number - Outstanding (As On Month End),Private Sector,Private,Number - Outstanding (As On Month End),False,0,0,0,0,0,0,0,0,0,0.0,0.0,0.0,0,0,0,0.0,0.0,0.0,False
2023,3,RBL Bank,Private Sector,Private,RBL Bank,False,0,375,39,414,887793,0,4410550,43628,10547890,1466.81,604245.61,605712.42,1602547,655056,374988,33110.59,11525.39,44635.98,True
2023,3,South Indian Bank,Private Sector,Private,South Indian Bank,False,0,872,417,1289,15044,0,203295,0,899478,0.0,47102.96,47102.96,3664965,3251777,1862171,149473.76,39032.9,188506.66,True
2023,3,Tamilnad Mercantile Bank,Private Sector,Private,Tamilnad Mercantile Bank,False,0,482,668,1150,5942,0,40895,2631,66974,96.9,3273.17,3370.07,2176364,5351858,522790,225554.5,11640.11,237194.61,True
2023,3,Yes Bank,Private Sector,Private,Yes Bank,False,0,1099,186,1285,67913,77232,1419422,22620,3146294,1029.37,166631.15,167660.52,4425818,3073617,1462066,142340.23,36384.73,178724.96,True
2023,3,Bank of Baroda,Public Sector,Public,Bank of Baroda,False,0,8786,2615,11401,23354,43006,1947283,9683,4252199,475.34,180651.67,181127.01,82585036,27495790,8164391,1316246.69,176925.71,1493172.4,True
2023,3,Bank of India,Public Sector,Public,Bank of India,False,0,5325,2889,8214,42597,16349,77101,10277,224626,612.35,8035.81,8648.16,47125002,17975573,5747485,720712.82,99153.56,819866.38,True
2023,3,Bank of Maharashtra,Public Sector,Public,Bank of Maharashtra,False,0,1902,423,2325,1953,1971,33493,1048,82261,50.52,3726.63,3777.15,13377060,6498001,2401310,281564.31,38022.7,319587.01,True
2023,3,Canara Bank,Public Sector,Public,Canara Bank,False,0,8098,4032,12130,62557,12918,624417,69770,1102235,3657.5,36186.4,39843.9,51324626,35009127,10577362,1606852.4,229720.88,1836573.28,True
2023,3,Central Bank of India,Public Sector,Public,Central Bank of India,False,0,2609,326,2935,2154,9254,0,0,0,0.0,0.0,0.0,28360519,9399879,2751326,425351.45,59870.91,485222.36,True
2023,3,IDBI Bank,Public Sector,Public,IDBI Bank,False,0,2244,1090,3334,21575,184,43961,424,119232,23.48,4028.17,4051.65,11384081,6494220,2510277,323035.49,52054.55,375090.04,True
2023,3,Indian Bank,Public Sector,Public,Indian Bank,False,0,4338,591,4929,13660,10750,170304,3160,203833,198.59,7735.8,7934.39,31414438,21160256,6790384,997042.04,128443.17,1125485.21,True
2023,3,Indian Overseas Bank,Public Sector,Public,Indian Overseas Bank,False,0,2783,693,3476,0,0,79819,2397,102329,111.62,2744.7,2856.32,16460769,15613668,4117307,653611.41,77181.76,730793.17,True
2023,3,Punjab & Sind Bank,Public Sector,Public,Punjab & Sind Bank,False,0,814,21,835,1003,357,0,0,0,0.0,0.0,0.0,3749801,1663163,779299,76426.08,18261.75,94687.83,True
2023,3,Punjab National Bank,Public Sector,Public,Punjab National Bank,False,0,8196,4702,12898,47172,11265,316860,4827,694301,160.74,25358.28,25519.02,40691768,29588266,10125547,1468884.47,216439.68,1685324.15,True
2023,3,State Bank of India,Public Sector,Public,State Bank of India,False,0,25682,39945,65627,1146740,51741,16762444,126479,47528500,4722.64,2463272.64,2467995.28,273903638,194487345,68857907,9514449.68,1383531.61,10897981.29,True
2023,3,UCO Bank,Public Sector,Public,UCO Bank,False,0,2202,219,2421,10949,3568,0,0,0,0.0,0.0,0.0,12526099,7357149,2386971,331234.46,46977.66,378212.12,True
2023,3,Union Bank of India,Public Sector,Public,Union Bank of India,False,0,8042,3190,11232,40056,8019,645447,7312,904213,579.48,33824.99,34404.47,50134669,48455295,12341014,1478647.09,216165.19,1694812.28,True
2023,3,AU Small Finance Bank,Small Finance Banks,Small Finance,AU Small Finance Bank,False,0,490,3,493,0,367,504543,3657,1570747,206.83,103043.55,103250.38,2500440,1050964,513338,69953.72,13497.01,83450.73,True
2023,3,Capital Small Finance Bank,Small Finance Banks,Small Finance,Capital Small Finance Bank,False,0,170,2,172,0,0,0,0,0,0.0,0.0,0.0,200677,133171,48092,7370.59,1331.2,8701.79,True
2023,3,ESAF Small Finance Bank,Small Finance Banks,Small Finance,ESAF Small Finance Bank,False,0,526,2,528,0,2023,0,0,0,0.0,0.0,0.0,4878587,1183718,272187,61084.84,3862.0,64946.84,True
2023,3,Equitas Small Finance Bank,Small Finance Banks,Small Finance,Equitas Small Finance Bank,False,0,346,3,349,22866,293,0,0,0,0.0,0.0,0.0,3262002,1175594,267382,33991.5,6149.95,40141.45,True
2023,3,Jana Small Finance Bank,Small Finance Banks,Small Finance,Jana Small Finance Bank,False,0,59,2,61,0,161,0,0,0,0.0,0.0,0.0,2755646,374907,56947,19763.79,1049.33,20813.12,True
2023,3,North East Small Finance Bank,Small Finance Banks,Small Finance,North East Small Finance Bank,False,0,11,1,12,0,0,0,0,0,0.0,0.0,0.0,390875,62882,15538,2601.94,227.18,2829.12,True
2023,3,Shivalik Small Finance Bank,Small Finance Banks,Small Finance,Shivalik Small Finance Bank,False,0,26,1,27,0,279,0,0,0,0.0,0.0,0.0,84352,37820,10883,2005.39,269.2,2274.59,True
2023,3,Suryoday Small Finance Bank,Small Finance Banks,Small Finance,Suryoday Small Finance Bank,False,0,0,0,0,0,67,0,0,0,0.0,0.0,0.0,568119,272754,32433,5871.65,395.06,6266.71,True
2023,3,Ujjivan Small Finance Bank,Small Finance Banks,Small Finance,Ujjivan Small Finance Bank,False,0,514,3,517,0,0,0,0,0,0.0,0.0,0.0,8691212,3774237,406749,172434.27,7357.82,179792.09,True
2023,3,Unity Small Finance Bank,Small Finance Banks,Small Finance,Unity Small Finance Bank,False,0,231,0,231,0,0,0,0,0,0.0,0.0,0.0,0,0,0,0.0,0.0,0.0,True
2023,3,Utkarsh Small Finance Bank,Small Finance Banks,Small Finance,Utkarsh Small Finance Bank,False,0,280,7,287,0,546,0,0,0,0.0,0.0,0.0,1572438,319023,50741,13924.43,970.36,14894.79,True
2023,4,American Express,Foreign Banks,Foreign,American Express,False,0,0,0,0,53768,0,1342190,0,4340219,0.0,366666.68,366666.68,0,0,0,0.0,0.0,0.0,True
2023,4,Bank of America,Foreign Banks,Foreign,Bank of America,False,0,0,0,0,0,0,0,0,0,0.0,0.0,0.0,0,0,0,0.0,0.0,0.0,False
2023,4,Barclays Bank,Foreign Banks,Foreign,Barclays Bank,False,0,0,0,0,0,0,0,0,0,0.0,0.0,0.0,914,315,61,26.56,4.14,30.7,True
2023,4,Citi Bank,Foreign Banks,Foreign,Axis Bank,True,2023,0,0,0,0,0,165190,590,301851,43.9,32613.82,32657.72,0,0,0,0.0,0.0,0.0,True
2023,4,DBS Bank,Foreign Banks,Foreign,DBS Bank,False,0,455,494,949,486,95,251465,2931,418882,82.15,23365.96,23448.11,1859518,1024866,549143,49208.03,11041.85,60249.88,True
2023,4,Deutsche Bank,Foreign Banks,Foreign,Deutsche Bank,False,0,13,18,31,0,0,0,0,0,0.0,0.0,0.0,115788,46087,66344,2678.0,1946.02,4624.02,True
2023,4,HSBC,Foreign Banks,Foreign,HSBC,False,0,46,28,74,0,0,698264,1512,1842015,105.95,72147.29,72253.24,590733,257724,325307,15239.54,11074.74,26314.28,True
2023,4,SBM Bank,Foreign Banks,Foreign,SBM Bank,False,0,0,0,0,0,149664,1090361,1903,1063673,52.27,14956.47,15008.74,631757,69799,39695,2327.51,860.77,3188.28,True
2023,4,Standard Chartered Bank,Foreign Banks,Foreign,Standard Chartered Bank,False,0,102,68,170,0,0,1060078,2502,2813432,154.39,106182.08,106336.47,1145948,820056,1027204,40830.66,27632.1,68462.76,True
2023,4,Woori Bank,Foreign Banks,Foreign,Woori Bank,False,0,0,0,0,0,0,0,0,0,0.0,0.0,0.0,989,1131,5560,86.35,184.27,270.62,True
2023,4,Airtel Payments Bank,Payment Banks,Payments Bank,Airtel Payments Bank,False,0,0,0,0,0,68294,0,0,0,0.0,0.0,0.0,4590379,9477,317006,509.3,4059.58,4568.88,True
2023,4,Fino Payments Bank,Payment Banks,Payments Bank,Fino Payments Bank,False,0,0,0,0,0,373585,0,0,0,0.0,0.0,0.0,6848460,1994109,218956,67265.72,4760.66,72026.38,True
2023,4,India Post Payments Bank,Payment Banks,Payments Bank,India Post Payments Bank,False,0,0,0,0,0,158132,0,0,0,0.0,0.0,0.0,10097269,0,683504,0.0,3634.18,3634.18,True
2023,4,Jio Payments Bank,Payment Banks,Payments Bank,Jio Payments Bank,False,0,0,0,0,0,0,0,0,0,0.0,0.0,0.0,0,0,0,0.0,0.0,0.0,False
2023,4,NSDL Payments Bank,Payment Banks,Payments Bank,NSDL Payments Bank,False,0,0,0,0,0,334559,0,0,0,0.0,0.0,0.0,560908,3985,20998,169.27,142.09,311.36,True
2023,4,Paytm Payments Bank,Payment Banks,Payments Bank,Paytm Payments Bank,False,0,1,62,63,628391,0,0,0,0,0.0,0.0,0.0,38022928,1446229,1461141,60417.69,22712.16,83129.85,True
2023,4,At Pos,Private Sector,Private,At Pos,False,0,0,0,0,0,0,0,0,0,0.0,0.0,0.0,0,0,0,0.0,0.0,0.0,False
2023,4,Atms & Crms,Private Sector,Private,Atms & Crms,False,0,0,0,0,0,0,0,0,0,0.0,0.0,0.0,0,0,0,0.0,0.0,0.0,False
2023,4,Axis Bank,Private Sector,Private,Axis Bank,False,0,5813,10074,15887,1461326,748,12271981,76021,42871099,3286.93,1561365.24,1564652.17,30646400,22004298,13193186,1383864.9,387145.87,1771010.77,True
2023,4,Bandhan Bank,Private Sector,Private,Bandhan Bank,False,0,433,5,438,40770,0,0,0,0,0.0,0.0,0.0,5414849,2552440,643027,137145.19,18668.61,155813.8,True
2023,4,City Union Bank,Private Sector,Private,City Union Bank,False,0,1124,554,1678,6827,36397,6793,263,18339,13.47,897.28,910.75,2745129,2655856,818294,142136.0,18832.17,160968.17,True
2023,4,Csb Bank Ltd.,Private Sector,Private,Csb Bank Ltd.,False,0,478,52,530,0,0,10354,0,42959,0.0,2764.06,2764.06,887549,497982,262919,24353.91,5181.22,29535.13,True
2023,4,DCB Bank,Private Sector,Private,DCB Bank,False,0,393,5,398,8490,0,0,0,0,0.0,0.0,0.0,958237,284857,152722,15903.35,4392.99,20296.34,True
2023,4,Dhanlaxmi Bank,Private Sector,Private,Dhanlaxmi Bank,False,0,229,41,270,1499,0,9153,163,27815,4.79,702.0,706.79,542783,473532,255665,21511.85,4632.14,26143.99,True
2023,4,Federal Bank,Private Sector,Private,Federal Bank,False,0,1567,348,1915,18564,0,592915,3498,2351541,152.48,101058.38,101210.86,13094800,8798953,6297267,447351.95,134427.42,581779.37,True
2023,4,Fincare Small Finance Bank Ltd,Private Sector,Private,Fincare Small Finance Bank Ltd,False,0,145,0,145,0,0,0,0,0,0.0,0.0,0.0,4508188,861326,56471,43750.12,810.8,44560.92,True
2023,4,HDFC Bank,Private Sector,Private,HDFC Bank,False,0,10607,9446,20053,1481054,4232,17878964,206808,63776601,12026.42,3795719.35,3807745.77,51126224,41960532,31655078,2585579.83,929294.04,3514873.87,True
2023,4,ICICI Bank,Private Sector,Private,ICICI Bank,False,0,9053,7516,16569,1292644,9506,14577079,51397,49878243,2551.77,2266726.69,2269278.46,32604496,21084520,16619755,1442541.69,533635.15,1976176.84,True
2023,4,IDFC First Bank,Private Sector,Private,IDFC First Bank,False,0,689,271,960,37689,11033,1570245,25261,3963004,968.7,188955.41,189924.11,6369035,3944612,1351756,202034.57,39655.64,241690.21,True
2023,4,IndusInd Bank,Private Sector,Private,IndusInd Bank,False,0,1692,1170,2862,273561,146,2273521,28137,5916758,1378.99,630049.14,631428.13,8449611,4663241,2063781,258319.78,60863.25,319183.03,True
2023,4,J&K Bank,Private Sector,Private,J&K Bank,False,0,895,621,1516,11560,945,86892,7677,260293,316.57,14295.27,14611.84,3884277,6232539,3823134,335173.41,37668.08,372841.49,True
2023,4,Karnataka Bank,Private Sector,Private,Karnataka Bank,False,0,886,586,1472,9299,0,0,0,0,0.0,0.0,0.0,5196360,4156957,1498190,194861.47,28912.36,223773.83,True
2023,4,Karur Vysya Bank,Private Sector,Private,Karur Vysya Bank,False,0,1398,841,2239,8406,0,10552,809,40210,63.03,3011.94,3074.97,4314928,4732991,1854338,230097.29,45479.72,275577.01,True
2023,4,Kotak Mahindra Bank,Private Sector,Private,Kotak Mahindra Bank,False,0,1528,1433,2961,75520,15881,5034646,47024,9601102,1829.51,484682.09,486511.6,28656273,11802588,6529397,548896.98,143768.06,692665.04,True
2023,4,Nainital Bank,Private Sector,Private,Nainital Bank,False,0,0,0,0,0,0,0,0,0,0.0,0.0,0.0,208441,91731,37922,4348.79,768.56,5117.35,True
2023,4,Number - Outstanding (As On Month End),Private Sector,Private,Number - Outstanding (As On Month End),False,0,0,0,0,0,0,0,0,0,0.0,0.0,0.0,0,0,0,0.0,0.0,0.0,False
2023,4,RBL Bank,Private Sector,Private,RBL Bank,False,0,375,39,414,898874,0,4523425,39744,10336123,1419.62,570642.1,572061.72,1624743,642765,359824,32711.28,11067.31,43778.59,True
2023,4,South Indian Bank,Private Sector,Private,South Indian Bank,False,0,875,417,1292,14732,0,214466,0,868458,0.0,42450.98,42450.98,3699635,3051490,1854717,143831.93,41002.4,184834.33,True
2023,4,Tamilnad Mercantile Bank,Private Sector,Private,Tamilnad Mercantile Bank,False,0,482,668,1150,5546,0,40875,2246,64749,86.82,3102.45,3189.27,2191093,5321344,526832,228317.02,12780.68,241097.7,True
2023,4,Yes Bank,Private Sector,Private,Yes Bank,False,0,1106,179,1285,67588,90669,1456490,21445,3101338,964.36,161481.01,162445.37,4487963,3078077,1431736,141360.81,35352.77,176713.58,True
2023,4,Bank of Baroda,Public Sector,Public,Bank of Baroda,False,0,8643,2541,11184,23305,43426,1945379,9256,4215664,455.3,174122.05,174577.35,83332335,26198522,7474923,1281626.72,170653.44,1452280.16,True
2023,4,Bank of India,Public Sector,Public,Bank of India,False,0,5326,2895,8221,42610,16349,77006,9827,214918,581.14,7637.24,8218.38,47171065,17402573,5463028,713902.37,100081.94,813984.31,True
2023,4,Bank of Maharashtra,Public Sector,Public,Bank of Maharashtra,False,0,1921,420,2341,1946,1970,33332,941,75820,44.38,3258.83,3303.21,13427212,6255286,2319213,276716.08,38088.82,314804.9,True
2023,4,Canara Bank,Public Sector,Public,Canara Bank,False,0,8101,4031,12132,62470,13427,624494,62939,1087979,3258.51,35607.68,38866.19,51705336,33738373,10305787,1580166.98,243124.1,1823291.08,True
2023,4,Central Bank of India,Public Sector,Public,Central Bank of India,False,0,2609,425,3034,2198,9254,0,0,0,0.0,0.0,0.0,28245823,9221986,2669693,429473.99,61450.88,490924.87,True
2023,4,IDBI Bank,Public Sector,Public,IDBI Bank,False,0,2247,1087,3334,21202,184,44173,424,113932,25.4,3824.11,3849.51,11296364,6230985,2419458,313331.78,53411.51,366743.29,True
2023,4,Indian Bank,Public Sector,Public,Indian Bank,False,0,4125,565,4690,13532,10750,169683,3247,213376,198.08,8041.01,8239.09,31850981,20639767,6613256,980625.71,135428.44,1116054.15,True
2023,4,Indian Overseas Bank,Public Sector,Public,Indian Overseas Bank,False,0,2760,710,3470,0,0,80989,2244,100755,107.24,2673.18,2780.42,16635816,11606166,4116642,499965.34,82495.37,582460.71,True
2023,4,Punjab & Sind Bank,Public Sector,Public,Punjab & Sind Bank,False,0,841,22,863,972,357,0,0,0,0.0,0.0,0.0,3791675,1528262,729843,70394.88,17004.26,87399.14,True
2023,4,Punjab National Bank,Public Sector,Public,Punjab National Bank,False,0,8209,4703,12912,45619,11265,321688,4482,678523,146.22,24463.97,24610.19,41195874,25969552,8639570,1319011.93,192016.48,1511028.41,True
2023,4,State Bank of India,Public Sector,Public,State Bank of India,False,0,25612,39961,65573,1151831,51655,16856916,116644,46018536,4363.1,2429099.65,2433462.75,273671877,192280626,66910414,9736798.07,1458998.91,11195796.98,True
2023,4,UCO Bank,Public Sector,Public,UCO Bank,False,0,2209,216,2425,11073,3568,0,0,0,0.0,0.0,0.0,12328202,7073980,2260542,323866.86,47384.11,371250.97,True
2023,4,Union Bank of India,Public Sector,Public,Union Bank of India,False,0,8030,3202,11232,39483,8017,651443,15486,1081124,778.28,40187.95,40966.23,50961493,46358359,11872468,1445132.04,219884.41,1665016.45,True
2023,4,AU Small Finance Bank,Small Finance Banks,Small Finance,AU Small Finance Bank,False,0,491,3,494,0,372,541696,3882,1554556,216.05,104074.31,104290.36,2509656,1019505,442411,68329.48,11993.8,80323.28,True
2023,4,Capital Small Finance Bank,Small Finance Banks,Small Finance,Capital Small Finance Bank,False,0,170,2,172,0,0,0,0,0,0.0,0.0,0.0,261950,123926,47164,6646.02,1305.19,7951.21,True
2023,4,ESAF Small Finance Bank,Small Finance Banks,Small Finance,ESAF Small Finance Bank,False,0,542,3,545,0,2044,0,0,0,0.0,0.0,0.0,4917084,990242,278091,47649.66,4057.05,51706.71,True
2023,4,Equitas Small Finance Bank,Small Finance Banks,Small Finance,Equitas Small Finance Bank,False,0,347,3,350,24400,303,0,0,0,0.0,0.0,0.0,3305110,1095902,268057,35845.48,6777.46,42622.94,True
2023,4,Jana Small Finance Bank,Small Finance Banks,Small Finance,Jana Small Finance Bank,False,0,59,2,61,0,164,0,0,0,0.0,0.0,0.0,2794638,360229,59719,18537.21,1131.2,19668.41,True
2023,4,North East Small Finance Bank,Small Finance Banks,Small Finance,North East Small Finance Bank,False,0,13,1,14,0,0,0,0,0,0.0,0.0,0.0,393695,43391,12451,1803.5,185.13,1988.63,True
2023,4,Shivalik Small Finance Bank,Small Finance Banks,Small Finance,Shivalik Small Finance Bank,False,0,26,1,27,0,279,0,0,0,0.0,0.0,0.0,84947,35416,10938,1894.1,278.27,2172.37,True
2023,4,Suryoday Small Finance Bank,Small Finance Banks,Small Finance,Suryoday Small Finance Bank,False,0,516,3,519,0,67,0,0,0,0.0,0.0,0.0,576300,252664,30767,5703.55,378.77,6082.32,True
2023,4,Ujjivan Small Finance Bank,Small Finance Banks,Small Finance,Ujjivan Small Finance Bank,False,0,231,0,231,0,0,0,0,0,0.0,0.0,0.0,8867958,3402659,387613,150304.98,6976.99,157281.97,True
2023,4,Unity Small Finance Bank,Small Finance Banks,Small Finance,Unity Small Finance Bank,False,0,288,7,295,0,0,0,0,0,0.0,0.0,0.0,0,0,0,0.0,0.0,0.0,True
2023,4,Utkarsh Small Finance Bank,Small Finance Banks,Small Finance,Utkarsh Small Finance Bank,False,0,0,0,0,0,546,0,0,0,0.0,0.0,0.0,1609810,335838,48587,14199.94,957.86,15157.8,True
2023,5,American Express,Foreign Banks,Foreign,American Express,False,0,0,0,0,53637,0,1347707,0,4562917,0.0,391734.46,391734.46,0,0,0,0.0,0.0,0.0,True
2023,5,Bank of America,Foreign Banks,Foreign,Bank of America,False,0,0,0,0,0,0,3,0,4,0.0,0.9,0.9,0,0,0,0.0,0.0,0.0,True
2023,5,Barclays Bank,Foreign Banks,Foreign,Barclays Bank,False,0,0,0,0,0,0,0,0,0,0.0,0.0,0.0,919,334,23,28.88,1.54,30.42,True
2023,5,Citi Bank,Foreign Banks,Foreign,Axis Bank,True,2023,0,0,0,0,0,162150,691,325328,52.56,31928.24,31980.8,0,0,0,0.0,0.0,0.0,True
2023,5,DBS Bank,Foreign Banks,Foreign,DBS Bank,False,0,454,494,948,498,92,284539,3178,483100,87.54,27371.85,27459.39,1912237,1015918,556337,48825.21,10745.17,59570.38,True
2023,5,Deutsche Bank,Foreign Banks,Foreign,Deutsche Bank,False,0,13,18,31,0,0,0,0,0,0.0,0.0,0.0,116797,43762,63120,2536.99,1767.12,4304.11,True
2023,5,HSBC,Foreign Banks,Foreign,HSBC,False,0,46,28,74,0,0,696880,1594,1884855,117.43,74730.64,74848.07,600301,249775,302704,14625.83,9469.33,24095.16,True
2023,5,SBM Bank,Foreign Banks,Foreign,SBM Bank,False,0,0,0,0,0,132053,1068500,2283,1092341,51.17,14502.38,14553.55,652383,75235,34990,2439.88,768.68,3208.56,True
2023,5,Standard Chartered Bank,Foreign Banks,Foreign,Standard Chartered Bank,False,0,102,67,169,0,0,1054846,2719,2912693,172.0,110797.23,110969.23,1135973,844931,940750,41008.44,24815.58,65824.02,True
2023,5,Woori Bank,Foreign Banks,Foreign,Woori Bank,False,0,0,0,0,0,0,0,0,0,0.0,0.0,0.0,1003,984,5519,71.67,181.86,253.53,True
2023,5,Airtel Payments Bank,Payment Banks,Payments Bank,Airtel Payments Bank,False,0,0,0,0,0,73867,0,0,0,0.0,0.0,0.0,4972682,18354,337150,927.56,4186.34,5113.9,True
2023,5,Fino Payments Bank,Payment Banks,Payments Bank,Fino Payments Bank,False,0,0,0,0,0,377648,0,0,0,0.0,0.0,0.0,7018497,2126566,221346,70800.59,4877.68,75678.27,True
2023,5,India Post Payments Bank,Payment Banks,Payments Bank,India Post Payments Bank,False,0,0,0,0,0,159631,0,0,0,0.0,0.0,0.0,10464947,0,538567,0.0,3699.05,3699.05,True
2023,5,Jio Payments Bank,Payment Banks,Payments Bank,Jio Payments Bank,False,0,0,0,0,0,0,0,0,0,0.0,0.0,0.0,0,0,0,0.0,0.0,0.0,False
2023,5,NSDL Payments Bank,Payment Banks,Payments Bank,NSDL Payments Bank,False,0,0,0,0,0,375399,0,0,0,0.0,0.0,0.0,585049,4807,20902,200.11,145.39,345.5,True
2023,5,Paytm Payments Bank,Payment Banks,Payments Bank,Paytm Payments Bank,False,0,1,61,62,649273,0,0,0,0,0.0,0.0,0.0,38085853,1380533,1446256,57312.04,23711.05,81023.09,True
2023,5,At Pos,Private Sector,Private,At Pos,False,0,0,0,0,0,0,0,0,0,0.0,0.0,0.0,0,0,0,0.0,0.0,0.0,False
2023,5,Atms & Crms,Private Sector,Private,Atms & Crms,False,0,0,0,0,0,0,0,0,0,0.0,0.0,0.0,0,0,0,0.0,0.0,0.0,False
2023,5,Axis Bank,Private Sector,Private,Axis Bank,False,0,5821,10000,15821,1475924,748,12468704,85511,47623461,3650.72,1730172.3,1733823.02,31218025,20972026,12810626,1311914.86,369179.35,1681094.21,True
2023,5,Bandhan Bank,Private Sector,Private,Bandhan Bank,False,0,433,5,438,41673,0,0,0,0,0.0,0.0,0.0,5483090,2537482,646579,132799.31,17545.2,150344.51,True
2023,5,City Union Bank,Private Sector,Private,City Union Bank,False,0,1123,551,1674,6859,37975,7950,298,24929,15.68,1284.18,1299.86,2768747,2750592,818519,147552.17,18806.95,166359.12,True
2023,5,Csb Bank Ltd.,Private Sector,Private,Csb Bank Ltd.,False,0,481,55,536,0,0,15821,0,69237,0.0,4289.68,4289.68,895532,496768,257289,24252.56,5028.48,29281.04,True
2023,5,DCB Bank,Private Sector,Private,DCB Bank,False,0,399,5,404,8423,0,0,0,0,0.0,0.0,0.0,678165,283033,153042,15326.79,4386.31,19713.1,True
2023,5,Dhanlaxmi Bank,Private Sector,Private,Dhanlaxmi Bank,False,0,230,41,271,1514,0,9166,228,28658,7.56,704.55,712.11,539969,479888,256701,21370.04,4635.75,26005.79,True
2023,5,Federal Bank,Private Sector,Private,Federal Bank,False,0,1568,347,1915,18624,0,634126,3479,2642943,156.09,115994.08,116150.17,12991108,8969814,6337161,451197.25,138014.82,589212.07,True
2023,5,Fincare Small Finance Bank Ltd,Private Sector,Private,Fincare Small Finance Bank Ltd,False,0,146,0,146,0,247,0,0,0,0.0,0.0,0.0,4628548,895736,54954,45957.0,800.98,46757.98,True
2023,5,HDFC Bank,Private Sector,Private,HDFC Bank,False,0,10733,9514,20247,1516116,4514,18122628,208992,67390338,12031.54,4017175.12,4029206.66,51668209,41601269,30776644,2554050.78,902240.4,3456291.18,True
2023,5,ICICI Bank,Private Sector,Private,ICICI Bank,False,0,9190,7426,16616,1327982,9856,14679475,51643,51157425,2567.43,2448614.61,2451182.04,32635119,20681413,15905726,1414306.64,509191.71,1923498.35,True
2023,5,IDFC First Bank,Private Sector,Private,IDFC First Bank,False,0,740,304,1044,36512,11246,1624970,25453,4151159,978.21,196617.38,197595.59,6446245,3944181,1330362,200548.57,40680.52,241229.09,True
2023,5,IndusInd Bank,Private Sector,Private,IndusInd Bank,False,0,1701,1171,2872,278385,146,2327416,29120,6182218,1442.33,714335.62,715777.95,8638980,4687858,2035411,256766.39,59982.74,316749.13,True
2023,5,J&K Bank,Private Sector,Private,J&K Bank,False,0,900,624,1524,11517,942,94720,8583,308145,341.76,17073.39,17415.15,3938376,6082823,3936002,311264.23,37936.98,349201.21,True
2023,5,Karnataka Bank,Private Sector,Private,Karnataka Bank,False,0,888,586,1474,9349,0,0,0,0,0.0,0.0,0.0,5237653,4085159,1429859,191998.47,26926.95,218925.42,True
2023,5,Karur Vysya Bank,Private Sector,Private,Karur Vysya Bank,False,0,1395,834,2229,8530,0,10924,784,40712,59.88,3049.61,3109.49,4352602,4905041,1871702,238559.83,45547.28,284107.11,True
2023,5,Kotak Mahindra Bank,Private Sector,Private,Kotak Mahindra Bank,False,0,1564,1416,2980,76475,16098,5115403,48282,10065389,1873.28,514000.41,515873.69,29126232,12059994,6340164,549433.94,140315.86,689749.8,True
2023,5,Nainital Bank,Private Sector,Private,Nainital Bank,False,0,0,0,0,0,0,0,0,0,0.0,0.0,0.0,211221,91452,39188,4300.37,763.98,5064.35,True
2023,5,Number - Outstanding (As On Month End),Private Sector,Private,Number - Outstanding (As On Month End),False,0,0,0,0,0,0,0,0,0,0.0,0.0,0.0,0,0,0,0.0,0.0,0.0,False
2023,5,RBL Bank,Private Sector,Private,RBL Bank,False,0,374,39,413,906974,0,4562457,41939,10577140,1468.31,603472.51,604940.82,1651712,648447,352281,32714.89,10852.48,43567.37,True
2023,5,South Indian Bank,Private Sector,Private,South Indian Bank,False,0,884,413,1297,14837,0,227527,0,1032526,0.0,51756.54,51756.54,3688520,3147310,1883797,146992.35,41356.86,188349.21,True
2023,5,Tamilnad Mercantile Bank,Private Sector,Private,Tamilnad Mercantile Bank,False,0,482,668,1150,4897,0,40703,2464,66512,94.59,3140.25,3234.84,2203377,5423413,537671,230727.49,12926.42,243653.91,True
2023,5,Yes Bank,Private Sector,Private,Yes Bank,False,0,1132,177,1309,68644,90457,1449755,21856,3235061,980.74,170853.51,171834.25,4569186,2740310,1356976,121759.73,33347.79,155107.52,True
2023,5,Bank of Baroda,Public Sector,Public,Bank of Baroda,False,0,8524,2353,10877,23134,43405,1980091,9335,4611222,462.13,194658.82,195120.95,84561128,26553252,7575647,1286119.95,165092.03,1451211.98,True
2023,5,Bank of India,Public Sector,Public,Bank of India,False,0,5323,2895,8218,42842,16657,77016,9819,234186,584.6,8302.91,8887.51,48458435,17396453,5429100,702815.46,96227.24,799042.7,True
2023,5,Bank of Maharashtra,Public Sector,Public,Bank of Maharashtra,False,0,1930,417,2347,1942,1941,33177,909,82818,41.22,3563.58,3604.8,13464186,6341201,2372530,280144.34,38872.31,319016.65,True
2023,5,Canara Bank,Public Sector,Public,Canara Bank,False,0,8099,4017,12116,62307,13427,634406,62682,1098001,3301.11,36312.44,39613.55,51407210,33561373,10347261,1561203.5,239633.2,1800836.7,True
2023,5,Central Bank of India,Public Sector,Public,Central Bank of India,False,0,2609,537,3146,2234,9254,0,0,0,0.0,0.0,0.0,28565416,9271900,2642121,427794.43,59751.55,487545.98,True
2023,5,IDBI Bank,Public Sector,Public,IDBI Bank,False,0,2249,1078,3327,21210,133,43918,431,120876,25.03,4089.94,4114.97,11339414,6222027,2331220,312153.81,50415.42,362569.23,True
2023,5,Indian Bank,Public Sector,Public,Indian Bank,False,0,4159,577,4736,13276,10750,169845,3289,212631,214.35,8288.33,8502.68,32000371,21092882,6590987,992876.93,133899.33,1126776.26,True
2023,5,Indian Overseas Bank,Public Sector,Public,Indian Overseas Bank,False,0,2764,717,3481,0,0,81323,2519,102999,118.56,2680.79,2799.35,16848672,11708075,4052305,496020.5,80816.98,576837.48,True
2023,5,Punjab & Sind Bank,Public Sector,Public,Punjab & Sind Bank,False,0,863,22,885,968,357,0,0,0,0.0,0.0,0.0,3839663,1624489,761552,75344.52,17696.84,93041.36,True
2023,5,Punjab National Bank,Public Sector,Public,Punjab National Bank,False,0,8150,4688,12838,45847,11265,332584,4823,704058,162.52,25691.35,25853.87,41368381,27063559,8788896,1360985.92,192713.12,1553699.04,True
2023,5,State Bank of India,Public Sector,Public,State Bank of India,False,0,25576,39961,65537,1156307,52124,17138124,120775,47621202,4566.74,2380289.46,2384856.2,273671877,188115205,64017296,9494247.89,1377961.97,10872209.86,True
2023,5,UCO Bank,Public Sector,Public,UCO Bank,False,0,2200,227,2427,11202,3568,0,0,0,0.0,0.0,0.0,12411696,7051003,2231749,318833.68,45224.63,364058.31,True
2023,5,Union Bank of India,Public Sector,Public,Union Bank of India,False,0,8023,3209,11232,38078,8015,673530,14375,1079749,717.82,39880.1,40597.92,51217016,46943044,11472789,1448599.55,212456.11,1661055.66,True
2023,5,AU Small Finance Bank,Small Finance Banks,Small Finance,AU Small Finance Bank,False,0,491,2,493,0,374,576927,4887,1748073,284.82,118568.87,118853.69,2564004,1024915,455170,67713.14,12522.53,80235.67,True
2023,5,Capital Small Finance Bank,Small Finance Banks,Small Finance,Capital Small Finance Bank,False,0,170,2,172,0,0,0,0,0,0.0,0.0,0.0,252024,132849,48009,7318.81,1326.92,8645.73,True
2023,5,ESAF Small Finance Bank,Small Finance Banks,Small Finance,ESAF Small Finance Bank,False,0,550,3,553,0,2085,0,0,0,0.0,0.0,0.0,4964578,1009371,287829,48083.43,4151.97,52235.4,True
2023,5,Equitas Small Finance Bank,Small Finance Banks,Small Finance,Equitas Small Finance Bank,False,0,348,3,351,24636,303,0,0,0,0.0,0.0,0.0,3352093,2613255,264426,85534.01,6724.77,92258.78,True
2023,5,Jana Small Finance Bank,Small Finance Banks,Small Finance,Jana Small Finance Bank,False,0,59,2,61,0,164,0,0,0,0.0,0.0,0.0,2830420,370394,63118,18883.95,1235.15,20119.1,True
2023,5,North East Small Finance Bank,Small Finance Banks,Small Finance,North East Small Finance Bank,False,0,13,1,14,0,0,0,0,0,0.0,0.0,0.0,393695,29664,3298,1070.81,43.03,1113.84,True
2023,5,Shivalik Small Finance Bank,Small Finance Banks,Small Finance,Shivalik Small Finance Bank,False,0,27,1,28,0,279,0,0,0,0.0,0.0,0.0,86552,35813,10758,1864.49,289.46,2153.95,True
2023,5,Suryoday Small Finance Bank,Small Finance Banks,Small Finance,Suryoday Small Finance Bank,False,0,0,0,0,0,67,0,0,0,0.0,0.0,0.0,585684,317052,33552,5974.35,401.09,6375.44,True
2023,5,Ujjivan Small Finance Bank,Small Finance Banks,Small Finance,Ujjivan Small Finance Bank,False,0,519,3,522,0,0,0,0,0,0.0,0.0,0.0,8972099,3528310,380329,157691.51,7006.2,164697.71,True
2023,5,Unity Small Finance Bank,Small Finance Banks,Small Finance,Unity Small Finance Bank,False,0,231,0,231,0,0,0,0,0,0.0,0.0,0.0,0,0,0,0.0,0.0,0.0,True
2023,5,Utkarsh Small Finance Bank,Small Finance Banks,Small Finance,Utkarsh Small Finance Bank,False,0,291,7,298,0,546,0,0,0,0.0,0.0,0.0,1654364,339537,49715,14203.81,959.24,15163.05,True
2023,6,American Express,Foreign Banks,Foreign,American Express,False,0,0,0,0,53387,0,1350680,0,4300429,0.0,356637.96,356637.96,0,0,0,0.0,0.0,0.0,True
2023,6,Bank of America,Foreign Banks,Foreign,Bank of America,False,0,0,0,0,0,0,0,0,0,0.0,0.0,0.0,0,0,0,0.0,0.0,0.0,False
2023,6,Barclays Bank,Foreign Banks,Foreign,Barclays Bank,False,0,0,0,0,0,0,0,0,0,0.0,0.0,0.0,919,350,43,29.61,1.61,31.22,True
2023,6,Citi Bank,Foreign Banks,Foreign,Axis Bank,True,2023,0,0,0,0,0,164045,647,326762,48.58,32501.01,32549.59,0,0,0,0.0,0.0,0.0,True
2023,6,DBS Bank,Foreign Banks,Foreign,DBS Bank,False,0,454,495,949,501,87,320464,3213,507305,91.86,29070.12,29161.98,1907370,983723,544496,48226.83,10399.37,58626.2,True
2023,6,Deutsche Bank,Foreign Banks,Foreign,Deutsche Bank,False,0,13,18,31,0,0,0,0,0,0.0,0.0,0.0,116840,40715,59530,2329.03,1741.14,4070.17,True
2023,6,HSBC,Foreign Banks,Foreign,HSBC,False,0,46,28,74,0,0,664317,1539,1822513,122.98,73556.78,73679.76,608751,241255,292991,14184.62,9951.16,24135.78,True
2023,6,SBM Bank,Foreign Banks,Foreign,SBM Bank,False,0,0,0,0,0,112745,948971,2812,1037733,52.94,13283.91,13336.85,667063,85499,32252,2656.93,726.59,3383.52,True
2023,6,Standard Chartered Bank,Foreign Banks,Foreign,Standard Chartered Bank,False,0,102,68,170,0,0,1040847,2599,2610250,164.35,101545.08,101709.43,1111690,682908,874024,33855.76,23519.74,57375.5,True
2023,6,Woori Bank,Foreign Banks,Foreign,Woori Bank,False,0,0,0,0,0,0,0,0,0,0.0,0.0,0.0,1021,924,4115,61.84,148.19,210.03,True
2023,6,Airtel Payments Bank,Payment Banks,Payments Bank,Airtel Payments Bank,False,0,0,0,0,0,78522,0,0,0,0.0,0.0,0.0,5419872,20821,234115,1005.2,2932.99,3938.19,True
2023,6,Fino Payments Bank,Payment Banks,Payments Bank,Fino Payments Bank,False,0,0,0,0,0,381679,0,0,0,0.0,0.0,0.0,7242765,2096156,205018,68600.35,4519.64,73119.99,True
2023,6,India Post Payments Bank,Payment Banks,Payments Bank,India Post Payments Bank,False,0,0,0,0,0,162452,0,0,0,0.0,0.0,0.0,10860553,0,470418,0.0,3623.31,3623.31,True
2023,6,Jio Payments Bank,Payment Banks,Payments Bank,Jio Payments Bank,False,0,0,0,0,0,0,0,0,0,0.0,0.0,0.0,0,0,0,0.0,0.0,0.0,False
2023,6,NSDL Payments Bank,Payment Banks,Payments Bank,NSDL Payments Bank,False,0,0,0,0,0,410597,0,0,0,0.0,0.0,0.0,609825,5158,22543,214.56,168.15,382.71,True
2023,6,Paytm Payments Bank,Payment Banks,Payments Bank,Paytm Payments Bank,False,0,1,25,26,670115,0,0,0,0,0.0,0.0,0.0,38194741,1331109,1324930,56302.77,23736.25,80039.02,True
2023,6,At Pos,Private Sector,Private,At Pos,False,0,0,0,0,0,0,0,0,0,0.0,0.0,0.0,0,0,0,0.0,0.0,0.0,False
2023,6,Atms & Crms,Private Sector,Private,Atms & Crms,False,0,0,0,0,0,0,0,0,0,0.0,0.0,0.0,0,0,0,0.0,0.0,0.0,False
2023,6,Axis Bank,Private Sector,Private,Axis Bank,False,0,5839,9933,15772,1490691,747,12509723,78713,45312357,3367.06,1690653.28,1694020.34,31603498,20780925,12009483,1300839.34,361669.05,1662508.39,True
2023,6,Bandhan Bank,Private Sector,Private,Bandhan Bank,False,0,433,5,438,42785,0,0,0,0,0.0,0.0,0.0,5507207,2422492,577037,128612.03,16304.3,144916.33,True
2023,6,City Union Bank,Private Sector,Private,City Union Bank,False,0,1119,552,1671,6697,39475,9768,253,29015,12.33,1495.3,1507.63,2769897,2695155,751309,145655.86,17862.26,163518.12,True
2023,6,Csb Bank Ltd.,Private Sector,Private,Csb Bank Ltd.,False,0,487,53,540,0,0,21721,0,93512,0.0,5903.55,5903.55,903982,488920,246170,23525.03,4773.12,28298.15,True
2023,6,DCB Bank,Private Sector,Private,DCB Bank,False,0,404,5,409,8362,0,0,0,0,0.0,0.0,0.0,689216,283453,141312,15219.57,4198.51,19418.08,True
2023,6,Dhanlaxmi Bank,Private Sector,Private,Dhanlaxmi Bank,False,0,231,42,273,1531,0,9322,202,27831,7.04,687.12,694.16,542633,469557,235319,20595.86,4255.4,24851.26,True
2023,6,Federal Bank,Private Sector,Private,Federal Bank,False,0,1576,342,1918,18654,0,655511,3557,2588352,159.44,110929.62,111089.06,13044574,8722982,5953262,435488.24,133110.82,568599.06,True
2023,6,Fincare Small Finance Bank Ltd,Private Sector,Private,Fincare Small Finance Bank Ltd,False,0,146,0,146,0,252,0,0,0,0.0,0.0,0.0,4747356,921634,54159,47548.72,784.97,48333.69,True
2023,6,HDFC Bank,Private Sector,Private,HDFC Bank,False,0,10784,9568,20352,1576885,4514,18351008,196190,65542290,11314.91,3871560.82,3882875.73,51038405,40293124,29071071,2477547.98,883519.77,3361067.75,True
2023,6,ICICI Bank,Private Sector,Private,ICICI Bank,False,0,9318,7405,16723,1350171,9795,14802557,48740,49909561,2405.38,2304202.03,2306607.41,32592862,19997780,15310061,1372411.44,514482.09,1886893.53,True
2023,6,IDFC First Bank,Private Sector,Private,IDFC First Bank,False,0,760,309,1069,36489,11146,1678367,25369,4051801,969.88,197566.04,198535.92,6537629,3940519,1266862,202305.45,41011.13,243316.58,True
2023,6,IndusInd Bank,Private Sector,Private,IndusInd Bank,False,0,1707,1168,2875,283662,146,2394461,27949,5985065,1380.56,670218.13,671598.69,8766441,4620881,1927164,261869.63,58849.1,320718.73,True
2023,6,J&K Bank,Private Sector,Private,J&K Bank,False,0,913,622,1535,11530,942,102634,8403,294119,347.35,16502.41,16849.76,3963646,6421574,3054274,344565.56,36424.26,380989.82,True
2023,6,Karnataka Bank,Private Sector,Private,Karnataka Bank,False,0,889,586,1475,9405,0,0,0,0,0.0,0.0,0.0,5258100,4094860,1330851,190758.81,24490.43,215249.24,True
2023,6,Karur Vysya Bank,Private Sector,Private,Karur Vysya Bank,False,0,1410,830,2240,8980,0,11068,834,40833,63.27,3149.05,3212.32,4394009,4788237,1759380,233346.5,43801.09,277147.59,True
2023,6,Kotak Mahindra Bank,Private Sector,Private,Kotak Mahindra Bank,False,0,1611,1436,3047,77907,17549,5216456,48443,9658864,1907.3,500363.26,502270.56,29407660,12099616,6181035,553958.51,138486.9,692445.41,True
2023,6,Nainital Bank,Private Sector,Private,Nainital Bank,False,0,0,0,0,0,0,0,0,0,0.0,0.0,0.0,214304,90180,36329,4235.47,734.83,4970.3,True
2023,6,Number - Outstanding (As On Month End),Private Sector,Private,Number - Outstanding (As On Month End),False,0,0,0,0,0,0,0,0,0,0.0,0.0,0.0,0,0,0,0.0,0.0,0.0,False
2023,6,RBL Bank,Private Sector,Private,RBL Bank,False,0,375,39,414,912711,0,4613266,42198,9950387,1450.16,582673.62,584123.78,1674477,630016,334918,31729.81,11079.06,42808.87,True
2023,6,South Indian Bank,Private Sector,Private,South Indian Bank,False,0,884,412,1296,15215,0,247224,0,1012860,0.0,51103.45,51103.45,3700670,3060491,1748197,141446.39,38907.7,180354.09,True
2023,6,Tamilnad Mercantile Bank,Private Sector,Private,Tamilnad Mercantile Bank,False,0,483,667,1150,4455,0,34233,2240,63428,92.32,3083.58,3175.9,2218972,5294099,501989,225486.45,12153.85,237640.3,True
2023,6,Yes Bank,Private Sector,Private,Yes Bank,False,0,1144,165,1309,69696,89645,1496508,20448,3103938,910.2,169053.23,169963.43,4635022,2862449,1281040,133419.69,32251.51,165671.2,True
2023,6,Bank of Baroda,Public Sector,Public,Bank of Baroda,False,0,8424,2035,10459,23769,43716,2006637,8609,4287065,428.5,186124.73,186553.23,85726395,25602799,7054300,1242470.42,157175.97,1399646.39,True
2023,6,Bank of India,Public Sector,Public,Bank of India,False,0,5326,2899,8225,43051,16657,74827,9336,213513,560.68,7750.27,8310.95,49233971,16892233,5096581,684658.36,92228.59,776886.95,True
2023,6,Bank of Maharashtra,Public Sector,Public,Bank of Maharashtra,False,0,1946,417,2363,1901,1937,33045,871,75349,40.73,3267.72,3308.45,13572986,6095597,2150972,269140.32,36191.1,305331.42,True
2023,6,Canara Bank,Public Sector,Public,Canara Bank,False,0,8100,4016,12116,62759,13427,661344,65989,1083019,3496.27,36425.62,39921.89,52478964,33270843,9791784,1536626.09,227726.56,1764352.65,True
2023,6,Central Bank of India,Public Sector,Public,Central Bank of India,False,0,2609,668,3277,2254,9254,0,0,0,0.0,0.0,0.0,28431599,8907862,2412231,408825.36,55077.55,463902.91,True
2023,6,IDBI Bank,Public Sector,Public,IDBI Bank,False,0,2255,1075,3330,21178,133,44736,315,111550,18.1,3821.07,3839.17,11245185,6045028,2205297,303872.57,48674.91,352547.48,True
2023,6,Indian Bank,Public Sector,Public,Indian Bank,False,0,4217,587,4804,13009,10805,170135,3149,199960,205.8,7608.95,7814.75,32286911,20901227,6166701,986079.27,128566.42,1114645.69,True
2023,6,Indian Overseas Bank,Public Sector,Public,Indian Overseas Bank,False,0,2776,718,3494,0,0,81061,2461,98426,113.27,2716.42,2829.69,17030045,11576143,3798488,493182.16,76746.06,569928.22,True
2023,6,Punjab & Sind Bank,Public Sector,Public,Punjab & Sind Bank,False,0,872,24,896,974,357,0,0,0,0.0,0.0,0.0,3879470,1574069,730719,72994.87,17333.78,90328.65,True
2023,6,Punjab National Bank,Public Sector,Public,Punjab National Bank,False,0,8134,4686,12820,45287,11265,340119,4553,707664,147.03,26639.78,26786.81,41690011,27131349,8754648,1355761.9,194185.54,1549947.44,True
2023,6,State Bank of India,Public Sector,Public,State Bank of India,False,0,25899,39575,65474,1154673,52364,17343335,114659,44920329,4336.21,2498054.48,2502390.69,269268640,183092005,59782358,9273214.99,1303478.46,10576693.45,True
2023,6,UCO Bank,Public Sector,Public,UCO Bank,False,0,2188,223,2411,11298,3568,0,0,0,0.0,0.0,0.0,12486111,6743905,2070160,304988.34,43127.98,348116.32,True
2023,6,Union Bank of India,Public Sector,Public,Union Bank of India,False,0,8021,3210,11231,38789,7992,671751,14405,1172446,718.86,41856.14,42575.0,51486043,46037116,10720342,1418891.76,205328.54,1624220.3,True
2023,6,AU Small Finance Bank,Small Finance Banks,Small Finance,AU Small Finance Bank,False,0,493,2,495,0,378,612215,4741,1765294,275.82,123386.41,123662.23,2618894,999905,439477,66412.32,12195.85,78608.17,True
2023,6,Capital Small Finance Bank,Small Finance Banks,Small Finance,Capital Small Finance Bank,False,0,172,2,174,0,0,0,0,0,0.0,0.0,0.0,274089,128507,46097,6916.85,1253.53,8170.38,True
2023,6,ESAF Small Finance Bank,Small Finance Banks,Small Finance,ESAF Small Finance Bank,False,0,557,3,560,0,2116,0,0,0,0.0,0.0,0.0,5018435,974584,247217,47205.9,3643.45,50849.35,True
2023,6,Equitas Small Finance Bank,Small Finance Banks,Small Finance,Equitas Small Finance Bank,False,0,349,3,352,25138,303,0,0,0,0.0,0.0,0.0,3380395,3104893,248588,84306.85,5970.6,90277.45,True
2023,6,Jana Small Finance Bank,Small Finance Banks,Small Finance,Jana Small Finance Bank,False,0,59,2,61,0,164,0,0,0,0.0,0.0,0.0,2866216,332922,57810,16751.35,1120.39,17871.74,True
2023,6,North East Small Finance Bank,Small Finance Banks,Small Finance,North East Small Finance Bank,False,0,13,1,14,0,0,0,0,0,0.0,0.0,0.0,393695,44169,4552,1793.63,63.03,1856.66,True
2023,6,Shivalik Small Finance Bank,Small Finance Banks,Small Finance,Shivalik Small Finance Bank,False,0,28,1,29,0,279,0,0,0,0.0,0.0,0.0,86252,35532,10554,1834.72,294.87,2129.59,True
2023,6,Suryoday Small Finance Bank,Small Finance Banks,Small Finance,Suryoday Small Finance Bank,False,0,0,0,0,0,67,0,0,0,0.0,0.0,0.0,595878,320981,29292,5208.63,356.36,5564.99,True
2023,6,Ujjivan Small Finance Bank,Small Finance Banks,Small Finance,Ujjivan Small Finance Bank,False,0,520,3,523,0,0,0,0,0,0.0,0.0,0.0,9142682,3452197,361477,152204.77,6929.8,159134.57,True
2023,6,Unity Small Finance Bank,Small Finance Banks,Small Finance,Unity Small Finance Bank,False,0,231,0,231,0,0,0,0,0,0.0,0.0,0.0,0,0,0,0.0,0.0,0.0,True
2023,6,Utkarsh Small Finance Bank,Small Finance Banks,Small Finance,Utkarsh Small Finance Bank,False,0,292,7,299,0,557,0,0,0,0.0,0.0,0.0,1688294,311511,45232,12920.68,852.22,13772.9,True
2023,7,American Express,Foreign Banks,Foreign,American Express,False,0,0,0,0,52988,0,1353841,0,4591869,0.0,379370.39,379370.39,0,0,0,0.0,0.0,0.0,True
2023,7,Bank of America,Foreign Banks,Foreign,Bank of America,False,0,0,0,0,0,0,0,0,0,0.0,0.0,0.0,0,0,0,0.0,0.0,0.0,False
2023,7,Barclays Bank,Foreign Banks,Foreign,Barclays Bank,False,0,0,0,0,0,0,0,0,0,0.0,0.0,0.0,923,310,43,27.5,1.65,29.15,True
2023,7,Citi Bank,Foreign Banks,Foreign,Axis Bank,True,2023,0,0,0,0,0,167225,676,329352,51.03,32324.41,32375.44,0,0,0,0.0,0.0,0.0,True
2023,7,DBS Bank,Foreign Banks,Foreign,DBS Bank,False,0,459,492,951,507,91,354200,3856,567929,104.96,32798.47,32903.43,1934336,972850,547316,46811.48,10607.17,57418.65,True
2023,7,Deutsche Bank,Foreign Banks,Foreign,Deutsche Bank,False,0,13,18,31,0,0,0,0,0,0.0,0.0,0.0,117996,40207,60141,2289.27,1824.32,4113.59,True
2023,7,HSBC,Foreign Banks,Foreign,HSBC,False,0,46,28,74,0,0,600995,1651,1904685,115.45,80994.09,81109.54,616710,240604,302497,13871.16,10392.06,24263.22,True
2023,7,SBM Bank,Foreign Banks,Foreign,SBM Bank,False,0,0,0,0,0,89897,956991,3047,1110158,61.86,14578.1,14639.96,689256,77903,33797,2345.29,821.54,3166.83,True
2023,7,Standard Chartered Bank,Foreign Banks,Foreign,Standard Chartered Bank,False,0,102,68,170,0,0,1037489,2368,2841361,141.11,107235.62,107376.73,1114774,649294,850914,31612.41,23559.15,55171.56,True
2023,7,Woori Bank,Foreign Banks,Foreign,Woori Bank,False,0,0,0,0,0,0,0,0,0,0.0,0.0,0.0,1033,796,4033,53.71,139.51,193.22,True
2023,7,Airtel Payments Bank,Payment Banks,Payments Bank,Airtel Payments Bank,False,0,0,0,0,0,83880,0,0,0,0.0,0.0,0.0,5959901,30096,217570,1354.59,2810.11,4164.7,True
2023,7,Fino Payments Bank,Payment Banks,Payments Bank,Fino Payments Bank,False,0,0,0,0,0,385874,0,0,0,0.0,0.0,0.0,7484726,2173680,221422,68011.38,4581.36,72592.74,True
2023,7,India Post Payments Bank,Payment Banks,Payments Bank,India Post Payments Bank,False,0,0,0,0,0,164949,0,0,0,0.0,0.0,0.0,11278715,0,416644,0.0,4054.99,4054.99,True
2023,7,Jio Payments Bank,Payment Banks,Payments Bank,Jio Payments Bank,False,0,0,0,0,0,0,0,0,0,0.0,0.0,0.0,0,0,0,0.0,0.0,0.0,False
2023,7,NSDL Payments Bank,Payment Banks,Payments Bank,NSDL Payments Bank,False,0,0,0,0,0,457648,0,0,0,0.0,0.0,0.0,632211,5722,22944,238.97,182.36,421.33,True
2023,7,Paytm Payments Bank,Payment Banks,Payments Bank,Paytm Payments Bank,False,0,1,18,19,657116,0,0,0,0,0.0,0.0,0.0,32116534,1252836,1320705,51971.85,23698.43,75670.28,True
2023,7,At Pos,Private Sector,Private,At Pos,False,0,0,0,0,0,0,0,0,0,0.0,0.0,0.0,0,0,0,0.0,0.0,0.0,False
2023,7,Atms & Crms,Private Sector,Private,Atms & Crms,False,0,0,0,0,0,0,0,0,0,0.0,0.0,0.0,0,0,0,0.0,0.0,0.0,False
2023,7,Axis Bank,Private Sector,Private,Axis Bank,False,0,5863,9904,15767,1501086,747,12739961,82627,47788241,3486.02,1803713.74,1807199.76,32205377,19804086,11908022,1218335.53,380464.39,1598799.92,True
2023,7,Bandhan Bank,Private Sector,Private,Bandhan Bank,False,0,433,5,438,44094,0,0,0,0,0.0,0.0,0.0,5579890,2491362,581984,131682.1,17065.47,148747.57,True
2023,7,City Union Bank,Private Sector,Private,City Union Bank,False,0,1123,553,1676,6402,41725,13026,297,43374,15.44,2445.89,2461.33,2785413,2759314,733367,147031.78,17717.5,164749.28,True
2023,7,Csb Bank Ltd.,Private Sector,Private,Csb Bank Ltd.,False,0,489,52,541,0,0,28136,0,131425,0.0,8033.51,8033.51,907493,489087,249706,23155.49,5132.81,28288.3,True
2023,7,DCB Bank,Private Sector,Private,DCB Bank,False,0,406,5,411,8306,0,0,0,0,0.0,0.0,0.0,696612,274346,140811,13907.37,4283.19,18190.56,True
2023,7,Dhanlaxmi Bank,Private Sector,Private,Dhanlaxmi Bank,False,0,232,42,274,1559,0,9599,247,29109,7.38,732.94,740.32,547256,476284,234323,20455.09,4296.14,24751.23,True
2023,7,Federal Bank,Private Sector,Private,Federal Bank,False,0,1579,334,1913,18616,860,677760,3815,2842865,176.43,123025.86,123202.29,13119727,8677657,6097701,426135.11,147384.31,573519.42,True
2023,7,Fincare Small Finance Bank Ltd,Private Sector,Private,Fincare Small Finance Bank Ltd,False,0,147,0,147,0,254,0,0,0,0.0,0.0,0.0,4885913,1041184,59658,52624.35,893.42,53517.77,True
2023,7,HDFC Bank,Private Sector,Private,HDFC Bank,False,0,10862,9600,20462,1599848,4530,18542304,196361,69572288,11310.24,3940319.89,3951630.13,49617036,40108580,29139388,2421401.73,928078.12,3349479.85,True
2023,7,ICICI Bank,Private Sector,Private,ICICI Bank,False,0,9418,7395,16813,1374595,10004,14988851,47924,52373972,2360.5,2585649.41,2588009.91,32367490,19622565,15502332,1327052.82,588909.57,1915962.39,True
2023,7,IDFC First Bank,Private Sector,Private,IDFC First Bank,False,0,767,318,1085,37409,11208,1770754,25937,4325860,992.08,212122.81,213114.89,6649842,3943804,1291193,197046.88,46523.8,243570.68,True
2023,7,IndusInd Bank,Private Sector,Private,IndusInd Bank,False,0,1717,1168,2885,247835,146,2431761,27768,6482027,1377.74,679391.5,680769.24,8846208,4565948,1944971,253159.74,61413.13,314572.87,True
2023,7,J&K Bank,Private Sector,Private,J&K Bank,False,0,914,624,1538,11400,942,102123,8547,281519,341.09,16486.46,16827.55,4018048,5740589,3105477,285026.15,39964.6,324990.75,True
2023,7,Karnataka Bank,Private Sector,Private,Karnataka Bank,False,0,890,584,1474,9485,0,0,0,0,0.0,0.0,0.0,5226012,4112770,1320465,186298.71,24595.25,210893.96,True
2023,7,Karur Vysya Bank,Private Sector,Private,Karur Vysya Bank,False,0,1411,824,2235,9123,0,11007,914,42757,69.72,3197.16,3266.88,4445614,4851663,1745758,231854.82,43548.48,275403.3,True
2023,7,Kotak Mahindra Bank,Private Sector,Private,Kotak Mahindra Bank,False,0,1647,1465,3112,79063,17608,5296061,46427,10085926,1883.44,552727.07,554610.51,29656410,12020836,5896896,529147.97,140876.05,670024.02,True
2023,7,Nainital Bank,Private Sector,Private,Nainital Bank,False,0,0,0,0,0,0,0,0,0,0.0,0.0,0.0,217410,89103,36724,4060.41,749.55,4809.96,True
2023,7,Number - Outstanding (As On Month End),Private Sector,Private,Number - Outstanding (As On Month End),False,0,0,0,0,0,0,0,0,0,0.0,0.0,0.0,0,0,0,0.0,0.0,0.0,False
2023,7,RBL Bank,Private Sector,Private,RBL Bank,False,0,371,38,409,922747,0,4644075,44914,10303273,1497.53,616000.53,617498.06,1694046,626865,335106,30780.47,11698.42,42478.89,True
2023,7,South Indian Bank,Private Sector,Private,South Indian Bank,False,0,885,415,1300,15315,0,272067,0,1146462,0.0,56975.79,56975.79,3721917,3041424,1764243,138259.81,40523.6,178783.41,True
2023,7,Tamilnad Mercantile Bank,Private Sector,Private,Tamilnad Mercantile Bank,False,0,488,663,1151,2109,0,33444,2178,63772,88.29,3074.82,3163.11,2237587,5271919,498452,222264.64,12067.11,234331.75,True
2023,7,Yes Bank,Private Sector,Private,Yes Bank,False,0,1151,160,1311,70885,90895,1515920,20364,3249859,919.41,182176.28,183095.69,4697157,2820725,1247460,127683.87,32223.77,159907.64,True
2023,7,Bank of Baroda,Public Sector,Public,Bank of Baroda,False,0,8440,2088,10528,25007,43852,2044759,8439,5311955,418.91,211809.94,212228.85,87634917,25647197,6948691,1203818.11,160883.44,1364701.55,True
2023,7,Bank of India,Public Sector,Public,Bank of India,False,0,5327,2901,8228,43184,16657,74798,9553,218145,580.28,8012.03,8592.31,49346167,16866377,5029932,668476.76,91831.39,760308.15,True
2023,7,Bank of Maharashtra,Public Sector,Public,Bank of Maharashtra,False,0,1957,416,2373,1878,1939,33064,898,77278,42.68,3425.41,3468.09,13696497,6077825,2116698,262434.62,36307.37,298741.99,True
2023,7,Canara Bank,Public Sector,Public,Canara Bank,False,0,8103,4020,12123,63409,13427,679662,68362,1083374,3617.58,38381.57,41999.15,52489959,32051326,9836028,1447898.66,235198.03,1683096.69,True
2023,7,Central Bank of India,Public Sector,Public,Central Bank of India,False,0,2609,740,3349,2292,9254,0,0,0,0.0,0.0,0.0,28731310,8909303,2383049,397318.61,55597.28,452915.89,True
2023,7,IDBI Bank,Public Sector,Public,IDBI Bank,False,0,2258,1070,3328,21113,125,44716,350,113281,20.99,3838.0,3858.99,11330058,5939110,2140130,289888.74,48185.84,338074.58,True
2023,7,Indian Bank,Public Sector,Public,Indian Bank,False,0,4237,582,4819,12745,10805,170536,3370,206143,220.71,7725.26,7945.97,32615297,21331326,6202201,981915.7,129956.84,1111872.54,True
2023,7,Indian Overseas Bank,Public Sector,Public,Indian Overseas Bank,False,0,2787,720,3507,0,0,82790,2476,102390,111.65,2794.95,2906.6,17215644,11838390,3832813,493809.03,78086.33,571895.36,True
2023,7,Punjab & Sind Bank,Public Sector,Public,Punjab & Sind Bank,False,0,882,25,907,967,357,0,0,0,0.0,0.0,0.0,3924182,1576741,733404,71346.96,17972.46,89319.42,True
2023,7,Punjab National Bank,Public Sector,Public,Punjab National Bank,False,0,8133,4537,12670,44332,11265,347985,4757,697212,152.42,26901.63,27054.05,42024249,26919031,8753903,1310971.99,205215.74,1516187.73,True
2023,7,State Bank of India,Public Sector,Public,State Bank of India,False,0,25788,39573,65361,1150540,52315,17550747,118875,46924684,4450.21,2596676.01,2601126.22,264868353,186025983,60041699,9249912.6,1326642.6,10576555.2,True
2023,7,UCO Bank,Public Sector,Public,UCO Bank,False,0,2190,226,2416,11372,3568,0,0,0,0.0,0.0,0.0,12511787,6840869,2066472,302007.92,44301.17,346309.09,True
2023,7,Union Bank of India,Public Sector,Public,Union Bank of India,False,0,7183,2256,9439,50240,8001,651577,15880,1389572,792.25,47854.79,48647.04,51906827,47315825,10534090,1513612.2,209640.66,1723252.86,True
2023,7,AU Small Finance Bank,Small Finance Banks,Small Finance,AU Small Finance Bank,False,0,493,2,495,0,380,645027,5033,1856423,285.56,130007.83,130293.39,2677150,988224,461960,63646.24,13859.6,77505.84,True
2023,7,Capital Small Finance Bank,Small Finance Banks,Small Finance,Capital Small Finance Bank,False,0,172,2,174,0,0,0,0,0,0.0,0.0,0.0,269198,127950,44872,6771.34,1195.04,7966.38,True
2023,7,ESAF Small Finance Bank,Small Finance Banks,Small Finance,ESAF Small Finance Bank,False,0,563,2,565,0,2255,0,0,0,0.0,0.0,0.0,5070205,907089,237511,41442.97,3634.2,45077.17,True
2023,7,Equitas Small Finance Bank,Small Finance Banks,Small Finance,Equitas Small Finance Bank,False,0,349,3,352,25092,303,0,0,0,0.0,0.0,0.0,3362040,3220496,241046,82003.65,5950.81,87954.46,True
2023,7,Jana Small Finance Bank,Small Finance Banks,Small Finance,Jana Small Finance Bank,False,0,59,2,61,0,164,0,0,0,0.0,0.0,0.0,2905705,380762,63615,19477.7,1271.27,20748.97,True
2023,7,North East Small Finance Bank,Small Finance Banks,Small Finance,North East Small Finance Bank,False,0,13,1,14,0,0,0,0,0,0.0,0.0,0.0,393696,46222,7179,1820.77,90.97,1911.74,True
2023,7,Shivalik Small Finance Bank,Small Finance Banks,Small Finance,Shivalik Small Finance Bank,False,0,28,1,29,0,0,0,0,0,0.0,0.0,0.0,82099,35175,10081,1814.27,287.25,2101.52,True
2023,7,Suryoday Small Finance Bank,Small Finance Banks,Small Finance,Suryoday Small Finance Bank,False,0,0,0,0,0,67,0,0,0,0.0,0.0,0.0,657328,241412,33184,6953.91,379.02,7332.93,True
2023,7,Ujjivan Small Finance Bank,Small Finance Banks,Small Finance,Ujjivan Small Finance Bank,False,0,524,3,527,0,0,0,0,0,0.0,0.0,0.0,9253667,3483506,363055,149623.26,6626.42,156249.68,True
2023,7,Unity Small Finance Bank,Small Finance Banks,Small Finance,Unity Small Finance Bank,False,0,231,0,231,0,0,0,0,0,0.0,0.0,0.0,0,0,0,0.0,0.0,0.0,True
2023,7,Utkarsh Small Finance Bank,Small Finance Banks,Small Finance,Utkarsh Small Finance Bank,False,0,295,7,302,0,559,0,0,0,0.0,0.0,0.0,1704618,353693,50876,14069.49,964.98,15034.47,True
2023,8,American Express,Foreign Banks,Foreign,American Express,False,0,0,0,0,53012,0,1359275,0,4667313,0.0,417529.68,417529.68,0,0,0,0.0,0.0,0.0,True
2023,8,Bank of America,Foreign Banks,Foreign,Bank of America,False,0,0,0,0,0,0,0,0,0,0.0,0.0,0.0,0,0,0,0.0,0.0,0.0,False
2023,8,Barclays Bank,Foreign Banks,Foreign,Barclays Bank,False,0,0,0,0,0,0,0,0,0,0.0,0.0,0.0,924,388,28,34.78,2.46,37.24,True
2023,8,Citi Bank,Foreign Banks,Foreign,Axis Bank,True,2023,0,0,0,0,0,170006,655,327229,48.16,33933.22,33981.38,0,0,0,0.0,0.0,0.0,True
2023,8,DBS Bank,Foreign Banks,Foreign,DBS Bank,False,0,457,491,948,528,87,381804,3933,611917,112.01,33582.92,33694.93,1917076,985400,514368,47917.07,10580.35,58497.42,True
2023,8,Deutsche Bank,Foreign Banks,Foreign,Deutsche Bank,False,0,13,18,31,0,0,0,0,0,0.0,0.0,0.0,118694,40621,59399,2331.63,1737.96,4069.59,True
2023,8,HSBC,Foreign Banks,Foreign,HSBC,False,0,46,29,75,0,0,611265,1730,1928695,105.47,79823.22,79928.69,632499,248055,298763,14206.32,9948.38,24154.7,True
2023,8,SBM Bank,Foreign Banks,Foreign,SBM Bank,False,0,0,0,0,0,61881,967399,3003,1082972,65.82,14004.2,14070.02,716788,103305,34170,2486.97,791.8,3278.77,True
2023,8,Standard Chartered Bank,Foreign Banks,Foreign,Standard Chartered Bank,False,0,102,67,169,0,0,1032911,2341,2851930,135.94,106605.78,106741.72,1112443,801560,831920,38220.06,22805.05,61025.11,True
2023,8,Woori Bank,Foreign Banks,Foreign,Woori Bank,False,0,0,0,0,0,0,0,0,0,0.0,0.0,0.0,1062,859,4580,57.77,149.13,206.9,True
2023,8,Airtel Payments Bank,Payment Banks,Payments Bank,Airtel Payments Bank,False,0,0,0,0,0,88924,0,0,0,0.0,0.0,0.0,6405709,42061,220066,1902.08,2715.59,4617.67,True
2023,8,Fino Payments Bank,Payment Banks,Payments Bank,Fino Payments Bank,False,0,0,0,0,0,389827,0,0,0,0.0,0.0,0.0,7687544,2242502,214328,70160.89,4450.15,74611.04,True
2023,8,India Post Payments Bank,Payment Banks,Payments Bank,India Post Payments Bank,False,0,0,0,0,0,165114,0,0,0,0.0,0.0,0.0,12215005,0,407902,0.0,2345.03,2345.03,True
2023,8,Jio Payments Bank,Payment Banks,Payments Bank,Jio Payments Bank,False,0,0,0,0,0,0,0,0,0,0.0,0.0,0.0,0,0,0,0.0,0.0,0.0,False
2023,8,NSDL Payments Bank,Payment Banks,Payments Bank,NSDL Payments Bank,False,0,0,0,0,190,463290,0,0,0,0.0,0.0,0.0,650471,6249,23597,254.35,181.36,435.71,True
2023,8,Paytm Payments Bank,Payment Banks,Payments Bank,Paytm Payments Bank,False,0,1,18,19,682048,0,0,0,0,0.0,0.0,0.0,32155273,1278183,1263751,52686.45,22986.29,75672.74,True
2023,8,At Pos,Private Sector,Private,At Pos,False,0,0,0,0,0,0,0,0,0,0.0,0.0,0.0,0,0,0,0.0,0.0,0.0,False
2023,8,Atms & Crms,Private Sector,Private,Atms & Crms,False,0,0,0,0,0,0,0,0,0,0.0,0.0,0.0,0,0,0,0.0,0.0,0.0,False
2023,8,Axis Bank,Private Sector,Private,Axis Bank,False,0,5881,9844,15725,1510970,747,12959431,87151,48724643,3757.51,1775189.47,1778946.98,32354482,20429901,11556797,1243523.8,366914.42,1610438.22,True
2023,8,Bandhan Bank,Private Sector,Private,Bandhan Bank,False,0,433,5,438,45327,0,0,0,0,0.0,0.0,0.0,5699377,2447652,555981,127011.9,15969.45,142981.35,True
2023,8,City Union Bank,Private Sector,Private,City Union Bank,False,0,1118,548,1666,6379,45498,15718,321,40216,18.68,2325.71,2344.39,2808852,2775812,707781,148130.0,17720.79,165850.79,True
2023,8,Csb Bank Ltd.,Private Sector,Private,Csb Bank Ltd.,False,0,492,51,543,0,0,34806,0,170001,0.0,10215.29,10215.29,911910,505970,253948,24444.98,5384.73,29829.71,True
2023,8,DCB Bank,Private Sector,Private,DCB Bank,False,0,408,5,413,8250,0,0,0,0,0.0,0.0,0.0,716002,299744,143594,14598.17,4255.84,18854.01,True
2023,8,Dhanlaxmi Bank,Private Sector,Private,Dhanlaxmi Bank,False,0,232,42,274,1571,0,9803,210,30878,6.88,831.25,838.13,554723,502068,249946,22265.4,4849.86,27115.26,True
2023,8,Federal Bank,Private Sector,Private,Federal Bank,False,0,1583,334,1917,18896,882,706027,3890,2891250,175.98,125228.06,125404.04,13157056,9028012,6298496,450293.43,161332.68,611626.11,True
2023,8,Fincare Small Finance Bank Ltd,Private Sector,Private,Fincare Small Finance Bank Ltd,False,0,157,0,157,0,254,0,0,0,0.0,0.0,0.0,5003298,965532,61392,48371.0,1055.75,49426.75,True
2023,8,HDFC Bank,Private Sector,Private,HDFC Bank,False,0,10929,9636,20565,1643643,4558,18533409,205042,73148727,11811.27,3937128.07,3948939.34,51212603,41870046,28121455,2514556.12,901682.7,3416238.82,True
2023,8,ICICI Bank,Private Sector,Private,ICICI Bank,False,0,9485,7259,16744,1406850,9998,15298217,51275,54359326,2527.92,2660677.43,2663205.35,32510075,20284252,15176126,1360847.15,558380.72,1919227.87,True
2023,8,IDFC First Bank,Private Sector,Private,IDFC First Bank,False,0,773,324,1097,38359,11143,1819030,27620,4611243,1072.93,222344.64,223417.57,6777277,4009649,1319636,197100.11,68677.66,265777.77,True
2023,8,IndusInd Bank,Private Sector,Private,IndusInd Bank,False,0,1735,1166,2901,238567,146,2484765,28329,6695336,1408.45,703002.07,704410.52,9059810,4802932,1968407,264363.87,61052.68,325416.55,True
2023,8,J&K Bank,Private Sector,Private,J&K Bank,False,0,920,625,1545,11352,942,106283,9374,295417,372.0,20999.98,21371.98,4065062,6016985,3017145,301594.62,34743.49,336338.11,True
2023,8,Karnataka Bank,Private Sector,Private,Karnataka Bank,False,0,892,585,1477,9515,0,0,0,0,0.0,0.0,0.0,5219378,4213163,1283762,189736.68,24388.82,214125.5,True
2023,8,Karur Vysya Bank,Private Sector,Private,Karur Vysya Bank,False,0,1428,826,2254,8690,0,10924,868,41706,67.62,3258.59,3326.21,4485789,4865424,1723759,232717.17,43738.98,276456.15,True
2023,8,Kotak Mahindra Bank,Private Sector,Private,Kotak Mahindra Bank,False,0,1653,1469,3122,82662,17662,5399623,47194,11032412,1950.31,577664.07,579614.38,30106574,12866541,5810525,554360.41,137946.16,692306.57,True
2023,8,Nainital Bank,Private Sector,Private,Nainital Bank,False,0,0,0,0,0,0,0,0,0,0.0,0.0,0.0,220533,95561,36272,4262.89,766.86,5029.75,True
2023,8,Number - Outstanding (As On Month End),Private Sector,Private,Number - Outstanding (As On Month End),False,0,0,0,0,0,0,0,0,0,0.0,0.0,0.0,0,0,0,0.0,0.0,0.0,False
2023,8,RBL Bank,Private Sector,Private,RBL Bank,False,0,371,37,408,928688,0,4715011,45867,10659151,1561.74,634487.6,636049.34,1711336,671157,345466,32217.33,11906.54,44123.87,True
2023,8,South Indian Bank,Private Sector,Private,South Indian Bank,False,0,888,417,1305,15620,0,296406,0,1346400,0.0,66186.27,66186.27,3752402,3173526,1837428,146955.33,43950.88,190906.21,True
2023,8,Tamilnad Mercantile Bank,Private Sector,Private,Tamilnad Mercantile Bank,False,0,489,663,1152,2067,0,33009,2314,66198,89.28,3191.62,3280.9,2250668,5113099,494060,215933.02,12454.89,228387.91,True
2023,8,Yes Bank,Private Sector,Private,Yes Bank,False,0,1158,169,1327,72229,92003,1604645,21012,3643633,956.5,188819.69,189776.19,4765005,2964077,1231471,133228.06,31938.77,165166.83,True
2023,8,Bank of Baroda,Public Sector,Public,Bank of Baroda,False,0,8433,2182,10615,26359,44256,2085610,10608,5718497,502.32,218646.03,219148.35,90550901,26858062,6891126,1244299.75,158852.72,1403152.47,True
2023,8,Bank of India,Public Sector,Public,Bank of India,False,0,5327,2901,8228,42280,16657,75040,10408,224489,623.07,8065.81,8688.88,49686011,17522676,5002346,684963.6,90654.97,775618.57,True
2023,8,Bank of Maharashtra,Public Sector,Public,Bank of Maharashtra,False,0,1965,416,2381,1881,1937,33035,987,78858,44.08,3398.47,3442.55,13824701,6305613,2108112,267880.16,36039.07,303919.23,True
2023,8,Canara Bank,Public Sector,Public,Canara Bank,False,0,8075,4033,12108,64964,13427,722114,79568,1222056,4223.37,41819.03,46042.4,53341318,34576990,9872036,1565761.2,243325.38,1809086.58,True
2023,8,Central Bank of India,Public Sector,Public,Central Bank of India,False,0,2687,912,3599,2380,9254,0,0,0,0.0,0.0,0.0,29296351,9140646,2368216,403498.06,55259.61,458757.67,True
2023,8,IDBI Bank,Public Sector,Public,IDBI Bank,False,0,2259,1068,3327,21257,124,39588,385,121741,20.76,4073.79,4094.55,11418347,6134138,2135323,298102.31,47483.73,345586.04,True
2023,8,Indian Bank,Public Sector,Public,Indian Bank,False,0,4265,585,4850,12565,10805,171001,3498,203026,227.45,7774.24,8001.69,33122868,21574349,6049631,991687.42,129728.35,1121415.77,True
2023,8,Indian Overseas Bank,Public Sector,Public,Indian Overseas Bank,False,0,2788,726,3514,0,0,83757,2614,104161,118.84,2808.44,2927.28,17485684,12008457,3792120,501513.8,79556.95,581070.75,True
2023,8,Punjab & Sind Bank,Public Sector,Public,Punjab & Sind Bank,False,0,891,26,917,701,357,0,0,0,0.0,0.0,0.0,3961978,1674982,727346,74980.99,16877.06,91858.05,True
2023,8,Punjab National Bank,Public Sector,Public,Punjab National Bank,False,0,8147,4511,12658,43330,11265,363946,5186,760467,174.06,29585.91,29759.97,41454165,28259311,8678119,1358294.24,195284.23,1553578.47,True
2023,8,State Bank of India,Public Sector,Public,State Bank of India,False,0,25809,39483,65292,1160480,52775,17779055,127743,49416418,4783.7,2741410.12,2746193.82,261415873,186535150,59689462,9195072.45,1315790.24,10510862.69,True
2023,8,UCO Bank,Public Sector,Public,UCO Bank,False,0,2216,226,2442,11225,3568,0,0,0,0.0,0.0,0.0,12516751,7069093,2044977,309249.15,43469.59,352718.74,True
2023,8,Union Bank of India,Public Sector,Public,Union Bank of India,False,0,7840,2214,10054,48455,8011,699897,19768,1466979,991.29,50264.91,51256.2,52420990,46883310,10496419,1399460.69,207129.3,1606589.99,True
2023,8,AU Small Finance Bank,Small Finance Banks,Small Finance,AU Small Finance Bank,False,0,493,2,495,0,382,675447,5620,2033288,324.19,135298.27,135622.46,2735550,1072403,488699,68576.97,16832.7,85409.67,True
2023,8,Capital Small Finance Bank,Small Finance Banks,Small Finance,Capital Small Finance Bank,False,0,172,2,174,0,0,0,0,0,0.0,0.0,0.0,271631,128868,42062,6755.47,1054.31,7809.78,True
2023,8,ESAF Small Finance Bank,Small Finance Banks,Small Finance,ESAF Small Finance Bank,False,0,573,2,575,0,2305,0,0,0,0.0,0.0,0.0,5120042,921417,241148,43014.29,3988.09,47002.38,True
2023,8,Equitas Small Finance Bank,Small Finance Banks,Small Finance,Equitas Small Finance Bank,False,0,351,3,354,25324,303,0,0,0,0.0,0.0,0.0,3265014,3368535,234727,84239.13,5834.61,90073.74,True
2023,8,Jana Small Finance Bank,Small Finance Banks,Small Finance,Jana Small Finance Bank,False,0,59,2,61,0,162,0,0,0,0.0,0.0,0.0,2944562,427283,62189,22300.87,1250.95,23551.82,True
2023,8,North East Small Finance Bank,Small Finance Banks,Small Finance,North East Small Finance Bank,False,0,13,1,14,0,0,0,0,0,0.0,0.0,0.0,393696,46959,8618,1872.25,109.6,1981.85,True
2023,8,Shivalik Small Finance Bank,Small Finance Banks,Small Finance,Shivalik Small Finance Bank,False,0,28,1,29,0,0,0,0,0,0.0,0.0,0.0,81162,37865,10401,1959.14,291.85,2250.99,True
2023,8,Suryoday Small Finance Bank,Small Finance Banks,Small Finance,Suryoday Small Finance Bank,False,0,0,0,0,0,67,0,0,0,0.0,0.0,0.0,670256,305018,29078,8651.81,351.76,9003.57,True
2023,8,Ujjivan Small Finance Bank,Small Finance Banks,Small Finance,Ujjivan Small Finance Bank,False,0,530,3,533,0,0,0,0,0,0.0,0.0,0.0,9396854,3640027,348009,157039.43,6451.51,163490.94,True
2023,8,Unity Small Finance Bank,Small Finance Banks,Small Finance,Unity Small Finance Bank,False,0,231,0,231,0,0,0,0,0,0.0,0.0,0.0,6,2,3,0.0,0.0,0.0,True
2023,8,Utkarsh Small Finance Bank,Small Finance Banks,Small Finance,Utkarsh Small Finance Bank,False,0,301,7,308,0,559,0,0,0,0.0,0.0,0.0,1726510,368959,51108,15225.39,952.07,16177.46,True
2023,9,American Express,Foreign Banks,Foreign,American Express,False,0,0,0,0,52703,0,1363023,0,4382018,0.0,382063.29,382063.29,0,0,0,0.0,0.0,0.0,True
2023,9,Bank of America,Foreign Banks,Foreign,Bank of America,False,0,0,0,0,0,0,0,0,0,0.0,0.0,0.0,0,0,0,0.0,0.0,0.0,False
2023,9,Barclays Bank,Foreign Banks,Foreign,Barclays Bank,False,0,0,0,0,0,0,0,0,0,0.0,0.0,0.0,841,398,46,35.25,2.17,37.42,True
2023,9,Citi Bank,Foreign Banks,Foreign,Axis Bank,True,2023,0,0,0,0,0,170993,714,327171,52.93,33763.09,33816.02,0,0,0,0.0,0.0,0.0,True
2023,9,DBS Bank,Foreign Banks,Foreign,DBS Bank,False,0,458,489,947,541,81,414566,3914,631083,120.93,34864.48,34985.41,1945102,911508,458235,44657.64,9470.1,54127.74,True
2023,9,Deutsche Bank,Foreign Banks,Foreign,Deutsche Bank,False,0,13,18,31,0,0,0,0,0,0.0,0.0,0.0,118020,37149,53735,2139.01,1662.66,3801.67,True
2023,9,HSBC,Foreign Banks,Foreign,HSBC,False,0,46,29,75,0,0,623751,1579,1787604,115.35,75841.91,75957.26,646750,222277,253476,12660.34,8926.41,21586.75,True
2023,9,SBM Bank,Foreign Banks,Foreign,SBM Bank,False,0,0,0,0,0,4305,983171,2626,1016342,60.12,14186.2,14246.32,728098,134045,28939,2507.34,730.62,3237.96,True
2023,9,Standard Chartered Bank,Foreign Banks,Foreign,Standard Chartered Bank,False,0,102,64,166,0,0,1019544,2275,2640845,138.41,101459.99,101598.4,1116228,767260,762310,37471.04,21243.34,58714.38,True
2023,9,Woori Bank,Foreign Banks,Foreign,Woori Bank,False,0,0,0,0,0,0,0,0,0,0.0,0.0,0.0,1078,790,4411,57.56,148.55,206.11,True
2023,9,Airtel Payments Bank,Payment Banks,Payments Bank,Airtel Payments Bank,False,0,0,0,0,0,93533,0,0,0,0.0,0.0,0.0,6793380,47695,207979,2178.53,2527.17,4705.7,True
2023,9,Fino Payments Bank,Payment Banks,Payments Bank,Fino Payments Bank,False,0,0,0,0,0,393394,0,0,0,0.0,0.0,0.0,7907878,2112631,196545,67009.51,4246.15,71255.66,True
2023,9,India Post Payments Bank,Payment Banks,Payments Bank,India Post Payments Bank,False,0,0,0,0,0,175185,0,0,0,0.0,0.0,0.0,12668916,0,377745,0.0,1156.27,1156.27,True
2023,9,Jio Payments Bank,Payment Banks,Payments Bank,Jio Payments Bank,False,0,0,0,0,0,0,0,0,0,0.0,0.0,0.0,0,0,0,0.0,0.0,0.0,False
2023,9,NSDL Payments Bank,Payment Banks,Payments Bank,NSDL Payments Bank,False,0,0,0,0,190,469759,0,0,0,0.0,0.0,0.0,667538,6014,25361,246.72,192.63,439.35,True
2023,9,Paytm Payments Bank,Payment Banks,Payments Bank,Paytm Payments Bank,False,0,1,11,12,704551,0,0,0,0,0.0,0.0,0.0,32186420,1165338,1147155,49193.15,21929.77,71122.92,True
2023,9,At Pos,Private Sector,Private,At Pos,False,0,0,0,0,0,0,0,0,0,0.0,0.0,0.0,0,0,0,0.0,0.0,0.0,False
2023,9,Atms & Crms,Private Sector,Private,Atms & Crms,False,0,0,0,0,0,0,0,0,0,0.0,0.0,0.0,0,0,0,0.0,0.0,0.0,False
2023,9,Axis Bank,Private Sector,Private,Axis Bank,False,0,5940,9841,15781,1544021,736,13145726,82018,44906416,3558.63,1626255.23,1629813.86,31631497,19172823,10168820,1187577.39,326810.62,1514388.01,True
2023,9,Bandhan Bank,Private Sector,Private,Bandhan Bank,False,0,433,5,438,46292,0,0,0,0,0.0,0.0,0.0,5627530,2361170,510573,125612.75,15006.24,140618.99,True
2023,9,City Union Bank,Private Sector,Private,City Union Bank,False,0,1116,546,1662,6308,50320,18052,331,51171,18.22,3070.56,3088.78,2814661,2668264,625786,142813.81,15256.04,158069.85,True
2023,9,Csb Bank Ltd.,Private Sector,Private,Csb Bank Ltd.,False,0,494,51,545,0,0,38831,0,169095,0.0,11247.47,11247.47,902043,461757,219265,22356.07,4558.15,26914.22,True
2023,9,DCB Bank,Private Sector,Private,DCB Bank,False,0,409,5,414,8200,0,0,0,0,0.0,0.0,0.0,732137,299507,133475,13916.77,3942.57,17859.34,True
2023,9,Dhanlaxmi Bank,Private Sector,Private,Dhanlaxmi Bank,False,0,232,42,274,1602,0,10070,206,27794,6.88,716.36,723.24,553506,446747,205941,19588.41,3813.34,23401.75,True
2023,9,Federal Bank,Private Sector,Private,Federal Bank,False,0,1601,334,1935,18836,891,737984,3681,2721487,167.14,122373.82,122540.96,13233925,8272204,5417718,410333.3,135224.22,545557.52,True
2023,9,Fincare Small Finance Bank Ltd,Private Sector,Private,Fincare Small Finance Bank Ltd,False,0,162,0,162,0,254,0,0,0,0.0,0.0,0.0,5003298,965532,61392,48371.0,1055.75,49426.75,True
2023,9,HDFC Bank,Private Sector,Private,HDFC Bank,False,0,11058,9538,20596,1545322,4550,18831933,193009,69658411,11418.97,3866186.21,3877605.18,51919168,39681940,25365762,2416661.87,820935.42,3237597.29,True
2023,9,ICICI Bank,Private Sector,Private,ICICI Bank,False,0,9500,7201,16701,1436353,10042,15647301,47517,51799020,2390.54,2530554.21,2532944.75,32606520,18893578,13364144,1289405.28,492075.24,1781480.52,True
2023,9,IDFC First Bank,Private Sector,Private,IDFC First Bank,False,0,783,328,1111,39157,11126,1919838,26128,4492550,1041.25,220098.08,221139.33,6780903,3945222,1186896,194319.96,56977.33,251297.29,True
2023,9,IndusInd Bank,Private Sector,Private,IndusInd Bank,False,0,1749,1154,2903,242627,146,2533531,25975,6211248,1322.4,779712.67,781035.07,9182378,4642123,1756527,266745.12,56916.46,323661.58,True
2023,9,J&K Bank,Private Sector,Private,J&K Bank,False,0,923,628,1551,11356,942,108040,9102,287265,369.08,17111.47,17480.55,4108092,5737810,3034824,295382.21,33655.21,329037.42,True
2023,9,Karnataka Bank,Private Sector,Private,Karnataka Bank,False,0,893,587,1480,9572,0,0,0,0,0.0,0.0,0.0,5145560,3987228,1124079,182004.74,21293.64,203298.38,True
2023,9,Karur Vysya Bank,Private Sector,Private,Karur Vysya Bank,False,0,1429,815,2244,8623,0,10777,853,38251,63.61,3025.66,3089.27,4527368,4190774,1486482,201610.07,37267.52,238877.59,True
2023,9,Kotak Mahindra Bank,Private Sector,Private,Kotak Mahindra Bank,False,0,1678,1492,3170,82017,17705,5527538,44156,10501410,1879.58,549258.38,551137.96,30641864,12418511,5230109,535433.01,125826.33,661259.34,True
2023,9,Nainital Bank,Private Sector,Private,Nainital Bank,False,0,0,0,0,0,0,0,0,0,0.0,0.0,0.0,224256,84485,32676,3832.01,659.08,4491.09,True
2023,9,Number - Outstanding (As On Month End),Private Sector,Private,Number - Outstanding (As On Month End),False,0,0,0,0,0,0,0,0,0,0.0,0.0,0.0,0,0,0,0.0,0.0,0.0,False
2023,9,RBL Bank,Private Sector,Private,RBL Bank,False,0,371,37,408,931294,0,4806304,43421,9956387,1497.85,616365.2,617863.05,1732377,639828,319095,30975.43,11790.54,42765.97,True
2023,9,South Indian Bank,Private Sector,Private,South Indian Bank,False,0,890,420,1310,15742,0,325323,0,1300620,0.0,65789.13,65789.13,3785157,2909422,1583619,133140.15,37191.35,170331.5,True
2023,9,Tamilnad Mercantile Bank,Private Sector,Private,Tamilnad Mercantile Bank,False,0,490,663,1153,2012,0,32856,1999,61420,81.59,3072.26,3153.85,2268985,5053547,446254,212729.36,10936.86,223666.22,True
2023,9,Yes Bank,Private Sector,Private,Yes Bank,False,0,1159,171,1330,73801,75940,1657850,19437,3614774,884.09,184522.34,185406.43,4844567,2759407,1094817,126069.91,29269.59,155339.5,True
2023,9,Bank of Baroda,Public Sector,Public,Bank of Baroda,False,0,8375,2192,10567,28421,45302,2166360,16930,4497055,781.48,205496.67,206278.15,91480844,24812918,5963934,1164947.15,140145.66,1305092.81,True
2023,9,Bank of India,Public Sector,Public,Bank of India,False,0,5327,2901,8228,42656,17434,70929,9018,205196,538.69,7720.26,8258.95,49643403,16368316,4387869,649773.6,80966.3,730739.9,True
2023,9,Bank of Maharashtra,Public Sector,Public,Bank of Maharashtra,False,0,1979,412,2391,1784,1933,33130,893,71183,41.14,3216.13,3257.27,13897125,5891546,1879892,253442.37,31617.22,285059.59,True
2023,9,Canara Bank,Public Sector,Public,Canara Bank,False,0,8079,4038,12117,66225,13427,805175,85550,1217278,4640.85,43632.15,48273.0,54222425,33037721,8796839,1518896.34,214724.78,1733621.12,True
2023,9,Central Bank of India,Public Sector,Public,Central Bank of India,False,0,2857,949,3806,2484,9254,0,0,0,0.0,0.0,0.0,29438355,8769221,2162023,392989.44,50666.61,443656.05,True
2023,9,IDBI Bank,Public Sector,Public,IDBI Bank,False,0,2261,1060,3321,21616,124,33451,344,116465,19.99,4108.08,4128.07,11498389,5708392,1876982,279998.7,42165.72,322164.42,True
2023,9,Indian Bank,Public Sector,Public,Indian Bank,False,0,4274,592,4866,13401,10825,177001,3447,190566,228.57,7752.26,7980.83,33151076,21200385,5675778,969325.12,116826.16,1086151.28,True
2023,9,Indian Overseas Bank,Public Sector,Public,Indian Overseas Bank,False,0,2785,729,3514,0,0,85030,2587,95976,119.85,2669.9,2789.75,17847007,11685874,3381083,487279.44,69405.36,556684.8,True
2023,9,Punjab & Sind Bank,Public Sector,Public,Punjab & Sind Bank,False,0,894,26,920,616,193,0,0,0,0.0,0.0,0.0,4003642,1574869,664395,71705.02,15790.37,87495.39,True
2023,9,Punjab National Bank,Public Sector,Public,Punjab National Bank,False,0,8155,4490,12645,42138,11265,411313,4931,762105,161.78,29413.04,29574.82,40614670,26539256,7813079,1296067.81,179742.18,1475809.99,True
2023,9,State Bank of India,Public Sector,Public,State Bank of India,False,0,25736,39424,65160,1223092,53277,17873839,125865,46668770,4871.86,2496669.06,2501540.92,257923281,173919526,51510292,8722549.87,1143730.27,9866280.14,True
2023,9,UCO Bank,Public Sector,Public,UCO Bank,False,0,2242,229,2471,11202,3568,0,0,0,0.0,0.0,0.0,12661869,6782744,1915493,301552.11,41251.42,342803.53,True
2023,9,Union Bank of India,Public Sector,Public,Union Bank of India,False,0,7861,2216,10077,42840,8016,727780,21602,1586520,1094.35,54545.5,55639.85,53029563,43168955,9435418,1326420.59,187195.54,1513616.13,True
2023,9,AU Small Finance Bank,Small Finance Banks,Small Finance,AU Small Finance Bank,False,0,493,2,495,0,385,706404,5194,1948250,300.63,135162.31,135462.94,2784983,983678,457727,63911.97,18333.86,82245.83,True
2023,9,Capital Small Finance Bank,Small Finance Banks,Small Finance,Capital Small Finance Bank,False,0,173,2,175,0,0,0,0,0,0.0,0.0,0.0,274388,122410,38251,6420.4,1043.57,7463.97,True
2023,9,ESAF Small Finance Bank,Small Finance Banks,Small Finance,ESAF Small Finance Bank,False,0,577,2,579,0,2332,0,0,0,0.0,0.0,0.0,5201591,968663,214158,48056.05,3478.24,51534.29,True
2023,9,Equitas Small Finance Bank,Small Finance Banks,Small Finance,Equitas Small Finance Bank,False,0,353,3,356,25588,303,0,0,0,0.0,0.0,0.0,2135949,2963316,216400,77237.1,5182.79,82419.89,True
2023,9,Jana Small Finance Bank,Small Finance Banks,Small Finance,Jana Small Finance Bank,False,0,59,2,61,0,162,0,0,0,0.0,0.0,0.0,2982952,422972,59379,22227.15,1197.97,23425.12,True
2023,9,North East Small Finance Bank,Small Finance Banks,Small Finance,North East Small Finance Bank,False,0,13,1,14,0,0,0,0,0,0.0,0.0,0.0,394954,42932,5865,1823.47,76.22,1899.69,True
2023,9,Shivalik Small Finance Bank,Small Finance Banks,Small Finance,Shivalik Small Finance Bank,False,0,29,1,30,0,0,0,0,0,0.0,0.0,0.0,82450,35688,9353,1886.33,280.18,2166.51,True
2023,9,Suryoday Small Finance Bank,Small Finance Banks,Small Finance,Suryoday Small Finance Bank,False,0,0,0,0,0,67,0,0,0,0.0,0.0,0.0,682876,249788,27188,9091.77,323.16,9414.93,True
2023,9,Ujjivan Small Finance Bank,Small Finance Banks,Small Finance,Ujjivan Small Finance Bank,False,0,541,4,545,0,0,0,0,0,0.0,0.0,0.0,9542636,3475976,328911,149894.83,6111.03,156005.86,True
2023,9,Unity Small Finance Bank,Small Finance Banks,Small Finance,Unity Small Finance Bank,False,0,231,0,231,0,0,0,0,0,0.0,0.0,0.0,6,5,7,0.01,0.0,0.01,True
2023,9,Utkarsh Small Finance Bank,Small Finance Banks,Small Finance,Utkarsh Small Finance Bank,False,0,306,7,313,0,564,68,1,147,0.05,10.32,10.37,1745726,347381,47407,14661.19,948.34,15609.53,True
2023,10,American Express,Foreign Banks,Foreign,American Express,False,0,0,0,0,52717,0,1365100,0,4894256,0.0,434648.18,434648.18,0,0,0,0.0,0.0,0.0,True
2023,10,Bank of America,Foreign Banks,Foreign,Bank of America,False,0,0,0,0,0,0,0,0,0,0.0,0.0,0.0,0,0,0,0.0,0.0,0.0,False
2023,10,Barclays Bank,Foreign Banks,Foreign,Barclays Bank,False,0,0,0,0,0,0,0,0,0,0.0,0.0,0.0,845,434,56,39.61,4.17,43.78,True
2023,10,Citi Bank,Foreign Banks,Foreign,Axis Bank,True,2023,0,0,0,0,0,171138,682,323490,50.02,31495.92,31545.94,0,0,0,0.0,0.0,0.0,True
2023,10,DBS Bank,Foreign Banks,Foreign,DBS Bank,False,0,456,489,945,542,86,445565,4114,698617,127.04,40904.86,41031.9,2024550,942847,440707,46036.62,10007.99,56044.61,True
2023,10,Deutsche Bank,Foreign Banks,Foreign,Deutsche Bank,False,0,13,18,31,0,0,0,0,0,0.0,0.0,0.0,118751,38917,56143,2269.02,1809.53,4078.55,True
2023,10,HSBC,Foreign Banks,Foreign,HSBC,False,0,46,29,75,0,0,634991,1724,1906875,113.94,82782.88,82896.82,665887,237996,268316,13693.43,10172.6,23866.03,True
2023,10,SBM Bank,Foreign Banks,Foreign,SBM Bank,False,0,0,0,0,0,2050,972776,2428,1058655,57.74,14348.77,14406.51,734483,180800,28499,3139.29,831.16,3970.45,True
2023,10,Standard Chartered Bank,Foreign Banks,Foreign,Standard Chartered Bank,False,0,101,64,165,0,0,1019544,2275,2640845,138.41,101459.99,101598.4,1116228,767260,762310,37471.04,21243.34,58714.38,True
2023,10,Woori Bank,Foreign Banks,Foreign,Woori Bank,False,0,0,0,0,0,0,0,0,0,0.0,0.0,0.0,1089,779,4417,53.03,153.56,206.59,True
2023,10,Airtel Payments Bank,Payment Banks,Payments Bank,Airtel Payments Bank,False,0,0,0,0,0,97607,0,0,0,0.0,0.0,0.0,6957593,57853,206121,2671.98,2815.5,5487.48,True
2023,10,Fino Payments Bank,Payment Banks,Payments Bank,Fino Payments Bank,False,0,0,0,0,0,396812,0,0,0,0.0,0.0,0.0,8104301,2226229,201471,72427.38,4453.56,76880.94,True
2023,10,India Post Payments Bank,Payment Banks,Payments Bank,India Post Payments Bank,False,0,0,0,0,0,210628,0,0,0,0.0,0.0,0.0,13094570,0,345386,0.0,1101.44,1101.44,True
2023,10,Jio Payments Bank,Payment Banks,Payments Bank,Jio Payments Bank,False,0,0,0,0,0,0,0,0,0,0.0,0.0,0.0,0,0,0,0.0,0.0,0.0,False
2023,10,NSDL Payments Bank,Payment Banks,Payments Bank,NSDL Payments Bank,False,0,0,0,0,190,453536,0,0,0,0.0,0.0,0.0,689487,7361,29900,308.42,237.76,546.18,True
2023,10,Paytm Payments Bank,Payment Banks,Payments Bank,Paytm Payments Bank,False,0,1,10,11,729338,0,0,0,0,0.0,0.0,0.0,32218748,1225875,1100843,52551.2,23279.66,75830.86,True
2023,10,At Pos,Private Sector,Private,At Pos,False,0,0,0,0,0,0,0,0,0,0.0,0.0,0.0,0,0,0,0.0,0.0,0.0,False
2023,10,Atms & Crms,Private Sector,Private,Atms & Crms,False,0,0,0,0,0,0,0,0,0,0.0,0.0,0.0,0,0,0,0.0,0.0,0.0,False
2023,10,Axis Bank,Private Sector,Private,Axis Bank,False,0,6021,9839,15860,1556531,728,13293075,87790,54448546,3831.81,2172893.16,2176724.97,33329123,20526891,10326892,1277293.46,351486.57,1628780.03,True
2023,10,Bandhan Bank,Private Sector,Private,Bandhan Bank,False,0,433,5,438,47147,0,0,0,0,0.0,0.0,0.0,5744198,2317173,468832,125571.45,14545.15,140116.6,True
2023,10,City Union Bank,Private Sector,Private,City Union Bank,False,0,1115,541,1656,6315,52050,19382,325,60351,17.05,3556.5,3573.55,2831023,2779026,631819,144125.38,15765.05,159890.43,True
2023,10,Csb Bank Ltd.,Private Sector,Private,Csb Bank Ltd.,False,0,497,50,547,0,0,43632,0,185984,0.0,12661.8,12661.8,912006,477058,224405,22752.2,4637.89,27390.09,True
2023,10,DCB Bank,Private Sector,Private,DCB Bank,False,0,410,5,415,8164,0,0,0,0,0.0,0.0,0.0,749651,339854,135326,15126.21,4183.04,19309.25,True
2023,10,Dhanlaxmi Bank,Private Sector,Private,Dhanlaxmi Bank,False,0,233,42,275,1568,0,10202,249,30103,7.52,767.34,774.86,555631,468013,208075,20206.07,4008.47,24214.54,True
2023,10,Federal Bank,Private Sector,Private,Federal Bank,False,0,1613,281,1894,19386,929,764377,3918,3054869,177.41,142846.67,143024.08,13263813,8587336,5349660,419628.79,134344.52,553973.31,True
2023,10,Fincare Small Finance Bank Ltd,Private Sector,Private,Fincare Small Finance Bank Ltd,False,0,167,0,167,0,436,0,0,0,0.0,0.0,0.0,5165295,938513,53332,47318.14,845.08,48163.22,True
2023,10,HDFC Bank,Private Sector,Private,HDFC Bank,False,0,11166,9505,20671,1484063,4569,19188698,206567,79624217,12264.41,4517332.17,4529596.58,52448484,41918364,25753911,2557439.75,875629.08,3433068.83,True
2023,10,ICICI Bank,Private Sector,Private,ICICI Bank,False,0,9753,7177,16930,1489489,9835,16006724,62729,62857342,2955.6,3415806.02,3418761.62,32816106,19904148,14420025,1331801.15,572589.95,1904391.1,True
2023,10,IDFC First Bank,Private Sector,Private,IDFC First Bank,False,0,803,304,1107,40072,11194,1981856,28559,5119795,1179.52,246761.55,247941.07,6641387,4226567,1211475,207856.58,65065.72,272922.3,True
2023,10,IndusInd Bank,Private Sector,Private,IndusInd Bank,False,0,1764,1153,2917,226405,146,2602914,27442,6622201,1386.79,792704.96,794091.75,9172877,4889780,1762419,304785.39,64999.57,369784.96,True
2023,10,J&K Bank,Private Sector,Private,J&K Bank,False,0,930,628,1558,11777,942,109695,9089,300902,373.7,18338.39,18712.09,4130699,5746076,3108712,312625.3,37419.78,350045.08,True
2023,10,Karnataka Bank,Private Sector,Private,Karnataka Bank,False,0,899,587,1486,9674,0,0,0,0,0.0,0.0,0.0,5111068,4083499,1138478,186852.68,22692.56,209545.24,True
2023,10,Karur Vysya Bank,Private Sector,Private,Karur Vysya Bank,False,0,1436,813,2249,8804,0,10863,798,42130,59.06,3267.4,3326.46,4564002,4711233,1590113,226051.66,41100.22,267151.88,True
2023,10,Kotak Mahindra Bank,Private Sector,Private,Kotak Mahindra Bank,False,0,1695,1497,3192,85285,17741,5674306,45546,12402766,1942.47,715121.35,717063.82,31219431,13568103,5578070,581570.54,156714.82,738285.36,True
2023,10,Nainital Bank,Private Sector,Private,Nainital Bank,False,0,0,0,0,0,0,0,0,0,0.0,0.0,0.0,228266,89968,31011,4189.2,706.56,4895.76,True
2023,10,Number - Outstanding (As On Month End),Private Sector,Private,Number - Outstanding (As On Month End),False,0,0,0,0,0,0,0,0,0,0.0,0.0,0.0,0,0,0,0.0,0.0,0.0,False
2023,10,RBL Bank,Private Sector,Private,RBL Bank,False,0,371,37,408,936253,0,4878164,45095,10921464,1594.03,708112.19,709706.22,1762304,690404,334954,33428.14,12718.3,46146.44,True
2023,10,South Indian Bank,Private Sector,Private,South Indian Bank,False,0,892,420,1312,15917,0,343731,0,1510898,0.0,78471.07,78471.07,3854521,3054360,1552448,141404.82,37255.18,178660.0,True
2023,10,Tamilnad Mercantile Bank,Private Sector,Private,Tamilnad Mercantile Bank,False,0,490,663,1153,1984,0,32715,2178,66148,83.76,3184.11,3267.87,2282921,5120203,462959,214324.62,11514.58,225839.2,True
2023,10,Yes Bank,Private Sector,Private,Yes Bank,False,0,1126,171,1297,73325,91616,1686003,20146,4248006,932.57,207937.52,208870.09,4908619,2986291,1123529,137261.91,31355.12,168617.03,True
2023,10,Bank of Baroda,Public Sector,Public,Bank of Baroda,False,0,8445,2414,10859,31612,45030,2208155,17704,4937002,816.89,233682.93,234499.82,92478697,26070785,5973291,1232248.71,148759.83,1381008.54,True
2023,10,Bank of India,Public Sector,Public,Bank of India,False,0,5327,2901,8228,42846,17731,71490,10012,222700,606.58,8552.92,9159.5,49755371,17477557,4515288,699631.31,88180.15,787811.46,True
2023,10,Bank of Maharashtra,Public Sector,Public,Bank of Maharashtra,False,0,1887,366,2253,1781,1852,33207,1017,79832,49.44,3698.03,3747.47,13413549,6214461,1919096,265564.46,33827.37,299391.83,True
2023,10,Canara Bank,Public Sector,Public,Canara Bank,False,0,8114,4043,12157,67219,13427,820672,94424,1401092,5063.97,51765.41,56829.38,55329040,34586705,9137918,1591843.77,231466.94,1823310.71,True
2023,10,Central Bank of India,Public Sector,Public,Central Bank of India,False,0,2857,964,3821,2541,9254,0,0,0,0.0,0.0,0.0,29275304,9386218,2212249,428707.21,55490.54,484197.75,True
2023,10,IDBI Bank,Public Sector,Public,IDBI Bank,False,0,2268,1049,3317,21563,122,33876,429,128857,23.91,4614.56,4638.47,11556223,6047575,1956465,298981.16,46377.12,345358.28,True
2023,10,Indian Bank,Public Sector,Public,Indian Bank,False,0,4282,595,4877,22679,10835,181869,4061,209649,270.31,9176.73,9447.04,33037570,22069948,5335259,1014922.09,116368.7,1131290.79,True
2023,10,Indian Overseas Bank,Public Sector,Public,Indian Overseas Bank,False,0,2787,728,3515,0,0,84075,2776,104275,131.61,3026.02,3157.63,18052283,12187005,3512409,507310.84,75121.51,582432.35,True
2023,10,Punjab & Sind Bank,Public Sector,Public,Punjab & Sind Bank,False,0,899,26,925,531,180,0,0,0,0.0,0.0,0.0,4030168,1547391,607151,71919.1,15811.04,87730.14,True
2023,10,Punjab National Bank,Public Sector,Public,Punjab National Bank,False,0,8152,4482,12634,41016,11265,435619,5130,796904,163.32,33341.07,33504.39,40790698,28574989,7934299,1412479.01,196050.13,1608529.14,True
2023,10,State Bank of India,Public Sector,Public,State Bank of India,False,0,25629,39389,65018,1234687,54235,18067139,137252,55134956,5309.42,3540601.49,3545910.91,252794722,186706471,55551190,9369410.0,1365230.56,10734640.56,True
2023,10,UCO Bank,Public Sector,Public,UCO Bank,False,0,2250,233,2483,11137,3568,0,0,0,0.0,0.0,0.0,12739420,7255537,1918297,329763.52,44844.59,374608.11,True
2023,10,Union Bank of India,Public Sector,Public,Union Bank of India,False,0,7847,2230,10077,39902,8016,772992,23521,1790541,1194.32,59025.12,60219.44,53347475,46519791,9327420,1432688.63,194916.55,1627605.18,True
2023,10,AU Small Finance Bank,Small Finance Banks,Small Finance,AU Small Finance Bank,False,0,493,2,495,0,385,746173,5946,2222248,341.12,163980.33,164321.45,2796363,1061313,487943,69691.15,18939.45,88630.6,True
2023,10,Capital Small Finance Bank,Small Finance Banks,Small Finance,Capital Small Finance Bank,False,0,174,2,176,0,0,0,0,0,0.0,0.0,0.0,274381,126368,40019,6887.38,1283.58,8170.96,True
2023,10,ESAF Small Finance Bank,Small Finance Banks,Small Finance,ESAF Small Finance Bank,False,0,583,2,585,0,2385,0,0,0,0.0,0.0,0.0,5314633,1051578,219919,52399.42,3600.24,55999.66,True
2023,10,Equitas Small Finance Bank,Small Finance Banks,Small Finance,Equitas Small Finance Bank,False,0,354,3,357,25625,302,0,0,0,0.0,0.0,0.0,2147127,3504655,219817,95180.09,5416.47,100596.56,True
2023,10,Jana Small Finance Bank,Small Finance Banks,Small Finance,Jana Small Finance Bank,False,0,59,2,61,0,162,0,0,0,0.0,0.0,0.0,3015122,371502,60014,18650.5,1194.61,19845.11,True
2023,10,North East Small Finance Bank,Small Finance Banks,Small Finance,North East Small Finance Bank,False,0,13,1,14,0,0,0,0,0,0.0,0.0,0.0,396434,46573,6066,1965.81,87.33,2053.14,True
2023,10,Shivalik Small Finance Bank,Small Finance Banks,Small Finance,Shivalik Small Finance Bank,False,0,27,0,27,0,0,0,0,0,0.0,0.0,0.0,82588,37107,9619,1956.2,299.78,2255.98,True
2023,10,Suryoday Small Finance Bank,Small Finance Banks,Small Finance,Suryoday Small Finance Bank,False,0,0,0,0,0,67,0,0,0,0.0,0.0,0.0,696552,310297,29407,9612.87,368.41,9981.28,True
2023,10,Ujjivan Small Finance Bank,Small Finance Banks,Small Finance,Ujjivan Small Finance Bank,False,0,553,4,557,0,0,0,0,0,0.0,0.0,0.0,9665815,3702376,338475,158839.34,6599.12,165438.46,True
2023,10,Unity Small Finance Bank,Small Finance Banks,Small Finance,Unity Small Finance Bank,False,0,231,0,231,0,0,0,0,0,0.0,0.0,0.0,6,21,4,0.58,0.0,0.58,True
2023,10,Utkarsh Small Finance Bank,Small Finance Banks,Small Finance,Utkarsh Small Finance Bank,False,0,307,7,314,0,566,99,0,159,0.0,8.33,8.33,1763248,373025,50130,16004.94,1046.61,17051.55,True
2023,11,American Express,Foreign Banks,Foreign,American Express,False,0,0,0,0,52437,0,1356020,0,4595343,0.0,411908.87,411908.87,0,0,0,0.0,0.0,0.0,True
2023,11,Bank of America,Foreign Banks,Foreign,Bank of America,False,0,0,0,0,0,0,0,0,0,0.0,0.0,0.0,0,0,0,0.0,0.0,0.0,False
2023,11,Barclays Bank,Foreign Banks,Foreign,Barclays Bank,False,0,0,0,0,0,0,0,0,0,0.0,0.0,0.0,840,401,47,36.23,3.64,39.87,True
2023,11,Citi Bank,Foreign Banks,Foreign,Axis Bank,True,2023,0,0,0,0,0,178479,593,293349,43.13,29603.85,29646.98,0,0,0,0.0,0.0,0.0,True
2023,11,DBS Bank,Foreign Banks,Foreign,DBS Bank,False,0,424,484,908,549,104,463595,3349,642261,102.45,38010.76,38113.21,2021315,895208,403213,44949.96,9639.48,54589.44,True
2023,11,Deutsche Bank,Foreign Banks,Foreign,Deutsche Bank,False,0,13,4,17,0,0,0,0,0,0.0,0.0,0.0,119383,38447,50891,2298.67,1776.66,4075.33,True
2023,11,HSBC,Foreign Banks,Foreign,HSBC,False,0,46,28,74,0,0,629851,1708,1842874,126.07,84041.2,84167.27,670484,242471,255879,14267.37,10479.9,24747.27,True
2023,11,SBM Bank,Foreign Banks,Foreign,SBM Bank,False,0,0,0,0,0,2163,946146,1787,884232,51.45,12925.67,12977.12,740025,163979,24621,2968.36,774.58,3742.94,True
2023,11,Standard Chartered Bank,Foreign Banks,Foreign,Standard Chartered Bank,False,0,102,64,166,0,0,1027563,2363,2694526,147.26,108833.22,108980.48,1108599,771354,703871,39148.59,22245.66,61394.25,True
2023,11,Woori Bank,Foreign Banks,Foreign,Woori Bank,False,0,0,0,0,0,0,0,0,0,0.0,0.0,0.0,1103,864,4092,63.03,147.56,210.59,True
2023,11,Airtel Payments Bank,Payment Banks,Payments Bank,Airtel Payments Bank,False,0,0,0,0,0,103803,0,0,0,0.0,0.0,0.0,7342325,56723,194403,2666.59,2655.35,5321.94,True
2023,11,Fino Payments Bank,Payment Banks,Payments Bank,Fino Payments Bank,False,0,0,0,0,0,399550,0,0,0,0.0,0.0,0.0,8289039,2196063,173902,72005.08,3440.86,75445.94,True
2023,11,India Post Payments Bank,Payment Banks,Payments Bank,India Post Payments Bank,False,0,0,0,0,0,236945,0,0,0,0.0,0.0,0.0,13587491,0,339820,0.0,1066.03,1066.03,True
2023,11,Jio Payments Bank,Payment Banks,Payments Bank,Jio Payments Bank,False,0,0,0,0,0,0,0,0,0,0.0,0.0,0.0,0,0,0,0.0,0.0,0.0,False
2023,11,NSDL Payments Bank,Payment Banks,Payments Bank,NSDL Payments Bank,False,0,0,0,0,190,477224,0,0,0,0.0,0.0,0.0,783865,8551,29572,393.43,226.64,620.07,True
2023,11,Paytm Payments Bank,Payment Banks,Payments Bank,Paytm Payments Bank,False,0,1,10,11,688151,0,0,0,0,0.0,0.0,0.0,32249647,1163249,994661,51972.49,18585.1,70557.59,True
2023,11,At Pos,Private Sector,Private,At Pos,False,0,0,0,0,0,0,0,0,0,0.0,0.0,0.0,0,0,0,0.0,0.0,0.0,False
2023,11,Atms & Crms,Private Sector,Private,Atms & Crms,False,0,0,0,0,0,0,0,0,0,0.0,0.0,0.0,0,0,0,0.0,0.0,0.0,False
2023,11,Axis Bank,Private Sector,Private,Axis Bank,False,0,6065,9817,15882,1592257,728,13437470,83079,48308161,3774.3,1858284.21,1862058.51,33727730,20140478,9727652,1283238.84,350058.7,1633297.54,True
2023,11,Bandhan Bank,Private Sector,Private,Bandhan Bank,False,0,433,5,438,48193,0,0,0,0,0.0,0.0,0.0,5802074,2279917,435334,123419.45,14422.0,137841.45,True
2023,11,City Union Bank,Private Sector,Private,City Union Bank,False,0,1114,540,1654,6289,54525,25519,535,71255,23.28,4187.6,4210.88,2820581,2574375,583157,139717.53,14691.94,154409.47,True
2023,11,Csb Bank Ltd.,Private Sector,Private,Csb Bank Ltd.,False,0,498,51,549,0,0,48585,0,182612,0.0,13092.37,13092.37,895355,467273,208640,22382.41,4302.56,26684.97,True
2023,11,DCB Bank,Private Sector,Private,DCB Bank,False,0,411,5,416,8149,0,0,0,0,0.0,0.0,0.0,767294,345666,129028,14629.2,4083.37,18712.57,True
2023,11,Dhanlaxmi Bank,Private Sector,Private,Dhanlaxmi Bank,False,0,235,41,276,1569,0,10621,225,28146,7.66,761.15,768.81,549536,468219,193279,20149.61,3580.9,23730.51,True
2023,11,Federal Bank,Private Sector,Private,Federal Bank,False,0,1626,303,1929,19161,934,791267,3886,2851791,182.38,132620.65,132803.03,13337114,8465715,5009343,416861.0,127550.07,544411.07,True
2023,11,Fincare Small Finance Bank Ltd,Private Sector,Private,Fincare Small Finance Bank Ltd,False,0,170,0,170,0,436,0,0,0,0.0,0.0,0.0,5295272,916452,49914,45205.36,841.26,46046.62,True
2023,11,HDFC Bank,Private Sector,Private,HDFC Bank,False,0,11237,9451,20688,1519857,4574,19512140,190200,76452556,11573.56,4204931.98,4216505.54,52959912,40968130,24224723,2588654.44,853367.11,3442021.55,True
2023,11,ICICI Bank,Private Sector,Private,ICICI Bank,False,0,9794,7165,16959,1530987,9896,16206426,59127,56281232,2826.25,2777262.87,2780089.12,32501109,19546695,13243420,1343350.96,532996.99,1876347.95,True
2023,11,IDFC First Bank,Private Sector,Private,IDFC First Bank,False,0,813,311,1124,40665,11161,2116838,25638,5392849,1082.25,251076.5,252158.75,6656381,4278512,1136689,213408.72,56519.9,269928.62,True
2023,11,IndusInd Bank,Private Sector,Private,IndusInd Bank,False,0,1779,1153,2932,215002,146,2659808,25137,6347542,1307.22,808363.8,809671.02,9216472,4144529,1654565,285982.36,63926.04,349908.4,True
2023,11,J&K Bank,Private Sector,Private,J&K Bank,False,0,932,629,1561,13077,942,110095,7973,286359,334.68,18105.59,18440.27,4155962,5678204,2815284,309639.66,36857.99,346497.65,True
2023,11,Karnataka Bank,Private Sector,Private,Karnataka Bank,False,0,900,585,1485,9789,0,0,0,0,0.0,0.0,0.0,5061984,3953392,1040419,184079.48,21550.06,205629.54,True
2023,11,Karur Vysya Bank,Private Sector,Private,Karur Vysya Bank,False,0,1447,810,2257,8733,0,10743,804,40718,64.49,3190.7,3255.19,4604230,4480076,1507361,219348.42,39363.46,258711.88,True
2023,11,Kotak Mahindra Bank,Private Sector,Private,Kotak Mahindra Bank,False,0,1700,1497,3197,87125,13886,5666441,39466,12167676,1754.77,636108.42,637863.19,31786794,13200498,5036462,578134.11,132058.92,710193.03,True
2023,11,Nainital Bank,Private Sector,Private,Nainital Bank,False,0,0,0,0,0,0,0,0,0,0.0,0.0,0.0,232985,81460,28659,3955.79,649.51,4605.3,True
2023,11,Number - Outstanding (As On Month End),Private Sector,Private,Number - Outstanding (As On Month End),False,0,0,0,0,0,0,0,0,0,0.0,0.0,0.0,0,0,0,0.0,0.0,0.0,False
2023,11,RBL Bank,Private Sector,Private,RBL Bank,False,0,371,37,408,937659,0,4944182,41099,10203947,1500.5,678780.73,680281.23,1447901,722131,320620,35453.14,13073.86,48527.0,True
2023,11,South Indian Bank,Private Sector,Private,South Indian Bank,False,0,893,419,1312,16267,0,361531,0,1406732,0.0,73997.84,73997.84,3799093,3028009,1447086,141126.25,34797.53,175923.78,True
2023,11,Tamilnad Mercantile Bank,Private Sector,Private,Tamilnad Mercantile Bank,False,0,491,662,1153,1980,0,32575,1912,61057,78.28,3063.41,3141.69,2297510,4995579,453079,213875.64,11533.24,225408.88,True
2023,11,Yes Bank,Private Sector,Private,Yes Bank,False,0,1112,169,1281,74492,90194,1751652,18065,4159311,853.47,204409.6,205263.07,5074514,3127933,1084571,146693.93,32739.46,179433.39,True
2023,11,Bank of Baroda,Public Sector,Public,Bank of Baroda,False,0,8444,2564,11008,32865,45071,2183629,16696,4731291,788.86,231860.43,232649.29,92992617,25378506,5495295,1241801.93,143713.34,1385515.27,True
2023,11,Bank of India,Public Sector,Public,Bank of India,False,0,5327,2901,8228,43141,17731,72537,9371,211163,576.64,8260.09,8836.73,48665137,17157100,4414465,706261.17,88379.57,794640.74,True
2023,11,Bank of Maharashtra,Public Sector,Public,Bank of Maharashtra,False,0,1995,361,2356,1786,1908,33103,881,74348,39.98,3436.09,3476.07,13532409,6089301,1908563,275759.03,36056.56,311815.59,True
2023,11,Canara Bank,Public Sector,Public,Canara Bank,False,0,8140,4026,12166,68053,13427,829561,83909,1310223,4555.36,52046.58,56601.94,56420528,34288108,8833597,1606291.05,229146.87,1835437.92,True
2023,11,Central Bank of India,Public Sector,Public,Central Bank of India,False,0,2857,964,3821,2600,9254,0,0,0,0.0,0.0,0.0,28858313,9167335,2105289,431989.89,55525.12,487515.01,True
2023,11,IDBI Bank,Public Sector,Public,IDBI Bank,False,0,2273,1040,3313,21629,121,33806,400,121444,22.33,4473.53,4495.86,11647059,5921335,1882159,301000.26,47155.47,348155.73,True
2023,11,Indian Bank,Public Sector,Public,Indian Bank,False,0,4296,590,4886,22679,10835,184416,3888,205240,279.6,10939.69,11219.29,33303082,21484201,5214536,997143.23,114167.96,1111311.19,True
2023,11,Indian Overseas Bank,Public Sector,Public,Indian Overseas Bank,False,0,2787,730,3517,0,0,84957,2498,96703,123.62,2914.55,3038.17,18359700,12068356,3394300,512296.65,73669.72,585966.37,True
2023,11,Punjab & Sind Bank,Public Sector,Public,Punjab & Sind Bank,False,0,899,26,925,559,190,0,0,0,0.0,0.0,0.0,4049859,1572971,612568,76490.55,16650.01,93140.56,True
2023,11,Punjab National Bank,Public Sector,Public,Punjab National Bank,False,0,8138,4467,12605,40562,11265,467584,7699,815035,223.76,34652.04,34875.8,40106166,28028244,7523024,1425905.38,192838.63,1618744.01,True
2023,11,State Bank of India,Public Sector,Public,State Bank of India,False,0,25545,39338,64883,1248729,54594,18251184,128217,50188275,5154.99,3140757.27,3145912.26,245706873,179218098,50307790,9212039.46,1238247.53,10450286.99,True
2023,11,UCO Bank,Public Sector,Public,UCO Bank,False,0,2245,227,2472,11064,3568,0,0,0,0.0,0.0,0.0,12803771,6957989,1755732,320517.92,43470.64,363988.56,True
2023,11,Union Bank of India,Public Sector,Public,Union Bank of India,False,0,7838,2239,10077,40298,8016,791750,23963,1966567,1242.71,63538.73,64781.44,53584901,44223755,8699818,1429286.5,182840.35,1612126.85,True
2023,11,AU Small Finance Bank,Small Finance Banks,Small Finance,AU Small Finance Bank,False,0,493,2,495,0,392,781173,4872,2173740,281.77,157918.69,158200.46,2832277,1052158,466775,70358.69,16291.45,86650.14,True
2023,11,Capital Small Finance Bank,Small Finance Banks,Small Finance,Capital Small Finance Bank,False,0,174,2,176,0,0,0,0,0,0.0,0.0,0.0,277244,124995,39082,7342.67,1419.94,8762.61,True
2023,11,ESAF Small Finance Bank,Small Finance Banks,Small Finance,ESAF Small Finance Bank,False,0,593,2,595,0,2521,0,0,0,0.0,0.0,0.0,5414652,1015219,202458,50508.64,3324.98,53833.62,True
2023,11,Equitas Small Finance Bank,Small Finance Banks,Small Finance,Equitas Small Finance Bank,False,0,359,3,362,25645,302,0,0,0,0.0,0.0,0.0,2299201,2974213,203801,86360.22,5280.03,91640.25,True
2023,11,Jana Small Finance Bank,Small Finance Banks,Small Finance,Jana Small Finance Bank,False,0,59,2,61,0,162,0,0,0,0.0,0.0,0.0,3048414,405703,56325,21456.02,1178.18,22634.2,True
2023,11,North East Small Finance Bank,Small Finance Banks,Small Finance,North East Small Finance Bank,False,0,13,1,14,0,0,0,0,0,0.0,0.0,0.0,405842,45447,6451,1986.83,84.27,2071.1,True
2023,11,Shivalik Small Finance Bank,Small Finance Banks,Small Finance,Shivalik Small Finance Bank,False,0,27,0,27,0,0,0,0,0,0.0,0.0,0.0,83364,34695,8854,1865.55,283.2,2148.75,True
2023,11,Suryoday Small Finance Bank,Small Finance Banks,Small Finance,Suryoday Small Finance Bank,False,0,0,0,0,0,67,0,0,0,0.0,0.0,0.0,709978,327721,35065,10311.13,437.85,10748.98,True
2023,11,Ujjivan Small Finance Bank,Small Finance Banks,Small Finance,Ujjivan Small Finance Bank,False,0,561,4,565,0,0,0,0,0,0.0,0.0,0.0,9781933,3280596,298496,140746.17,6206.24,146952.41,True
2023,11,Unity Small Finance Bank,Small Finance Banks,Small Finance,Unity Small Finance Bank,False,0,231,0,231,0,0,0,0,0,0.0,0.0,0.0,10,32,6,0.43,0.02,0.45,True
2023,11,Utkarsh Small Finance Bank,Small Finance Banks,Small Finance,Utkarsh Small Finance Bank,False,0,309,7,316,0,568,135,1,145,0.08,5.5,5.58,1782192,358510,47525,15444.45,1010.34,16454.79,True
2023,12,American Express,Foreign Banks,Foreign,American Express,False,0,0,0,0,52577,0,1357137,0,4814543,0.0,420094.68,420094.68,0,0,0,0.0,0.0,0.0,True
2023,12,Bank of America,Foreign Banks,Foreign,Bank of America,False,0,0,0,0,0,0,0,0,0,0.0,0.0,0.0,0,0,0,0.0,0.0,0.0,False
2023,12,Bank of Bahrain & Kuwait,Foreign Banks,Foreign,Bank of Bahrain & Kuwait,False,0,2,0,2,0,0,0,0,0,0.0,0.0,0.0,37,1624,1826,85.59,90.48,176.07,True
2023,12,Barclays Bank,Foreign Banks,Foreign,Barclays Bank,False,0,0,0,0,0,0,0,0,0,0.0,0.0,0.0,837,391,48,36.0,3.1,39.1,True
2023,12,Citi Bank,Foreign Banks,Foreign,Axis Bank,True,2023,0,0,0,0,0,184466,592,301903,44.67,31682.22,31726.89,0,0,0,0.0,0.0,0.0,True
2023,12,DBS Bank,Foreign Banks,Foreign,DBS Bank,False,0,423,479,902,558,104,482887,3406,697511,103.53,41284.43,41387.96,1998285,890966,399940,44211.4,9272.5,53483.9,True
2023,12,Deutsche Bank,Foreign Banks,Foreign,Deutsche Bank,False,0,13,4,17,0,0,0,0,0,0.0,0.0,0.0,119760,37945,56295,2242.02,1851.78,4093.8,True
2023,12,Doha Bank,Foreign Banks,Foreign,Doha Bank,False,0,2,0,2,0,0,0,0,0,0.0,0.0,0.0,20695,923,1321,46.36,45.31,91.67,True
2023,12,HSBC,Foreign Banks,Foreign,HSBC,False,0,46,28,74,0,0,632199,1704,2034775,126.88,93187.27,93314.15,690685,259114,294852,15424.54,11931.23,27355.77,True
2023,12,KEB Hana Bank,Foreign Banks,Foreign,KEB Hana Bank,False,0,1,0,1,0,0,0,0,0,0.0,0.0,0.0,1331,381,1054,26.97,34.22,61.19,True
2023,12,Kookmin Bank,Foreign Banks,Foreign,Kookmin Bank,False,0,1,0,1,0,0,0,0,0,0.0,0.0,0.0,236,183,622,13.2,6.35,19.55,True
2023,12,SBM Bank,Foreign Banks,Foreign,SBM Bank,False,0,0,0,0,0,1792,947391,1823,899478,54.97,12411.35,12466.32,747790,165192,25656,3542.47,871.41,4413.88,True
2023,12,Standard Chartered Bank,Foreign Banks,Foreign,Standard Chartered Bank,False,0,101,64,165,0,0,1029655,2458,2741134,154.49,111466.4,111620.89,1092767,769591,753952,38922.94,22631.6,61554.54,True
2023,12,Woori Bank,Foreign Banks,Foreign,Woori Bank,False,0,0,0,0,0,0,0,0,0,0.0,0.0,0.0,972,876,4005,64.0,144.16,208.16,True
2023,12,Airtel Payments Bank,Payment Banks,Payments Bank,Airtel Payments Bank,False,0,0,0,0,0,110008,0,0,0,0.0,0.0,0.0,7671834,73384,172294,3280.8,2418.33,5699.13,True
2023,12,Fino Payments Bank,Payment Banks,Payments Bank,Fino Payments Bank,False,0,0,0,0,0,402052,0,0,0,0.0,0.0,0.0,8505146,2023807,168098,65079.33,3391.14,68470.47,True
2023,12,India Post Payments Bank,Payment Banks,Payments Bank,India Post Payments Bank,False,0,0,0,0,0,349345,0,0,0,0.0,0.0,0.0,13695959,0,344020,0.0,948.84,948.84,True
2023,12,Jio Payments Bank,Payment Banks,Payments Bank,Jio Payments Bank,False,0,0,0,0,0,0,0,0,0,0.0,0.0,0.0,0,0,0,0.0,0.0,0.0,False
2023,12,NSDL Payments Bank,Payment Banks,Payments Bank,NSDL Payments Bank,False,0,0,0,0,0,464258,0,0,0,0.0,0.0,0.0,702795,16867,35483,509.22,255.46,764.68,True
2023,12,Paytm Payments Bank,Payment Banks,Payments Bank,Paytm Payments Bank,False,0,1,9,10,708839,0,0,0,0,0.0,0.0,0.0,32303762,1129201,1006049,49504.57,17920.98,67425.55,True
2023,12,At Pos,Private Sector,Private,At Pos,False,0,0,0,0,0,0,0,0,0,0.0,0.0,0.0,0,0,0,0.0,0.0,0.0,False
2023,12,Atms & Crms,Private Sector,Private,Atms & Crms,False,0,0,0,0,0,0,0,0,0,0.0,0.0,0.0,0,0,0,0.0,0.0,0.0,False
2023,12,Axis Bank,Private Sector,Private,Axis Bank,False,0,6113,9793,15906,1615668,728,13584295,80870,50213492,3650.47,1905529.71,1909180.18,34454156,19942228,9901514,1262230.04,350979.5,1613209.54,True
2023,12,Bandhan Bank,Private Sector,Private,Bandhan Bank,False,0,433,5,438,51879,0,0,0,0,0.0,0.0,0.0,5877680,2353387,437783,128409.87,13473.36,141883.23,True
2023,12,City Union Bank,Private Sector,Private,City Union Bank,False,0,1126,539,1665,6423,56948,27050,465,69262,21.53,4046.09,4067.62,2713583,2528205,495812,132645.03,12253.98,144899.01,True
2023,12,Csb Bank Ltd.,Private Sector,Private,Csb Bank Ltd.,False,0,519,51,570,0,0,57482,0,208938,0.0,14701.6,14701.6,889375,478537,235855,22811.26,4898.68,27709.94,True
2023,12,DCB Bank,Private Sector,Private,DCB Bank,False,0,411,5,416,8141,0,0,0,0,0.0,0.0,0.0,793571,364597,134193,14635.76,4010.8,18646.56,True
2023,12,Dhanlaxmi Bank,Private Sector,Private,Dhanlaxmi Bank,False,0,237,41,278,1577,0,10967,235,31290,8.11,814.26,822.37,538997,455385,186436,19732.34,3459.62,23191.96,True
2023,12,Federal Bank,Private Sector,Private,Federal Bank,False,0,1634,326,1960,19380,940,923312,4422,3698777,203.07,171264.29,171467.36,13348511,8761421,5336847,436680.01,136874.5,573554.51,True
2023,12,Fincare Small Finance Bank Ltd,Private Sector,Private,Fincare Small Finance Bank Ltd,False,0,171,0,171,0,436,0,0,0,0.0,0.0,0.0,5461348,895671,48211,45780.16,812.65,46592.81,True
2023,12,HDFC Bank,Private Sector,Private,HDFC Bank,False,0,11301,9387,20688,1553924,4592,19878068,198624,83430481,12029.35,4477187.25,4489216.6,53330797,40540285,24596827,2536887.44,839625.44,3376512.88,True
2023,12,ICICI Bank,Private Sector,Private,ICICI Bank,False,0,9866,7164,17030,1566768,9925,16484458,61264,60900284,2802.2,2821531.73,2824333.93,32481406,19371749,13822540,1324482.43,550607.19,1875089.62,True
2023,12,IDFC First Bank,Private Sector,Private,IDFC First Bank,False,0,824,312,1136,41823,10775,2236817,27383,6725186,1152.29,262139.09,263291.38,6762047,4329543,1134695,211751.5,44501.37,256252.87,True
2023,12,IndusInd Bank,Private Sector,Private,IndusInd Bank,False,0,1790,1149,2939,224142,146,2733139,26881,7160143,1398.32,897831.16,899229.48,10160388,4282083,1677885,270886.91,58929.31,329816.22,True
2023,12,J&K Bank,Private Sector,Private,J&K Bank,False,0,936,627,1563,14212,942,113355,9332,299646,380.03,18417.64,18797.67,4159591,6040274,3039966,312974.62,41065.41,354040.03,True
2023,12,Karnataka Bank,Private Sector,Private,Karnataka Bank,False,0,900,582,1482,9897,0,0,0,0,0.0,0.0,0.0,5127764,3872276,999953,179354.09,19492.43,198846.52,True
2023,12,Karur Vysya Bank,Private Sector,Private,Karur Vysya Bank,False,0,1444,807,2251,6765,0,10611,809,38877,62.42,3169.31,3231.73,4641707,4505259,1417921,217283.33,37069.18,254352.51,True
2023,12,Kotak Mahindra Bank,Private Sector,Private,Kotak Mahindra Bank,False,0,1724,1515,3239,77707,4407,5790957,41406,14169121,1853.61,647576.57,649430.18,32424605,13147856,5183625,563670.9,133112.88,696783.78,True
2023,12,Nainital Bank,Private Sector,Private,Nainital Bank,False,0,0,0,0,0,0,0,0,0,0.0,0.0,0.0,238053,78963,26562,3717.6,599.5,4317.1,True
2023,12,Number - Outstanding (As On Month End),Private Sector,Private,Number - Outstanding (As On Month End),False,0,0,0,0,0,0,0,0,0,0.0,0.0,0.0,0,0,0,0.0,0.0,0.0,False
2023,12,RBL Bank,Private Sector,Private,RBL Bank,False,0,351,37,388,938631,0,5036557,42253,10734076,1574.98,732293.5,733868.48,1439179,792708,348073,36839.67,13263.83,50103.5,True
2023,12,South Indian Bank,Private Sector,Private,South Indian Bank,False,0,897,418,1315,16470,0,377134,0,1621659,0.0,87279.07,87279.07,3791835,3135742,1563163,148583.98,39289.9,187873.88,True
2023,12,Tamilnad Mercantile Bank,Private Sector,Private,Tamilnad Mercantile Bank,False,0,493,662,1155,1975,0,32587,1917,63016,79.14,3107.38,3186.52,2262563,4868298,424609,207307.97,10719.41,218027.38,True
2023,12,Yes Bank,Private Sector,Private,Yes Bank,False,0,1114,169,1283,74822,90550,1822381,17883,4775968,850.83,226967.04,227817.87,5179905,2903242,1032891,133948.67,30343.1,164291.77,True
2023,12,Bank of Baroda,Public Sector,Public,Bank of Baroda,False,0,8422,2608,11030,34954,45176,2243917,17671,4879880,836.31,238077.7,238914.01,93535911,24940155,5339404,1195829.86,134528.27,1330358.13,True
2023,12,Bank of India,Public Sector,Public,Bank of India,False,0,5327,2901,8228,43486,17963,73371,9994,214083,614.79,8561.64,9176.43,47055120,16734877,4192274,680120.74,80833.97,760954.71,True
2023,12,Bank of Maharashtra,Public Sector,Public,Bank of Maharashtra,False,0,1973,352,2325,1780,1918,33030,910,71651,42.86,3326.58,3369.44,13567181,6116722,1852298,266250.78,31898.76,298149.54,True
2023,12,Canara Bank,Public Sector,Public,Canara Bank,False,0,8125,3995,12120,70045,13427,876575,91151,1420837,4963.91,56119.29,61083.2,57060996,33924966,8641948,1590205.73,222688.25,1812893.98,True
2023,12,Central Bank of India,Public Sector,Public,Central Bank of India,False,0,2857,1005,3862,2698,9254,0,0,0,0.0,0.0,0.0,29324324,8938619,2046204,412866.95,51797.09,464664.04,True
2023,12,IDBI Bank,Public Sector,Public,IDBI Bank,False,0,2284,1038,3322,18745,121,33933,404,118413,21.82,4251.83,4273.65,11582252,5803101,1829278,288969.51,43527.85,332497.36,True
2023,12,Indian Bank,Public Sector,Public,Indian Bank,False,0,4300,599,4899,21725,10942,185763,4430,218739,319.26,11497.99,11817.25,32155601,21036165,5016137,972975.43,108352.76,1081328.19,True
2023,12,Indian Overseas Bank,Public Sector,Public,Indian Overseas Bank,False,0,2784,731,3515,0,0,82183,2732,97719,129.64,2860.63,2990.27,18600057,11965995,3307323,504056.59,70255.65,574312.24,True
2023,12,Punjab & Sind Bank,Public Sector,Public,Punjab & Sind Bank,False,0,913,26,939,572,201,0,0,0,0.0,0.0,0.0,4078090,1549893,599787,74261.0,15267.08,89528.08,True
2023,12,Punjab National Bank,Public Sector,Public,Punjab National Bank,False,0,8015,4440,12455,39757,11265,508439,8915,930036,256.23,41897.93,42154.16,40290692,27577557,7387292,1387359.5,180500.29,1567859.79,True
2023,12,State Bank of India,Public Sector,Public,State Bank of India,False,0,25416,39307,64723,1263952,53269,18476875,130746,53566598,5266.35,2924929.43,2930195.78,226467390,172964408,49071356,8815881.14,1148706.48,9964587.62,True
2023,12,UCO Bank,Public Sector,Public,UCO Bank,False,0,2249,225,2474,11049,3568,0,0,0,0.0,0.0,0.0,12840412,6837579,1721108,312560.62,39366.93,351927.55,True
2023,12,Union Bank of India,Public Sector,Public,Union Bank of India,False,0,7830,2247,10077,40128,8015,809315,22933,1887083,1182.41,59782.48,60964.89,54004328,46149142,8941895,1420698.46,188740.85,1609439.31,True
2023,12,AU Small Finance Bank,Small Finance Banks,Small Finance,AU Small Finance Bank,False,0,493,2,495,0,394,828168,5310,2463718,311.62,176581.56,176893.18,2875390,1061806,496994,70540.68,18180.32,88721.0,True
2023,12,Capital Small Finance Bank,Small Finance Banks,Small Finance,Capital Small Finance Bank,False,0,175,2,177,0,0,0,0,0,0.0,0.0,0.0,266402,120623,36231,6924.29,1187.86,8112.15,True
2023,12,ESAF Small Finance Bank,Small Finance Banks,Small Finance,ESAF Small Finance Bank,False,0,598,2,600,0,4003,0,0,0,0.0,0.0,0.0,5516689,1049677,207460,52437.91,3515.64,55953.55,True
2023,12,Equitas Small Finance Bank,Small Finance Banks,Small Finance,Equitas Small Finance Bank,False,0,359,4,363,26317,302,0,0,0,0.0,0.0,0.0,2062725,2870663,202769,84792.71,5203.74,89996.45,True
2023,12,Jana Small Finance Bank,Small Finance Banks,Small Finance,Jana Small Finance Bank,False,0,59,2,61,0,157,0,0,0,0.0,0.0,0.0,3088409,429129,58646,22413.5,1226.89,23640.39,True
2023,12,North East Small Finance Bank,Small Finance Banks,Small Finance,North East Small Finance Bank,False,0,16,1,17,0,0,0,0,0,0.0,0.0,0.0,409960,48238,6378,2116.57,85.77,2202.34,True
2023,12,Shivalik Small Finance Bank,Small Finance Banks,Small Finance,Shivalik Small Finance Bank,False,0,26,0,26,0,0,0,0,0,0.0,0.0,0.0,82101,35076,8646,1923.85,265.86,2189.71,True
2023,12,Suryoday Small Finance Bank,Small Finance Banks,Small Finance,Suryoday Small Finance Bank,False,0,0,0,0,0,67,0,0,0,0.0,0.0,0.0,724172,258766,35074,6666.77,420.39,7087.16,True
2023,12,Ujjivan Small Finance Bank,Small Finance Banks,Small Finance,Ujjivan Small Finance Bank,False,0,573,4,577,0,0,0,0,0,0.0,0.0,0.0,9856269,3050475,304077,166070.8,6232.57,172303.37,True
2023,12,Unity Small Finance Bank,Small Finance Banks,Small Finance,Unity Small Finance Bank,False,0,231,0,231,18,0,0,0,0,0.0,0.0,0.0,11,31,11,0.8,0.08,0.88,True
2023,12,Utkarsh Small Finance Bank,Small Finance Banks,Small Finance,Utkarsh Small Finance Bank,False,0,312,7,319,0,568,137,1,115,0.01,5.76,5.77,1806260,365218,49057,14723.19,984.57,15707.76,True
2024,1,American Express,Foreign Banks,Foreign,American Express,False,0,0,0,0,52628,0,1341913,0,4703509,0.0,415817.23,415817.23,0,0,0,0.0,0.0,0.0,True
2024,1,Bank of America,Foreign Banks,Foreign,Bank of America,False,0,0,0,0,0,0,0,0,0,0.0,0.0,0.0,0,0,0,0.0,0.0,0.0,False
2024,1,Bank of Bahrain & Kuwait,Foreign Banks,Foreign,Bank of Bahrain & Kuwait,False,0,2,0,2,0,0,0,0,0,0.0,0.0,0.0,70,1544,1789,78.16,87.58,165.74,True
2024,1,Barclays Bank,Foreign Banks,Foreign,Barclays Bank,False,0,0,0,0,0,0,0,0,0,0.0,0.0,0.0,844,361,51,32.78,4.79,37.57,True
2024,1,Citi Bank,Foreign Banks,Foreign,Axis Bank,True,2023,0,0,0,0,0,187775,570,318226,42.13,31617.71,31659.84,0,0,0,0.0,0.0,0.0,True
2024,1,DBS Bank,Foreign Banks,Foreign,DBS Bank,False,0,434,474,908,556,91,501162,3560,684726,102.36,39666.93,39769.29,1990189,854314,356935,43848.67,8395.76,52244.43,True
2024,1,Deutsche Bank,Foreign Banks,Foreign,Deutsche Bank,False,0,13,2,15,0,0,0,0,0,0.0,0.0,0.0,116557,33818,46477,1981.73,1576.35,3558.08,True
2024,1,Doha Bank,Foreign Banks,Foreign,Doha Bank,False,0,2,0,2,0,0,0,0,0,0.0,0.0,0.0,20916,2241,1376,131.71,40.91,172.62,True
2024,1,HSBC,Foreign Banks,Foreign,HSBC,False,0,46,28,74,0,0,645102,1831,1905392,133.61,84324.66,84458.27,709604,228893,251923,13357.29,10189.13,23546.42,True
2024,1,KEB Hana Bank,Foreign Banks,Foreign,KEB Hana Bank,False,0,1,0,1,0,0,0,0,0,0.0,0.0,0.0,1353,401,1174,29.51,42.66,72.17,True
2024,1,Kookmin Bank,Foreign Banks,Foreign,Kookmin Bank,False,0,1,0,1,0,0,0,0,0,0.0,0.0,0.0,356,156,582,12.1,16.43,28.53,True
2024,1,SBM Bank,Foreign Banks,Foreign,SBM Bank,False,0,0,0,0,0,1734,942002,1830,848583,53.69,11218.54,11272.23,754217,169622,24527,3178.72,769.01,3947.73,True
2024,1,Standard Chartered Bank,Foreign Banks,Foreign,Standard Chartered Bank,False,0,101,63,164,0,0,1006470,2382,2819936,146.35,114146.66,114293.01,1091390,706733,634376,35255.41,19438.74,54694.15,True
2024,1,Woori Bank,Foreign Banks,Foreign,Woori Bank,False,0,0,0,0,0,0,0,0,0,0.0,0.0,0.0,1100,934,3990,69.61,138.16,207.77,True
2024,1,Airtel Payments Bank,Payment Banks,Payments Bank,Airtel Payments Bank,False,0,0,0,0,0,115950,0,0,0,0.0,0.0,0.0,868152,101058,149067,4474.59,2223.93,6698.52,True
2024,1,Fino Payments Bank,Payment Banks,Payments Bank,Fino Payments Bank,False,0,0,0,0,0,405681,0,0,0,0.0,0.0,0.0,8738107,2081084,164712,67721.64,3649.62,71371.26,True
2024,1,India Post Payments Bank,Payment Banks,Payments Bank,India Post Payments Bank,False,0,0,0,0,0,352954,0,0,0,0.0,0.0,0.0,14229987,0,252695,0.0,977.45,977.45,True
2024,1,Jio Payments Bank,Payment Banks,Payments Bank,Jio Payments Bank,False,0,0,0,0,0,0,0,0,0,0.0,0.0,0.0,0,0,0,0.0,0.0,0.0,False
2024,1,NSDL Payments Bank,Payment Banks,Payments Bank,NSDL Payments Bank,False,0,0,0,0,0,520301,0,0,0,0.0,0.0,0.0,615654,27036,29953,680.71,235.31,916.02,True
2024,1,Paytm Payments Bank,Payment Banks,Payments Bank,Paytm Payments Bank,False,0,1,9,10,725675,0,0,0,0,0.0,0.0,0.0,32348692,1065038,843207,46956.51,16188.79,63145.3,True
2024,1,At Pos,Private Sector,Private,At Pos,False,0,0,0,0,0,0,0,0,0,0.0,0.0,0.0,0,0,0,0.0,0.0,0.0,False
2024,1,Atms & Crms,Private Sector,Private,Atms & Crms,False,0,0,0,0,0,0,0,0,0,0.0,0.0,0.0,0,0,0,0.0,0.0,0.0,False
2024,1,Axis Bank,Private Sector,Private,Axis Bank,False,0,6168,9780,15948,1665417,728,13753510,84017,53327934,3768.75,2030545.52,2034314.27,34349969,19219239,9121834,1219667.06,330943.86,1550610.92,True
2024,1,Bandhan Bank,Private Sector,Private,Bandhan Bank,False,0,433,5,438,53743,0,0,0,0,0.0,0.0,0.0,5886983,2308092,426903,126872.89,13314.17,140187.06,True
2024,1,City Union Bank,Private Sector,Private,City Union Bank,False,0,1123,541,1664,6476,59930,27814,362,82258,16.43,4175.41,4191.84,2739355,2481444,486366,132117.32,12689.78,144807.1,True
2024,1,Csb Bank Ltd.,Private Sector,Private,Csb Bank Ltd.,False,0,594,51,645,0,0,65439,0,219440,0.0,15234.12,15234.12,870762,462050,204317,22568.21,4506.65,27074.86,True
2024,1,DCB Bank,Private Sector,Private,DCB Bank,False,0,412,5,417,8133,0,0,0,0,0.0,0.0,0.0,825086,408302,125661,14856.35,3890.34,18746.69,True
2024,1,Dhanlaxmi Bank,Private Sector,Private,Dhanlaxmi Bank,False,0,239,41,280,1617,0,11167,254,31236,8.8,852.02,860.82,539211,461931,180514,20381.73,3467.39,23849.12,True
2024,1,Federal Bank,Private Sector,Private,Federal Bank,False,0,1639,330,1969,19743,944,925755,4293,3717444,202.12,160278.51,160480.63,13398007,8628158,5109564,433636.84,134982.41,568619.25,True
2024,1,Fincare Small Finance Bank Ltd,Private Sector,Private,Fincare Small Finance Bank Ltd,False,0,171,0,171,0,436,0,0,0,0.0,0.0,0.0,5520970,866065,46143,42549.21,755.36,43304.57,True
2024,1,HDFC Bank,Private Sector,Private,HDFC Bank,False,0,11395,9293,20688,1570324,4619,20103905,196356,84658210,11770.87,4371147.63,4382918.5,53645998,38397022,22946397,2409891.56,787443.59,3197335.15,True
2024,1,ICICI Bank,Private Sector,Private,ICICI Bank,False,0,9883,7166,17049,1590865,9898,16797580,61146,60993557,2756.3,2967296.91,2970053.21,32435823,18079218,12270155,1235283.45,498838.48,1734121.93,True
2024,1,IDFC First Bank,Private Sector,Private,IDFC First Bank,False,0,838,312,1150,42791,10570,2370704,27268,7321272,1134.33,268882.68,270017.01,6731809,4137641,1044500,201904.67,40901.58,242806.25,True
2024,1,IndusInd Bank,Private Sector,Private,IndusInd Bank,False,0,1799,1155,2954,215819,146,2797275,25620,7576061,1310.38,771160.75,772471.13,10426233,4468379,1610489,275786.01,57381.61,333167.62,True
2024,1,J&K Bank,Private Sector,Private,J&K Bank,False,0,937,626,1563,14351,942,115879,10074,322195,390.47,19734.22,20124.69,4216655,5725985,2770769,289996.4,37983.51,327979.91,True
2024,1,Karnataka Bank,Private Sector,Private,Karnataka Bank,False,0,903,582,1485,10042,0,0,0,0,0.0,0.0,0.0,5168512,4050968,1007721,189577.18,20431.83,210009.01,True
2024,1,Karur Vysya Bank,Private Sector,Private,Karur Vysya Bank,False,0,1450,803,2253,8776,0,10564,795,39292,61.63,3152.29,3213.92,4716410,4401995,1405002,214310.4,37339.0,251649.4,True
2024,1,Kotak Mahindra Bank,Private Sector,Private,Kotak Mahindra Bank,False,0,1735,1515,3250,74617,4420,5971753,40381,14636613,1777.92,626452.75,628230.67,32961383,13165972,4583167,550171.17,119941.4,670112.57,True
2024,1,Nainital Bank,Private Sector,Private,Nainital Bank,False,0,0,0,0,0,0,0,0,0,0.0,0.0,0.0,241813,71358,22587,3376.06,528.66,3904.72,True
2024,1,Number - Outstanding (As On Month End),Private Sector,Private,Number - Outstanding (As On Month End),False,0,0,0,0,0,0,0,0,0,0.0,0.0,0.0,0,0,0,0.0,0.0,0.0,False
2024,1,RBL Bank,Private Sector,Private,RBL Bank,False,0,352,37,389,843933,0,5113532,42186,10529983,1564.44,709546.49,711110.93,1451120,854529,331040,39007.06,12825.55,51832.61,True
2024,1,South Indian Bank,Private Sector,Private,South Indian Bank,False,0,904,417,1321,16410,0,388514,0,1572088,0.0,81914.01,81914.01,3764048,3055415,1474539,147767.45,38816.93,186584.38,True
2024,1,Tamilnad Mercantile Bank,Private Sector,Private,Tamilnad Mercantile Bank,False,0,494,661,1155,1957,0,32326,2090,61625,82.0,3032.68,3114.68,2274241,4676405,396774,199974.16,10570.66,210544.82,True
2024,1,Yes Bank,Private Sector,Private,Yes Bank,False,0,1117,168,1285,74540,90542,1911521,17683,5188492,833.28,235525.48,236358.76,5185561,2734477,943215,130739.42,27775.14,158514.56,True
2024,1,Bank of Baroda,Public Sector,Public,Bank of Baroda,False,0,8407,2621,11028,35956,45227,2300723,15840,4640247,733.67,230059.29,230792.96,94000243,24810278,5022593,1198787.9,128944.16,1327732.06,True
2024,1,Bank of India,Public Sector,Public,Bank of India,False,0,5328,2900,8228,43023,17693,74400,10164,223598,611.94,8810.03,9421.97,47396297,16108478,3875542,657134.49,76474.66,733609.15,True
2024,1,Bank of Maharashtra,Public Sector,Public,Bank of Maharashtra,False,0,1977,300,2277,1785,1879,32995,927,74074,43.42,3503.33,3546.75,13616903,6128894,1781894,266229.11,30825.4,297054.51,True
2024,1,Canara Bank,Public Sector,Public,Canara Bank,False,0,8131,3960,12091,72047,13427,938914,92909,1444071,5086.96,59127.48,64214.44,57413339,33196988,8271083,1562962.17,218326.4,1781288.57,True
2024,1,Central Bank of India,Public Sector,Public,Central Bank of India,False,0,2857,1058,3915,2792,9254,0,0,0,0.0,0.0,0.0,28716820,8801775,1985000,408142.16,50983.11,459125.27,True
2024,1,IDBI Bank,Public Sector,Public,IDBI Bank,False,0,2299,1023,3322,18482,120,34106,417,127080,23.39,4523.59,4546.98,11624600,5730316,1774103,285586.93,43008.38,328595.31,True
2024,1,Indian Bank,Public Sector,Public,Indian Bank,False,0,4310,599,4909,21791,11074,199110,4438,242047,315.26,12773.12,13088.38,32192588,20032288,4719510,928164.83,105479.51,1033644.34,True
2024,1,Indian Overseas Bank,Public Sector,Public,Indian Overseas Bank,False,0,2774,732,3506,0,0,82413,2621,90969,119.19,2719.18,2838.37,17885133,11780155,3166823,494193.86,70114.93,564308.79,True
2024,1,Punjab & Sind Bank,Public Sector,Public,Punjab & Sind Bank,False,0,949,26,975,600,194,0,0,0,0.0,0.0,0.0,4088307,1492197,564443,71698.32,15185.81,86884.13,True
2024,1,Punjab National Bank,Public Sector,Public,Punjab National Bank,False,0,7860,4385,12245,39090,11265,532834,10623,916851,288.32,41856.84,42145.16,40196231,25567248,6625701,1290460.11,168228.29,1458688.4,True
2024,1,State Bank of India,Public Sector,Public,State Bank of India,False,0,25232,39236,64468,1282632,53227,18605888,134042,54835229,5351.87,3069383.23,3074735.1,227138869,166575231,45364616,8510078.87,1097004.4,9607083.27,True
2024,1,UCO Bank,Public Sector,Public,UCO Bank,False,0,2251,227,2478,11024,3568,0,0,0,0.0,0.0,0.0,12894009,6717253,1777390,307000.33,42052.17,349052.5,True
2024,1,Union Bank of India,Public Sector,Public,Union Bank of India,False,0,7827,2226,10053,39174,8004,804755,26270,2339272,1333.68,69096.11,70429.79,54538892,47020129,8783579,1409049.3,186382.46,1595431.76,True
2024,1,AU Small Finance Bank,Small Finance Banks,Small Finance,AU Small Finance Bank,False,0,497,2,499,0,396,872214,5422,2458373,304.44,176749.83,177054.27,2920173,1082378,466458,73557.66,15019.64,88577.3,True
2024,1,Capital Small Finance Bank,Small Finance Banks,Small Finance,Capital Small Finance Bank,False,0,175,2,177,0,0,0,0,0,0.0,0.0,0.0,261342,113358,32484,6495.71,1150.18,7645.89,True
2024,1,ESAF Small Finance Bank,Small Finance Banks,Small Finance,ESAF Small Finance Bank,False,0,605,2,607,0,4141,0,0,0,0.0,0.0,0.0,5553163,1050932,210763,53057.27,3654.6,56711.87,True
2024,1,Equitas Small Finance Bank,Small Finance Banks,Small Finance,Equitas Small Finance Bank,False,0,360,4,364,26394,307,0,0,0,0.0,0.0,0.0,2064615,2936711,192163,84789.41,5079.4,89868.81,True
2024,1,Jana Small Finance Bank,Small Finance Banks,Small Finance,Jana Small Finance Bank,False,0,59,2,61,0,157,0,0,0,0.0,0.0,0.0,3136350,461596,57419,24496.14,1288.59,25784.73,True
2024,1,North East Small Finance Bank,Small Finance Banks,Small Finance,North East Small Finance Bank,False,0,16,1,17,0,0,0,0,0,0.0,0.0,0.0,416278,45952,5811,2146.88,83.11,2229.99,True
2024,1,Shivalik Small Finance Bank,Small Finance Banks,Small Finance,Shivalik Small Finance Bank,False,0,25,0,25,0,0,0,0,0,0.0,0.0,0.0,81751,33261,8436,1867.01,254.56,2121.57,True
2024,1,Suryoday Small Finance Bank,Small Finance Banks,Small Finance,Suryoday Small Finance Bank,False,0,0,0,0,0,67,0,0,0,0.0,0.0,0.0,738726,241266,38596,4193.97,457.33,4651.3,True
2024,1,Ujjivan Small Finance Bank,Small Finance Banks,Small Finance,Ujjivan Small Finance Bank,False,0,577,4,581,0,0,0,0,0,0.0,0.0,0.0,10024026,2988228,295542,160140.27,6294.08,166434.35,True
2024,1,Unity Small Finance Bank,Small Finance Banks,Small Finance,Unity Small Finance Bank,False,0,231,0,231,23,0,0,0,0,0.0,0.0,0.0,31,20,9,0.68,0.07,0.75,True
2024,1,Utkarsh Small Finance Bank,Small Finance Banks,Small Finance,Utkarsh Small Finance Bank,False,0,313,7,320,0,568,243,0,225,0.0,13.2,13.2,1829722,375886,41106,14155.41,1008.67,15164.08,True
2024,2,American Express,Foreign Banks,Foreign,American Express,False,0,0,0,0,50009,0,1346343,0,4664932,0.0,422682.83,422682.83,0,0,0,0.0,0.0,0.0,True
2024,2,Bank of America,Foreign Banks,Foreign,Bank of America,False,0,0,0,0,0,0,0,0,0,0.0,0.0,0.0,0,0,0,0.0,0.0,0.0,False
2024,2,Bank of Bahrain & Kuwait,Foreign Banks,Foreign,Bank of Bahrain & Kuwait,False,0,2,0,2,0,0,0,0,0,0.0,0.0,0.0,109,1459,1360,76.49,111.47,187.96,True
2024,2,Barclays Bank,Foreign Banks,Foreign,Barclays Bank,False,0,0,0,0,0,0,0,0,0,0.0,0.0,0.0,789,353,26,32.17,3.9,36.07,True
2024,2,Citi Bank,Foreign Banks,Foreign,Axis Bank,True,2023,0,0,0,0,0,191852,672,388390,50.89,35500.96,35551.85,0,0,0,0.0,0.0,0.0,True
2024,2,DBS Bank,Foreign Banks,Foreign,DBS Bank,False,0,434,473,907,560,90,518113,3459,660389,102.56,39306.92,39409.48,2004243,852659,329557,44683.77,7763.27,52447.04,True
2024,2,Deutsche Bank,Foreign Banks,Foreign,Deutsche Bank,False,0,13,2,15,0,0,0,0,0,0.0,0.0,0.0,117676,32091,42306,1918.39,1384.52,3302.91,True
2024,2,Doha Bank,Foreign Banks,Foreign,Doha Bank,False,0,2,0,2,0,0,0,0,0,0.0,0.0,0.0,21205,2045,1091,117.94,34.34,152.28,True
2024,2,HSBC,Foreign Banks,Foreign,HSBC,False,0,46,28,74,0,0,647283,1743,1864180,126.24,83906.06,84032.3,719988,223510,231671,13179.58,9339.82,22519.4,True
2024,2,KEB Hana Bank,Foreign Banks,Foreign,KEB Hana Bank,False,0,1,0,1,0,0,0,0,0,0.0,0.0,0.0,1415,472,1996,22.88,71.44,94.32,True
2024,2,Kookmin Bank,Foreign Banks,Foreign,Kookmin Bank,False,0,1,0,1,0,0,0,0,0,0.0,0.0,0.0,366,178,732,12.41,34.08,46.49,True
2024,2,SBM Bank,Foreign Banks,Foreign,SBM Bank,False,0,0,0,0,0,1892,941637,1944,772392,69.83,11158.89,11228.72,759875,152013,20054,2286.66,559.07,2845.73,True
2024,2,Standard Chartered Bank,Foreign Banks,Foreign,Standard Chartered Bank,False,0,101,65,166,0,0,1016068,2470,2504439,158.27,102497.45,102655.72,1096768,694804,583207,35090.68,17226.18,52316.86,True
2024,2,Woori Bank,Foreign Banks,Foreign,Woori Bank,False,0,0,0,0,0,0,0,0,0,0.0,0.0,0.0,1114,801,3544,56.26,114.02,170.28,True
2024,2,Airtel Payments Bank,Payment Banks,Payments Bank,Airtel Payments Bank,False,0,0,0,0,0,119785,0,0,0,0.0,0.0,0.0,1411114,117418,184282,5227.74,2948.25,8175.99,True
2024,2,Fino Payments Bank,Payment Banks,Payments Bank,Fino Payments Bank,False,0,0,0,0,0,408957,0,0,0,0.0,0.0,0.0,8872722,2054494,155469,68774.23,3392.89,72167.12,True
2024,2,India Post Payments Bank,Payment Banks,Payments Bank,India Post Payments Bank,False,0,0,0,0,0,354386,0,0,0,0.0,0.0,0.0,14802888,0,251639,0.0,924.16,924.16,True
2024,2,Jio Payments Bank,Payment Banks,Payments Bank,Jio Payments Bank,False,0,0,0,0,0,0,0,0,0,0.0,0.0,0.0,36,4,8,0.05,0.04,0.09,True
2024,2,NSDL Payments Bank,Payment Banks,Payments Bank,NSDL Payments Bank,False,0,0,0,0,0,456288,0,0,0,0.0,0.0,0.0,800527,44141,34009,1206.85,280.94,1487.79,True
2024,2,Paytm Payments Bank,Payment Banks,Payments Bank,Paytm Payments Bank,False,0,1,8,9,731192,0,0,0,0,0.0,0.0,0.0,32326389,777952,488142,34768.95,9067.17,43836.12,True
2024,2,At Pos,Private Sector,Private,At Pos,False,0,0,0,0,0,0,0,0,0,0.0,0.0,0.0,0,0,0,0.0,0.0,0.0,False
2024,2,Atms & Crms,Private Sector,Private,Atms & Crms,False,0,0,0,0,0,0,0,0,0,0.0,0.0,0.0,0,0,0,0.0,0.0,0.0,False
2024,2,Axis Bank,Private Sector,Private,Axis Bank,False,0,6198,9783,15981,1705374,714,13909552,76915,49594982,3530.88,1752806.8,1756337.68,34214339,18915898,8271813,1212653.3,303883.19,1516536.49,True
2024,2,Bandhan Bank,Private Sector,Private,Bandhan Bank,False,0,433,5,438,55463,0,0,0,0,0.0,0.0,0.0,5494802,2250970,382436,125749.59,11914.79,137664.38,True
2024,2,City Union Bank,Private Sector,Private,City Union Bank,False,0,1136,538,1674,6815,62343,28379,334,75668,17.4,4139.94,4157.34,2753435,2524339,466925,138827.29,11448.6,150275.89,True
2024,2,Csb Bank Ltd.,Private Sector,Private,Csb Bank Ltd.,False,0,641,50,691,0,0,75992,0,231977,0.0,15994.22,15994.22,865073,437186,182315,21392.47,3786.31,25178.78,True
2024,2,DCB Bank,Private Sector,Private,DCB Bank,False,0,412,5,417,8086,0,0,0,0,0.0,0.0,0.0,837546,426853,117726,14747.4,3664.63,18412.03,True
2024,2,Dhanlaxmi Bank,Private Sector,Private,Dhanlaxmi Bank,False,0,239,41,280,1540,0,11333,221,28725,6.43,743.32,749.75,540673,447355,169935,19612.49,3232.1,22844.59,True
2024,2,Federal Bank,Private Sector,Private,Federal Bank,False,0,1652,333,1985,20045,945,949912,4407,3450591,209.83,150106.7,150316.53,13506777,8191274,4600612,410636.96,119422.97,530059.93,True
2024,2,Fincare Small Finance Bank Ltd,Private Sector,Private,Fincare Small Finance Bank Ltd,False,0,171,0,171,0,436,0,0,0,0.0,0.0,0.0,5518393,858947,43021,43859.08,732.9,44591.98,True
2024,2,HDFC Bank,Private Sector,Private,HDFC Bank,False,0,11474,9286,20760,1591904,4639,20404625,190669,79904415,11695.86,4028850.69,4040546.55,54029646,36547748,21446125,2347738.3,715904.64,3063642.94,True
2024,2,ICICI Bank,Private Sector,Private,ICICI Bank,False,0,9926,7183,17109,1656366,9942,16846344,59299,57841453,2740.33,2684302.73,2687043.06,32321045,17447126,11015488,1218402.24,446525.54,1664927.78,True
2024,2,IDFC First Bank,Private Sector,Private,IDFC First Bank,False,0,851,311,1162,44776,10325,2436772,26785,7457937,1152.12,258196.38,259348.5,6839455,4053302,982389,201321.27,38676.68,239997.95,True
2024,2,IndusInd Bank,Private Sector,Private,IndusInd Bank,False,0,1805,1159,2964,220171,146,2847599,24322,7591531,1269.62,775831.35,777100.97,10670305,4431082,1549983,280760.8,54237.27,334998.07,True
2024,2,J&K Bank,Private Sector,Private,J&K Bank,False,0,939,626,1565,14354,942,117340,9572,294330,394.03,18742.73,19136.76,4251582,5539967,2416383,279379.73,34697.85,314077.58,True
2024,2,Karnataka Bank,Private Sector,Private,Karnataka Bank,False,0,914,580,1494,10089,0,0,0,0,0.0,0.0,0.0,5221403,3856041,936533,185219.12,19132.73,204351.85,True
2024,2,Karur Vysya Bank,Private Sector,Private,Karur Vysya Bank,False,0,1454,800,2254,8831,0,10415,808,36046,61.47,3051.97,3113.44,4739291,4307497,1281878,210256.33,33432.44,243688.77,True
2024,2,Kotak Mahindra Bank,Private Sector,Private,Kotak Mahindra Bank,False,0,1759,1507,3266,77238,4427,6042418,40889,14220227,1836.8,610556.32,612393.12,33603903,12896479,4451125,537241.68,112146.91,649388.59,True
2024,2,Nainital Bank,Private Sector,Private,Nainital Bank,False,0,0,0,0,0,0,0,0,0,0.0,0.0,0.0,247406,72873,21167,3476.58,479.08,3955.66,True
2024,2,Number - Outstanding (As On Month End),Private Sector,Private,Number - Outstanding (As On Month End),False,0,0,0,0,0,0,0,0,0,0.0,0.0,0.0,0,0,0,0.0,0.0,0.0,False
2024,2,RBL Bank,Private Sector,Private,RBL Bank,False,0,360,36,396,848765,0,5161788,40983,9980992,1549.38,700805.84,702355.22,1469217,952774,312973,42139.91,12189.03,54328.94,True
2024,2,South Indian Bank,Private Sector,Private,South Indian Bank,False,0,905,417,1322,16427,0,400776,0,1492654,0.0,79793.38,79793.38,3787113,2898499,1313663,140498.09,33206.56,173704.65,True
2024,2,Tamilnad Mercantile Bank,Private Sector,Private,Tamilnad Mercantile Bank,False,0,496,661,1157,1951,0,31966,2287,56431,86.02,2904.2,2990.22,2281094,4740501,367540,204285.43,9577.0,213862.43,True
2024,2,Yes Bank,Private Sector,Private,Yes Bank,False,0,1119,168,1287,74841,89795,1982392,16642,5291543,795.24,234946.02,235741.26,5292759,2548231,849473,127096.0,24723.94,151819.94,True
2024,2,Bank of Baroda,Public Sector,Public,Bank of Baroda,False,0,8397,2634,11031,36789,45438,2383405,16216,4404334,767.06,226526.78,227293.84,94658170,24544489,4760361,1201980.63,121221.52,1323202.15,True
2024,2,Bank of India,Public Sector,Public,Bank of India,False,0,5329,2899,8228,43330,17963,75310,9774,202279,601.71,8360.65,8962.36,46297797,15600972,3452583,645634.94,67440.18,713075.12,True
2024,2,Bank of Maharashtra,Public Sector,Public,Bank of Maharashtra,False,0,2006,160,2166,1483,1850,32985,879,66946,40.31,3193.81,3234.12,13523696,5891868,1642333,258177.15,28236.25,286413.4,True
2024,2,Canara Bank,Public Sector,Public,Canara Bank,False,0,8170,3969,12139,75006,13427,855216,90759,1380603,5032.33,58392.54,63424.87,57563848,31145505,7478354,1488554.5,196099.36,1684653.86,True
2024,2,Central Bank of India,Public Sector,Public,Central Bank of India,False,0,2857,1144,4001,2917,2453,0,0,0,0.0,0.0,0.0,29024107,8824544,1905948,414504.03,48204.04,462708.07,True
2024,2,IDBI Bank,Public Sector,Public,IDBI Bank,False,0,2309,1000,3309,17918,123,35511,404,115280,22.61,4162.13,4184.74,11730776,5612262,1698887,281871.6,40065.17,321936.77,True
2024,2,Indian Bank,Public Sector,Public,Indian Bank,False,0,4320,597,4917,21523,11212,218582,4963,277980,364.82,15738.69,16103.51,32243209,19946716,4445430,940327.31,95160.61,1035487.92,True
2024,2,Indian Overseas Bank,Public Sector,Public,Indian Overseas Bank,False,0,2774,731,3505,0,0,82641,2537,86984,119.71,2664.61,2784.32,18166090,11765916,2932927,499109.3,62454.78,561564.08,True
2024,2,Punjab & Sind Bank,Public Sector,Public,Punjab & Sind Bank,False,0,994,26,1020,641,547,0,0,0,0.0,0.0,0.0,4013638,1465674,504415,70807.92,12976.02,83783.94,True
2024,2,Punjab National Bank,Public Sector,Public,Punjab National Bank,False,0,7797,4347,12144,37279,11265,531098,9698,606186,270.87,28148.99,28419.86,39776588,26134628,6377365,1337664.31,159419.62,1497083.93,True
2024,2,State Bank of India,Public Sector,Public,State Bank of India,False,0,24990,39157,64147,1315085,53283,18751636,124449,51333670,5036.77,2324779.26,2329816.03,227875320,161707942,42413606,8363425.42,1004291.72,9367717.14,True
2024,2,UCO Bank,Public Sector,Public,UCO Bank,False,0,2247,228,2475,10964,3568,0,0,0,0.0,0.0,0.0,12924103,6544659,1578043,306288.46,37061.54,343350.0,True
2024,2,Union Bank of India,Public Sector,Public,Union Bank of India,False,0,7696,1995,9691,39105,8002,798551,21806,1988633,1134.93,61616.71,62751.64,54243842,45510090,8151692,1380471.6,173269.5,1553741.1,True
2024,2,AU Small Finance Bank,Small Finance Banks,Small Finance,AU Small Finance Bank,False,0,502,3,505,0,397,915908,5150,2375352,290.24,170132.86,170423.1,2971296,1095164,449386,75305.2,14369.35,89674.55,True
2024,2,Capital Small Finance Bank,Small Finance Banks,Small Finance,Capital Small Finance Bank,False,0,175,2,177,0,0,0,0,0,0.0,0.0,0.0,256465,109843,30849,6310.28,1061.28,7371.56,True
2024,2,ESAF Small Finance Bank,Small Finance Banks,Small Finance,ESAF Small Finance Bank,False,0,607,2,609,0,4360,0,0,0,0.0,0.0,0.0,5602506,1038452,191427,52899.92,3298.14,56198.06,True
2024,2,Equitas Small Finance Bank,Small Finance Banks,Small Finance,Equitas Small Finance Bank,False,0,361,4,365,26337,317,0,0,0,0.0,0.0,0.0,1953671,2881880,183352,86009.74,4589.04,90598.78,True
2024,2,Jana Small Finance Bank,Small Finance Banks,Small Finance,Jana Small Finance Bank,False,0,59,2,61,0,156,0,0,0,0.0,0.0,0.0,3187536,414575,50883,21637.06,1052.02,22689.08,True
2024,2,North East Small Finance Bank,Small Finance Banks,Small Finance,North East Small Finance Bank,False,0,18,1,19,0,0,0,0,0,0.0,0.0,0.0,425872,47148,5587,2173.62,70.68,2244.3,True
2024,2,Shivalik Small Finance Bank,Small Finance Banks,Small Finance,Shivalik Small Finance Bank,False,0,25,0,25,0,0,0,0,0,0.0,0.0,0.0,81802,33271,7471,1898.44,221.37,2119.81,True
2024,2,Suryoday Small Finance Bank,Small Finance Banks,Small Finance,Suryoday Small Finance Bank,False,0,0,0,0,0,67,0,0,0,0.0,0.0,0.0,754402,388687,38077,4184.66,436.18,4620.84,True
2024,2,Ujjivan Small Finance Bank,Small Finance Banks,Small Finance,Ujjivan Small Finance Bank,False,0,588,4,592,0,0,0,0,0,0.0,0.0,0.0,10118921,3583863,274429,154695.48,5894.62,160590.1,True
2024,2,Unity Small Finance Bank,Small Finance Banks,Small Finance,Unity Small Finance Bank,False,0,231,0,231,28,0,0,0,0,0.0,0.0,0.0,36,23,3,0.12,0.01,0.13,True
2024,2,Utkarsh Small Finance Bank,Small Finance Banks,Small Finance,Utkarsh Small Finance Bank,False,0,313,7,320,0,607,424,0,536,0.0,36.17,36.17,1854652,329321,40947,14212.85,998.67,15211.52,True
2024,3,American Express,Foreign Banks,Foreign,American Express,False,0,0,0,0,50090,0,1348225,0,5036839,0.0,464758.43,464758.43,0,0,0,0.0,0.0,0.0,True
2024,3,Bank of America,Foreign Banks,Foreign,Bank of America,False,0,0,0,0,0,0,0,0,0,0.0,0.0,0.0,0,0,0,0.0,0.0,0.0,False
2024,3,Bank of Bahrain & Kuwait,Foreign Banks,Foreign,Bank of Bahrain & Kuwait,False,0,2,0,2,0,0,0,0,0,0.0,0.0,0.0,173,1512,1392,82.17,72.18,154.35,True
2024,3,Barclays Bank,Foreign Banks,Foreign,Barclays Bank,False,0,0,0,0,0,0,0,0,0,0.0,0.0,0.0,788,393,21,35.63,2.65,38.28,True
2024,3,Citi Bank,Foreign Banks,Foreign,Axis Bank,True,2023,0,0,0,0,0,198348,751,389066,57.55,39212.27,39269.82,0,0,0,0.0,0.0,0.0,True
2024,3,DBS Bank,Foreign Banks,Foreign,DBS Bank,False,0,436,472,908,610,93,533372,3854,712257,115.7,43836.97,43952.67,2014033,890448,357562,46551.66,8586.68,55138.34,True
2024,3,Deutsche Bank,Foreign Banks,Foreign,Deutsche Bank,False,0,13,2,15,0,0,0,0,0,0.0,0.0,0.0,118573,35626,46792,2142.52,1680.66,3823.18,True
2024,3,Doha Bank,Foreign Banks,Foreign,Doha Bank,False,0,2,0,2,0,0,0,0,0,0.0,0.0,0.0,21345,1937,747,110.43,19.39,129.82,True
2024,3,HSBC,Foreign Banks,Foreign,HSBC,False,0,46,28,74,0,0,660477,1904,2066512,138.59,94485.38,94623.97,726282,255623,264908,15424.1,11328.39,26752.49,True
2024,3,KEB Hana Bank,Foreign Banks,Foreign,KEB Hana Bank,False,0,1,0,1,0,0,0,0,0,0.0,0.0,0.0,1440,411,2481,27.88,83.27,111.15,True
2024,3,Kookmin Bank,Foreign Banks,Foreign,Kookmin Bank,False,0,1,0,1,0,0,0,0,0,0.0,0.0,0.0,373,193,1038,13.5,33.68,47.18,True
2024,3,SBM Bank,Foreign Banks,Foreign,SBM Bank,False,0,0,0,0,0,2104,940019,2538,763750,94.68,11857.6,11952.28,772513,151225,19851,2332.21,542.02,2874.23,True
2024,3,Standard Chartered Bank,Foreign Banks,Foreign,Standard Chartered Bank,False,0,102,64,166,0,0,1021986,2702,2636726,166.42,113734.47,113900.89,1105271,754926,624938,38855.25,19616.79,58472.04,True
2024,3,Woori Bank,Foreign Banks,Foreign,Woori Bank,False,0,0,0,0,0,0,0,0,0,0.0,0.0,0.0,1139,835,3571,61.7,115.2,176.9,True
2024,3,Airtel Payments Bank,Payment Banks,Payments Bank,Airtel Payments Bank,False,0,0,0,0,0,124631,0,0,0,0.0,0.0,0.0,2034935,161391,254774,7252.59,3579.28,10831.87,True
2024,3,Fino Payments Bank,Payment Banks,Payments Bank,Fino Payments Bank,False,0,0,0,0,0,413963,0,0,0,0.0,0.0,0.0,9075907,2367454,178896,79202.13,5190.18,84392.31,True
2024,3,India Post Payments Bank,Payment Banks,Payments Bank,India Post Payments Bank,False,0,0,0,0,0,353810,0,0,0,0.0,0.0,0.0,15412517,0,360077,0.0,1145.26,1145.26,True
2024,3,Jio Payments Bank,Payment Banks,Payments Bank,Jio Payments Bank,False,0,0,0,0,0,0,0,0,0,0.0,0.0,0.0,56,14,18,0.22,0.19,0.41,True
2024,3,NSDL Payments Bank,Payment Banks,Payments Bank,NSDL Payments Bank,False,0,0,0,0,0,495047,0,0,0,0.0,0.0,0.0,907860,74854,41561,1930.92,303.39,2234.31,True
2024,3,Paytm Payments Bank,Payment Banks,Payments Bank,Paytm Payments Bank,False,0,0,0,0,724593,0,0,0,0,0.0,0.0,0.0,32299494,259659,168293,11375.77,2918.03,14293.8,True
2024,3,At Pos,Private Sector,Private,At Pos,False,0,0,0,0,0,0,0,0,0,0.0,0.0,0.0,0,0,0,0.0,0.0,0.0,False
2024,3,Atms & Crms,Private Sector,Private,Atms & Crms,False,0,0,0,0,0,0,0,0,0,0.0,0.0,0.0,0,0,0,0.0,0.0,0.0,False
2024,3,Axis Bank,Private Sector,Private,Axis Bank,False,0,6244,9760,16004,1760488,714,14211482,83497,52111259,3894.15,1894137.19,1898031.34,34648678,20329583,8676813,1314001.42,338074.98,1652076.4,True
2024,3,Bandhan Bank,Private Sector,Private,Bandhan Bank,False,0,433,5,438,57444,0,21,8,140,0.22,1.24,1.46,5590073,2428069,403060,138326.56,13269.06,151595.62,True
2024,3,City Union Bank,Private Sector,Private,City Union Bank,False,0,1140,537,1677,7306,65842,27876,329,81759,14.42,4748.24,4762.66,2762488,2682770,468677,147241.95,12312.36,159554.31,True
2024,3,Csb Bank Ltd.,Private Sector,Private,Csb Bank Ltd.,False,0,683,48,731,0,0,83114,0,276023,0.0,18020.75,18020.75,870605,469092,188489,23343.79,4162.65,27506.44,True
2024,3,DCB Bank,Private Sector,Private,DCB Bank,False,0,413,5,418,8083,0,0,0,0,0.0,0.0,0.0,860723,482964,123357,16539.04,3987.07,20526.11,True
2024,3,Dhanlaxmi Bank,Private Sector,Private,Dhanlaxmi Bank,False,0,239,41,280,1540,0,11424,251,30915,8.57,841.76,850.33,542549,484902,181112,21330.77,3433.92,24764.69,True
2024,3,Federal Bank,Private Sector,Private,Federal Bank,False,0,1678,335,2013,19594,947,967758,4532,3727344,217.39,170054.93,170272.32,13573682,8669999,4738175,441109.77,131346.69,572456.46,True
2024,3,Fincare Small Finance Bank Ltd,Private Sector,Private,Fincare Small Finance Bank Ltd,False,0,171,0,171,0,436,0,0,0,0.0,0.0,0.0,5609683,1007863,48683,52361.92,877.81,53239.73,True
2024,3,HDFC Bank,Private Sector,Private,HDFC Bank,False,0,11649,9289,20938,1561720,4664,20590921,211266,88602647,13093.83,4374129.9,4387223.73,54675099,39592774,22464449,2581178.75,782707.73,3363886.48,True
2024,3,ICICI Bank,Private Sector,Private,ICICI Bank,False,0,9994,7189,17183,1691273,10005,16954660,73534,64534488,3511.61,3073311.54,3076823.15,32311395,18745975,11827169,1327516.15,513587.05,1841103.2,True
2024,3,IDFC First Bank,Private Sector,Private,IDFC First Bank,False,0,853,311,1164,45641,9656,2572191,29730,8685080,1301.86,299380.38,300682.24,6417230,4353394,1047708,219885.24,45764.42,265649.66,True
2024,3,IndusInd Bank,Private Sector,Private,IndusInd Bank,False,0,1820,1136,2956,222295,146,2893286,28553,8466618,1501.34,807649.46,809150.8,10761578,4457919,1580814,288283.21,58654.37,346937.58,True
2024,3,J&K Bank,Private Sector,Private,J&K Bank,False,0,943,626,1569,14304,942,117580,10141,293014,407.17,19947.17,20354.34,4306863,5908559,2442658,298287.09,33485.75,331772.84,True
2024,3,Karnataka Bank,Private Sector,Private,Karnataka Bank,False,0,916,579,1495,10083,0,0,0,0,0.0,0.0,0.0,5249123,4152518,991356,200387.59,20615.03,221002.62,True
2024,3,Karur Vysya Bank,Private Sector,Private,Karur Vysya Bank,False,0,1463,799,2262,8846,0,10229,847,38982,64.53,3365.29,3429.82,4784642,4611752,1334989,224836.37,35653.01,260489.38,True
2024,3,Kotak Mahindra Bank,Private Sector,Private,Kotak Mahindra Bank,False,0,1766,1525,3291,78429,4435,5954361,48751,17104256,2174.66,730149.75,732324.41,34269936,14150680,4825678,610766.44,125907.36,736673.8,True
2024,3,Nainital Bank,Private Sector,Private,Nainital Bank,False,0,0,0,0,0,0,0,0,0,0.0,0.0,0.0,251780,82121,23906,3962.66,509.73,4472.39,True
2024,3,Number - Outstanding (As On Month End),Private Sector,Private,Number - Outstanding (As On Month End),False,0,0,0,0,0,0,0,0,0,0.0,0.0,0.0,0,0,0,0.0,0.0,0.0,False
2024,3,RBL Bank,Private Sector,Private,RBL Bank,False,0,359,36,395,863590,0,5189180,47097,10746575,1863.81,790024.96,791888.77,1485100,749141,308072,36458.41,13028.65,49487.06,True
2024,3,South Indian Bank,Private Sector,Private,South Indian Bank,False,0,909,412,1321,17787,0,405166,0,1602262,0.0,88563.85,88563.85,3658353,3094164,1335419,153532.74,35591.07,189123.81,True
2024,3,Tamilnad Mercantile Bank,Private Sector,Private,Tamilnad Mercantile Bank,False,0,498,660,1158,1935,0,31797,2414,61893,98.77,3138.18,3236.95,2259736,5058540,398043,218119.06,10802.73,228921.79,True
2024,3,Yes Bank,Private Sector,Private,Yes Bank,False,0,1121,167,1288,75703,92316,2067536,18726,6046266,921.23,271413.95,272335.18,4829134,2678634,899063,137267.94,27112.52,164380.46,True
2024,3,Bank of Baroda,Public Sector,Public,Bank of Baroda,False,0,8417,2634,11051,38294,45710,2520187,19170,4806527,923.31,245847.68,246770.99,95411796,26474545,4862008,1307956.84,126481.85,1434438.69,True
2024,3,Bank of India,Public Sector,Public,Bank of India,False,0,5329,2900,8229,43791,18933,75579,9739,205806,595.9,8566.75,9162.65,45315703,16833661,3716214,705819.01,72937.0,778756.01,True
2024,3,Bank of Maharashtra,Public Sector,Public,Bank of Maharashtra,False,0,1865,36,1901,1453,1848,32971,925,66703,45.69,3234.35,3280.04,13586801,6332908,1740980,281504.62,30272.46,311777.08,True
2024,3,Canara Bank,Public Sector,Public,Canara Bank,False,0,8198,3958,12156,78248,13167,864237,98056,1502199,5392.42,63041.96,68434.38,57385960,34638435,7936050,1659261.72,212629.87,1871891.59,True
2024,3,Central Bank of India,Public Sector,Public,Central Bank of India,False,0,2857,1144,4001,3034,2453,0,0,0,0.0,0.0,0.0,29265688,9555215,1999901,454269.98,50450.64,504720.62,True
2024,3,IDBI Bank,Public Sector,Public,IDBI Bank,False,0,2317,986,3303,13608,60,35872,458,120988,26.08,4407.27,4433.35,11818013,6020356,1749195,306866.91,42121.96,348988.87,True
2024,3,Indian Bank,Public Sector,Public,Indian Bank,False,0,4336,601,4937,21580,11297,222325,5202,343572,367.43,21861.48,22228.91,32269734,21585493,4504968,1017545.6,97648.91,1115194.51,True
2024,3,Indian Overseas Bank,Public Sector,Public,Indian Overseas Bank,False,0,2774,731,3505,0,0,83346,2484,90057,123.53,2712.49,2836.02,18163069,12741764,3102167,538988.92,66216.3,605205.22,True
2024,3,Punjab & Sind Bank,Public Sector,Public,Punjab & Sind Bank,False,0,1009,26,1035,673,751,0,0,0,0.0,0.0,0.0,3919246,1572672,521180,75289.94,12589.45,87879.39,True
2024,3,Punjab National Bank,Public Sector,Public,Punjab National Bank,False,0,7794,4337,12131,37664,11265,523489,10353,649404,299.3,30472.79,30772.09,40080990,28996422,6898408,1483564.63,169073.65,1652638.28,True
2024,3,State Bank of India,Public Sector,Public,State Bank of India,False,0,24513,39067,63580,1366851,51722,18889005,140526,57437736,5840.2,2496491.77,2502331.97,228683311,172320753,44185452,8890194.27,1049926.64,9940120.91,True
2024,3,UCO Bank,Public Sector,Public,UCO Bank,False,0,2249,228,2477,10993,3568,0,0,0,0.0,0.0,0.0,12911872,7052685,1663498,329601.63,38204.58,367806.21,True
2024,3,Union Bank of India,Public Sector,Public,Union Bank of India,False,0,7692,1999,9691,39221,8006,805836,19546,1956445,986.83,58250.95,59237.78,54364252,48309877,8494368,1486844.35,182664.66,1669509.01,True
2024,3,AU Small Finance Bank,Small Finance Banks,Small Finance,AU Small Finance Bank,False,0,508,3,511,0,400,958503,5565,2741686,318.5,194168.63,194487.13,3003666,1207755,485370,84868.59,16378.94,101247.53,True
2024,3,Capital Small Finance Bank,Small Finance Banks,Small Finance,Capital Small Finance Bank,False,0,177,2,179,0,0,0,0,0,0.0,0.0,0.0,252963,119955,32489,6854.55,1069.66,7924.21,True
2024,3,ESAF Small Finance Bank,Small Finance Banks,Small Finance,ESAF Small Finance Bank,False,0,611,3,614,0,5024,0,0,0,0.0,0.0,0.0,5663442,1172382,192514,63161.04,3445.79,66606.83,True
2024,3,Equitas Small Finance Bank,Small Finance Banks,Small Finance,Equitas Small Finance Bank,False,0,361,4,365,26130,320,0,0,0,0.0,0.0,0.0,1910144,3199843,185893,93555.66,4652.33,98207.99,True
2024,3,Jana Small Finance Bank,Small Finance Banks,Small Finance,Jana Small Finance Bank,False,0,59,2,61,0,162,0,0,0,0.0,0.0,0.0,3257325,546584,62429,28833.91,1418.72,30252.63,True
2024,3,North East Small Finance Bank,Small Finance Banks,Small Finance,North East Small Finance Bank,False,0,18,1,19,0,0,0,0,0,0.0,0.0,0.0,441410,54020,6267,2614.15,83.11,2697.26,True
2024,3,Shivalik Small Finance Bank,Small Finance Banks,Small Finance,Shivalik Small Finance Bank,False,0,0,0,0,0,0,0,0,0,0.0,0.0,0.0,82037,34145,7928,1918.19,251.29,2169.48,True
2024,3,Suryoday Small Finance Bank,Small Finance Banks,Small Finance,Suryoday Small Finance Bank,False,0,0,0,0,0,67,0,0,0,0.0,0.0,0.0,771700,677371,34255,4535.81,418.97,4954.78,True
2024,3,Ujjivan Small Finance Bank,Small Finance Banks,Small Finance,Ujjivan Small Finance Bank,False,0,592,4,596,0,0,0,0,0,0.0,0.0,0.0,10263662,3921340,283700,171477.89,6140.59,177618.48,True
2024,3,Unity Small Finance Bank,Small Finance Banks,Small Finance,Unity Small Finance Bank,False,0,232,0,232,32,0,0,0,0,0.0,0.0,0.0,1162,321,55,6.4,0.68,7.08,True
2024,3,Utkarsh Small Finance Bank,Small Finance Banks,Small Finance,Utkarsh Small Finance Bank,False,0,313,7,320,0,615,377,0,750,0.0,43.56,43.56,1884304,346224,45760,15713.75,1101.51,16815.26,True
2024,4,American Express,Foreign Banks,Foreign,American Express,False,0,0,0,0,50188,0,1354029,0,4883164,0.0,447951.44,447951.44,0,0,0,0.0,0.0,0.0,True
2024,4,Bank of America,Foreign Banks,Foreign,Bank of America,False,0,0,0,0,0,0,0,0,0,0.0,0.0,0.0,0,0,0,0.0,0.0,0.0,False
2024,4,Bank of Bahrain & Kuwait,Foreign Banks,Foreign,Bank of Bahrain & Kuwait,False,0,0,0,0,0,0,0,0,0,0.0,0.0,0.0,272,1451,1367,79.42,74.13,153.55,True
2024,4,Barclays Bank,Foreign Banks,Foreign,Barclays Bank,False,0,0,0,0,0,0,0,0,0,0.0,0.0,0.0,769,375,159,34.21,9.23,43.44,True
2024,4,Citi Bank,Foreign Banks,Foreign,Axis Bank,True,2023,0,0,0,0,0,202096,610,364473,48.06,38086.93,38134.99,0,0,0,0.0,0.0,0.0,True
2024,4,DBS Bank,Foreign Banks,Foreign,DBS Bank,False,0,438,472,910,624,93,555259,3978,695916,123.71,40029.41,40153.12,2021885,836807,347493,44128.67,8608.81,52737.48,True
2024,4,Deutsche Bank,Foreign Banks,Foreign,Deutsche Bank,False,0,13,2,15,0,0,0,0,0,0.0,0.0,0.0,112062,32019,42564,1909.31,1494.71,3404.02,True
2024,4,Doha Bank,Foreign Banks,Foreign,Doha Bank,False,0,2,0,2,0,0,0,0,0,0.0,0.0,0.0,21520,2061,1067,116.9,30.96,147.86,True
2024,4,HSBC,Foreign Banks,Foreign,HSBC,False,0,46,28,74,0,0,666161,2213,2093638,156.85,89259.56,89416.41,735223,229932,243629,13719.41,10542.02,24261.43,True
2024,4,KEB Hana Bank,Foreign Banks,Foreign,KEB Hana Bank,False,0,1,0,1,0,0,0,0,0,0.0,0.0,0.0,1453,357,1402,23.46,49.01,72.47,True
2024,4,Kookmin Bank,Foreign Banks,Foreign,Kookmin Bank,False,0,1,0,1,0,0,0,0,0,0.0,0.0,0.0,379,158,1080,9.28,29.96,39.24,True
2024,4,SBM Bank,Foreign Banks,Foreign,SBM Bank,False,0,0,0,0,0,2066,934735,3414,717359,129.45,12033.11,12162.56,777851,122174,18346,1532.85,480.47,2013.32,True
2024,4,Standard Chartered Bank,Foreign Banks,Foreign,Standard Chartered Bank,False,0,102,63,165,0,0,1025619,3107,2782770,190.47,112576.39,112766.86,1082311,683472,577015,34912.51,18846.64,53759.15,True
2024,4,Woori Bank,Foreign Banks,Foreign,Woori Bank,False,0,0,0,0,0,0,0,0,0,0.0,0.0,0.0,1152,849,3428,61.26,109.74,171.0,True
2024,4,Airtel Payments Bank,Payment Banks,Payments Bank,Airtel Payments Bank,False,0,0,0,0,0,123461,0,0,0,0.0,0.0,0.0,2632166,168081,300959,7396.49,3204.93,10601.42,True
2024,4,Fino Payments Bank,Payment Banks,Payments Bank,Fino Payments Bank,False,0,0,0,0,0,418646,0,0,0,0.0,0.0,0.0,9202408,2193698,163729,73581.81,4129.97,77711.78,True
2024,4,India Post Payments Bank,Payment Banks,Payments Bank,India Post Payments Bank,False,0,0,0,0,0,351198,0,0,0,0.0,0.0,0.0,15836363,0,429092,0.0,1132.66,1132.66,True
2024,4,Jio Payments Bank,Payment Banks,Payments Bank,Jio Payments Bank,False,0,0,0,0,0,0,0,0,0,0.0,0.0,0.0,64,1,2,0.04,0.0,0.04,True
2024,4,NSDL Payments Bank,Payment Banks,Payments Bank,NSDL Payments Bank,False,0,0,0,0,0,466793,0,0,0,0.0,0.0,0.0,992256,98830,43304,1927.92,323.78,2251.7,True
2024,4,Paytm Payments Bank,Payment Banks,Payments Bank,Paytm Payments Bank,False,0,0,0,0,0,0,0,0,0,0.0,0.0,0.0,32285282,3136,8411,94.13,60.16,154.29,True
2024,4,At Pos,Private Sector,Private,At Pos,False,0,0,0,0,0,0,0,0,0,0.0,0.0,0.0,0,0,0,0.0,0.0,0.0,False
2024,4,Atms & Crms,Private Sector,Private,Atms & Crms,False,0,0,0,0,0,0,0,0,0,0.0,0.0,0.0,0,0,0,0.0,0.0,0.0,False
2024,4,Axis Bank,Private Sector,Private,Axis Bank,False,0,6284,9574,15858,1811550,541,14223475,93310,54955451,4360.86,1848676.89,1853037.75,35129160,19230030,8159034,1229951.38,324816.64,1554768.02,True
2024,4,Bandhan Bank,Private Sector,Private,Bandhan Bank,False,0,433,5,438,58044,0,27,3,109,0.06,1.19,1.25,5644892,2283995,385614,128168.93,13224.82,141393.75,True
2024,4,City Union Bank,Private Sector,Private,City Union Bank,False,0,1147,534,1681,7012,68561,27964,369,78197,17.08,4246.39,4263.47,2781266,2533108,449877,138583.21,12813.66,151396.87,True
2024,4,Csb Bank Ltd.,Private Sector,Private,Csb Bank Ltd.,False,0,692,49,741,0,0,90439,0,252927,0.0,16001.81,16001.81,872933,440614,191113,22311.49,4443.92,26755.41,True
2024,4,DCB Bank,Private Sector,Private,DCB Bank,False,0,413,5,418,8047,0,0,0,0,0.0,0.0,0.0,879606,376918,121931,15353.7,3899.08,19252.78,True
2024,4,Dhanlaxmi Bank,Private Sector,Private,Dhanlaxmi Bank,False,0,240,40,280,1571,0,11454,261,29816,9.3,794.37,803.67,540660,454668,181034,20412.22,3641.72,24053.94,True
2024,4,Federal Bank,Private Sector,Private,Federal Bank,False,0,1687,336,2023,20236,947,969871,3214,3544288,144.27,149698.51,149842.78,13644506,8293021,4855636,427655.47,136271.9,563927.37,True
2024,4,HDFC Bank,Private Sector,Private,HDFC Bank,False,0,11904,9114,21018,1476272,4728,20822152,222283,88406225,13750.11,4089889.19,4103639.3,55385752,37200707,20029926,2418241.46,754051.23,3172292.69,True
2024,4,ICICI Bank,Private Sector,Private,ICICI Bank,False,0,10068,7100,17168,1705364,9809,17008241,76675,63400448,3702.88,2940312.96,2944015.84,32216763,17404171,10938943,1223564.84,470490.61,1694055.45,True
2024,4,IDFC First Bank,Private Sector,Private,IDFC First Bank,False,0,883,308,1191,44837,9605,2654208,29440,8807735,1274.69,281315.85,282590.54,6484278,4126939,989533,208291.66,40515.02,248806.68,True
2024,4,IndusInd Bank,Private Sector,Private,IndusInd Bank,False,0,1838,1138,2976,235181,146,2936739,28770,8451507,1523.75,758735.38,760259.13,10935392,4200096,1518071,261625.93,54374.34,316000.27,True
2024,4,J&K Bank,Private Sector,Private,J&K Bank,False,0,942,627,1569,14306,942,118333,9254,305038,383.31,18813.22,19196.53,4340498,5848735,2522955,319852.73,33245.19,353097.92,True
2024,4,Karnataka Bank,Private Sector,Private,Karnataka Bank,False,0,918,579,1497,10130,0,0,0,0,0.0,0.0,0.0,5277270,3963298,954626,191367.13,20863.86,212230.99,True
2024,4,Karur Vysya Bank,Private Sector,Private,Karur Vysya Bank,False,0,1469,801,2270,8896,0,10244,669,36361,49.73,2996.2,3045.93,4822628,4334989,1264770,213875.36,35350.13,249225.49,True
2024,4,Kotak Mahindra Bank,Private Sector,Private,Kotak Mahindra Bank,False,0,1770,1480,3250,79046,4441,6000473,51214,17280640,2295.05,704581.5,706876.55,34607507,12006143,4590865,577560.48,116093.76,693654.24,True
2024,4,Nainital Bank,Private Sector,Private,Nainital Bank,False,0,0,0,0,0,0,0,0,0,0.0,0.0,0.0,255210,77690,22819,3834.97,496.93,4331.9,True
2024,4,Number - Outstanding (As On Month End),Private Sector,Private,Number - Outstanding (As On Month End),False,0,0,0,0,0,0,0,0,0,0.0,0.0,0.0,0,0,0,0.0,0.0,0.0,False
2024,4,RBL Bank,Private Sector,Private,RBL Bank,False,0,360,36,396,1517438,0,5214593,48765,10138177,1969.76,691069.46,693039.22,1492756,582128,292556,31463.24,13209.21,44672.45,True
2024,4,South Indian Bank,Private Sector,Private,South Indian Bank,False,0,910,410,1320,18152,0,403742,0,1488770,0.0,78396.31,78396.31,3673619,2945638,1394665,149220.92,38700.37,187921.29,True
2024,4,Tamilnad Mercantile Bank,Private Sector,Private,Tamilnad Mercantile Bank,False,0,502,659,1161,2005,0,31790,2074,58687,79.8,2915.43,2995.23,2302391,4742772,398081,208260.95,10741.9,219002.85,True
2024,4,Yes Bank,Private Sector,Private,Yes Bank,False,0,1130,167,1297,77292,98118,2111216,20282,6072935,1019.03,257524.35,258543.38,4875350,2646574,854218,133729.7,25703.59,159433.29,True
2024,4,Bank of Baroda,Public Sector,Public,Bank of Baroda,False,0,8083,2631,10714,38491,45378,2553872,19695,4733275,965.21,235412.56,236377.77,80700138,25103105,4626492,1251658.74,123516.42,1375175.16,True
2024,4,Bank of India,Public Sector,Public,Bank of India,False,0,5329,2900,8229,43215,18933,75738,8833,212534,545.95,8822.05,9368.0,45111110,15945755,3562555,674430.79,73089.69,747520.48,True
2024,4,Bank of Maharashtra,Public Sector,Public,Bank of Maharashtra,False,0,1970,85,2055,1466,1844,32900,901,69994,44.89,3323.71,3368.6,13667691,5859767,1611433,263559.74,28731.86,292291.6,True
2024,4,Canara Bank,Public Sector,Public,Canara Bank,False,0,8217,3953,12170,75919,13167,864054,88198,1395469,4853.51,58357.64,63211.15,57567033,32623190,7716194,1584017.33,218215.43,1802232.76,True
2024,4,Central Bank of India,Public Sector,Public,Central Bank of India,False,0,2857,1144,4001,3060,2453,0,0,0,0.0,0.0,0.0,29024244,9086255,1953489,436341.01,49888.63,486229.64,True
2024,4,IDBI Bank,Public Sector,Public,IDBI Bank,False,0,2326,982,3308,14167,1539,35257,498,132504,26.91,4808.24,4835.15,11832828,5636443,1642819,287280.02,40354.56,327634.58,True
2024,4,Indian Bank,Public Sector,Public,Indian Bank,False,0,4383,606,4989,21590,11322,222890,4836,320366,353.67,18376.0,18729.67,32289290,20256553,4306661,967287.77,101337.1,1068624.87,True
2024,4,Indian Overseas Bank,Public Sector,Public,Indian Overseas Bank,False,0,2773,732,3505,0,6561,82752,2458,89051,121.92,2701.9,2823.82,18336099,11979763,2998747,513956.4,68216.61,582173.01,True
2024,4,Punjab & Sind Bank,Public Sector,Public,Punjab & Sind Bank,False,0,1012,26,1038,687,964,0,0,0,0.0,0.0,0.0,3901929,1514312,512403,72585.96,12460.47,85046.43,True
2024,4,Punjab National Bank,Public Sector,Public,Punjab National Bank,False,0,7797,4306,12103,37435,11265,529200,9915,626081,293.06,29414.38,29707.44,40132781,26300345,6232492,1361193.96,156423.12,1517617.08,True
2024,4,State Bank of India,Public Sector,Public,State Bank of India,False,0,24660,38673,63333,1380125,51268,19003597,148211,56776344,6223.46,2459518.69,2465742.15,229196981,166926036,43278383,8755792.64,1083543.75,9839336.39,True
2024,4,UCO Bank,Public Sector,Public,UCO Bank,False,0,2249,229,2478,10834,3568,0,0,0,0.0,0.0,0.0,12939824,6719682,1655127,317843.05,38911.89,356754.94,True
2024,4,Union Bank of India,Public Sector,Public,Union Bank of India,False,0,7687,2004,9691,39883,8003,789716,17278,2286687,772.97,66227.91,67000.88,54461957,44396414,8119724,1411388.83,181191.7,1592580.53,True
2024,4,AU Small Finance Bank,Small Finance Banks,Small Finance,AU Small Finance Bank,False,0,687,5,692,0,840,976536,5888,2662282,341.44,176873.97,177215.41,8633841,2027924,406746,121631.62,14660.5,136292.12,True
2024,4,Capital Small Finance Bank,Small Finance Banks,Small Finance,Capital Small Finance Bank,False,0,177,2,179,0,0,0,0,0,0.0,0.0,0.0,248266,114682,30203,6469.41,991.78,7461.19,True
2024,4,ESAF Small Finance Bank,Small Finance Banks,Small Finance,ESAF Small Finance Bank,False,0,613,3,616,0,5170,0,0,0,0.0,0.0,0.0,5700155,936899,189790,46491.34,3435.96,49927.3,True
2024,4,Equitas Small Finance Bank,Small Finance Banks,Small Finance,Equitas Small Finance Bank,False,0,361,4,365,25683,320,0,0,0,0.0,0.0,0.0,1839558,2934948,182941,80381.3,4627.57,85008.87,True
2024,4,Jana Small Finance Bank,Small Finance Banks,Small Finance,Jana Small Finance Bank,False,0,59,2,61,0,152,0,0,0,0.0,0.0,0.0,3312057,458852,55036,23664.71,1316.73,24981.44,True
2024,4,North East Small Finance Bank,Small Finance Banks,Small Finance,North East Small Finance Bank,False,0,19,1,20,0,0,0,0,0,0.0,0.0,0.0,447833,52200,6436,2422.23,81.82,2504.05,True
2024,4,Shivalik Small Finance Bank,Small Finance Banks,Small Finance,Shivalik Small Finance Bank,False,0,0,0,0,0,0,0,0,0,0.0,0.0,0.0,79599,31887,7561,1803.48,239.47,2042.95,True
2024,4,Suryoday Small Finance Bank,Small Finance Banks,Small Finance,Suryoday Small Finance Bank,False,0,0,0,0,0,67,0,0,0,0.0,0.0,0.0,736906,98061,39131,3909.21,473.02,4382.23,True
2024,4,Ujjivan Small Finance Bank,Small Finance Banks,Small Finance,Ujjivan Small Finance Bank,False,0,596,4,600,0,0,0,0,0,0.0,0.0,0.0,7013676,3389327,265572,144268.67,5517.2,149785.87,True
2024,4,Unity Small Finance Bank,Small Finance Banks,Small Finance,Unity Small Finance Bank,False,0,232,0,232,0,0,0,0,0,0.0,0.0,0.0,9281,2821,552,77.93,7.86,85.79,True
2024,4,Utkarsh Small Finance Bank,Small Finance Banks,Small Finance,Utkarsh Small Finance Bank,False,0,313,7,320,0,624,380,6,871,0.01,43.77,43.78,1895996,299287,42485,14363.14,1054.88,15418.02,True
2024,5,American Express,Foreign Banks,Foreign,American Express,False,0,0,0,0,50270,0,1360555,0,5156145,0.0,484647.63,484647.63,0,0,0,0.0,0.0,0.0,True
2024,5,Bank of America,Foreign Banks,Foreign,Bank of America,False,0,0,0,0,0,0,0,0,0,0.0,0.0,0.0,0,0,0,0.0,0.0,0.0,False
2024,5,Bank of Bahrain & Kuwait,Foreign Banks,Foreign,Bank of Bahrain & Kuwait,False,0,0,0,0,0,0,0,0,0,0.0,0.0,0.0,370,1516,1278,78.36,68.34,146.7,True
2024,5,Barclays Bank,Foreign Banks,Foreign,Barclays Bank,False,0,0,0,0,0,0,0,0,0,0.0,0.0,0.0,773,397,114,36.42,4.38,40.8,True
2024,5,Citi Bank,Foreign Banks,Foreign,Axis Bank,True,2023,0,0,0,0,0,201473,547,385371,43.31,51604.01,51647.32,0,0,0,0.0,0.0,0.0,True
2024,5,DBS Bank,Foreign Banks,Foreign,DBS Bank,False,0,440,340,780,551,93,486482,3912,737085,114.84,44436.31,44551.15,1714035,854713,351281,45473.93,8361.43,53835.36,True
2024,5,Deutsche Bank,Foreign Banks,Foreign,Deutsche Bank,False,0,13,2,15,0,0,0,0,0,0.0,0.0,0.0,112810,32691,40902,1993.23,1425.28,3418.51,True
2024,5,Doha Bank,Foreign Banks,Foreign,Doha Bank,False,0,2,0,2,0,0,0,0,0,0.0,0.0,0.0,21696,2021,1077,114.42,33.01,147.43,True
2024,5,HSBC,Foreign Banks,Foreign,HSBC,False,0,46,28,74,0,0,682467,2322,2168648,171.16,91076.14,91247.3,746654,230916,235000,13873.85,10069.98,23943.83,True
2024,5,KEB Hana Bank,Foreign Banks,Foreign,KEB Hana Bank,False,0,1,0,1,0,0,0,0,0,0.0,0.0,0.0,1474,340,1109,22.55,32.17,54.72,True
2024,5,Kookmin Bank,Foreign Banks,Foreign,Kookmin Bank,False,0,1,0,1,0,0,0,0,0,0.0,0.0,0.0,384,164,1103,10.33,28.17,38.5,True
2024,5,SBM Bank,Foreign Banks,Foreign,SBM Bank,False,0,0,0,0,0,2104,941456,4019,732758,155.98,13471.93,13627.91,783148,56984,17824,1082.13,462.46,1544.59,True
2024,5,Standard Chartered Bank,Foreign Banks,Foreign,Standard Chartered Bank,False,0,102,64,166,0,0,1028511,2657,2680891,168.84,111221.27,111390.11,1090953,679893,564583,35132.45,18255.09,53387.54,True
2024,5,Woori Bank,Foreign Banks,Foreign,Woori Bank,False,0,0,0,0,0,0,0,0,0,0.0,0.0,0.0,1170,700,3503,50.24,115.46,165.7,True
2024,5,Airtel Payments Bank,Payment Banks,Payments Bank,Airtel Payments Bank,False,0,0,0,0,0,126572,0,0,0,0.0,0.0,0.0,2940669,180496,257238,7517.63,2864.62,10382.25,True
2024,5,Fino Payments Bank,Payment Banks,Payments Bank,Fino Payments Bank,False,0,0,0,0,0,422109,0,0,0,0.0,0.0,0.0,9335641,2180857,157609,70777.31,3339.22,74116.53,True
2024,5,India Post Payments Bank,Payment Banks,Payments Bank,India Post Payments Bank,False,0,0,0,0,0,156505,0,0,0,0.0,0.0,0.0,16353298,0,274524,0.0,1048.05,1048.05,True
2024,5,Jio Payments Bank,Payment Banks,Payments Bank,Jio Payments Bank,False,0,0,0,0,0,0,0,0,0,0.0,0.0,0.0,4298,3,57,0.04,1.39,1.43,True
2024,5,NSDL Payments Bank,Payment Banks,Payments Bank,NSDL Payments Bank,False,0,0,0,0,0,490351,0,0,0,0.0,0.0,0.0,1105909,174580,47530,3486.81,414.85,3901.66,True
2024,5,Paytm Payments Bank,Payment Banks,Payments Bank,Paytm Payments Bank,False,0,0,0,0,0,0,0,0,0,0.0,0.0,0.0,32278975,960,3177,25.63,25.94,51.57,True
2024,5,At Pos,Private Sector,Private,At Pos,False,0,0,0,0,0,0,0,0,0,0.0,0.0,0.0,0,0,0,0.0,0.0,0.0,False
2024,5,Atms & Crms,Private Sector,Private,Atms & Crms,False,0,0,0,0,0,0,0,0,0,0.0,0.0,0.0,0,0,0,0.0,0.0,0.0,False
2024,5,Axis Bank,Private Sector,Private,Axis Bank,False,0,6296,8810,15106,1857120,541,14340543,86303,55747231,4077.58,1922514.16,1926591.74,35813397,19108778,8060143,1205895.41,295590.96,1501486.37,True
2024,5,Bandhan Bank,Private Sector,Private,Bandhan Bank,False,0,433,5,438,59262,0,0,0,0,0.0,0.0,0.0,5669330,2267221,368187,126359.59,12382.99,138742.58,True
2024,5,City Union Bank,Private Sector,Private,City Union Bank,False,0,1144,530,1674,7016,67443,28055,386,83719,18.7,5494.91,5513.61,2799359,2634987,461064,145505.1,13567.35,159072.45,True
2024,5,Csb Bank Ltd.,Private Sector,Private,Csb Bank Ltd.,False,0,701,48,749,0,0,104120,0,777443,0.0,19532.94,19532.94,879581,437145,185061,22203.64,4126.8,26330.44,True
2024,5,DCB Bank,Private Sector,Private,DCB Bank,False,0,413,5,418,8034,0,0,0,0,0.0,0.0,0.0,907416,290078,127004,15435.49,4088.26,19523.75,True
2024,5,Dhanlaxmi Bank,Private Sector,Private,Dhanlaxmi Bank,False,0,241,39,280,1519,0,11610,251,30943,8.32,843.19,851.51,541949,449860,179949,20198.48,3667.44,23865.92,True
2024,5,Federal Bank,Private Sector,Private,Federal Bank,False,0,1695,335,2030,20281,589,985499,4261,3715422,198.11,165312.3,165510.41,13628382,8256521,4801559,424835.27,139883.79,564719.06,True
2024,5,HDFC Bank,Private Sector,Private,HDFC Bank,False,0,12062,9070,21132,1487521,4745,21111287,215580,92823516,13511.33,4140648.11,4154159.44,55912530,36659269,19883682,2395755.69,760618.43,3156374.12,True
2024,5,ICICI Bank,Private Sector,Private,ICICI Bank,False,0,10103,6957,17060,1726830,9840,17084977,73163,67521109,3553.68,3198727.88,3202281.56,32215894,17148228,10904514,1207888.15,472424.84,1680312.99,True
2024,5,IDFC First Bank,Private Sector,Private,IDFC First Bank,False,0,894,308,1202,45494,8956,2743113,29012,9363661,1280.38,299308.66,300589.04,6556382,4138363,979342,205125.13,41521.15,246646.28,True
2024,5,IndusInd Bank,Private Sector,Private,IndusInd Bank,False,0,1854,1133,2987,227165,146,2966866,26682,9078236,1394.24,823151.39,824545.63,11138295,4151342,1499756,241521.75,55267.61,296789.36,True
2024,5,J&K Bank,Private Sector,Private,J&K Bank,False,0,943,628,1571,14308,942,120028,9702,304435,376.98,20356.64,20733.62,4389112,5713004,2315933,296073.93,33029.55,329103.48,True
2024,5,Karnataka Bank,Private Sector,Private,Karnataka Bank,False,0,923,580,1503,10254,0,0,0,0,0.0,0.0,0.0,5311239,3920711,951420,191501.64,20801.21,212302.85,True
2024,5,Karur Vysya Bank,Private Sector,Private,Karur Vysya Bank,False,0,1467,798,2265,8963,0,10327,785,36753,61.32,3251.21,3312.53,4864406,4467555,1260194,220983.96,36401.55,257385.51,True
2024,5,Kotak Mahindra Bank,Private Sector,Private,Kotak Mahindra Bank,False,0,1788,1476,3264,74765,4444,5935815,45462,17997329,2105.07,733912.06,736017.13,34461860,11727234,4704169,561625.67,117555.73,679181.4,True
2024,5,Nainital Bank,Private Sector,Private,Nainital Bank,False,0,0,0,0,0,0,0,0,0,0.0,0.0,0.0,258864,78338,22975,3872.54,495.92,4368.46,True
2024,5,Number - Outstanding (As On Month End),Private Sector,Private,Number - Outstanding (As On Month End),False,0,0,0,0,0,0,0,0,0,0.0,0.0,0.0,0,0,0,0.0,0.0,0.0,False
2024,5,RBL Bank,Private Sector,Private,RBL Bank,False,0,361,36,397,1415638,0,5232433,43451,10449757,1749.45,749765.76,751515.21,1505017,575243,290320,30095.52,12102.14,42197.66,True
2024,5,South Indian Bank,Private Sector,Private,South Indian Bank,False,0,910,407,1317,18116,0,401742,0,1518771,0.0,84509.93,84509.93,3681090,2971028,1389719,150499.51,38740.66,189240.17,True
2024,5,Tamilnad Mercantile Bank,Private Sector,Private,Tamilnad Mercantile Bank,False,0,503,659,1162,2192,0,32168,2256,61977,88.5,3127.17,3215.67,2311393,4994518,397875,219789.79,10821.39,230611.18,True
2024,5,Yes Bank,Private Sector,Private,Yes Bank,False,0,1145,168,1313,75836,100847,2152111,18391,6594824,905.08,264406.56,265311.64,4876512,2501525,839917,127161.57,26383.55,153545.12,True
2024,5,Bank of Baroda,Public Sector,Public,Bank of Baroda,False,0,8176,2517,10693,39897,45057,2575688,17763,4872178,873.28,252712.99,253586.27,81434285,24590143,4481695,1207535.92,120503.19,1328039.11,True
2024,5,Bank of India,Public Sector,Public,Bank of India,False,0,5329,2900,8229,42374,19340,75336,9689,204724,590.59,8696.23,9286.82,44929324,15636632,3490311,652134.05,69971.32,722105.37,True
2024,5,Bank of Maharashtra,Public Sector,Public,Bank of Maharashtra,False,0,2045,161,2206,1470,1774,32777,920,68069,45.89,3303.24,3349.13,13709988,5820990,1584794,260929.48,28561.41,289490.89,True
2024,5,Canara Bank,Public Sector,Public,Canara Bank,False,0,8281,3958,12239,77111,13167,887767,92442,1436200,5093.3,61178.54,66271.84,57401577,32083461,7843748,1558275.75,226372.2,1784647.95,True
2024,5,Central Bank of India,Public Sector,Public,Central Bank of India,False,0,2857,1144,4001,3119,2453,0,0,0,0.0,0.0,0.0,28627001,8879663,1914937,416100.41,48664.23,464764.64,True
2024,5,IDBI Bank,Public Sector,Public,IDBI Bank,False,0,2328,970,3298,14062,1539,35605,484,130202,27.91,4888.47,4916.38,11933852,5520011,1591755,279505.39,39230.61,318736.0,True
2024,5,Indian Bank,Public Sector,Public,Indian Bank,False,0,4440,612,5052,21606,11588,226552,5059,328845,373.99,19808.36,20182.35,32302570,20287507,4294219,968564.65,104191.27,1072755.92,True
2024,5,Indian Overseas Bank,Public Sector,Public,Indian Overseas Bank,False,0,2773,732,3505,0,6738,79414,2530,93117,125.48,2841.99,2967.47,18545083,12084295,3049255,515444.51,71490.61,586935.12,True
2024,5,Punjab & Sind Bank,Public Sector,Public,Punjab & Sind Bank,False,0,1021,27,1048,725,1094,0,0,0,0.0,0.0,0.0,3902727,1503131,496131,73126.67,12268.68,85395.35,True
2024,5,Punjab National Bank,Public Sector,Public,Punjab National Bank,False,0,7781,4309,12090,37370,0,532295,9798,633852,298.65,29897.5,30196.15,40411045,26523773,6365442,1355336.18,156862.13,1512198.31,True
2024,5,State Bank of India,Public Sector,Public,State Bank of India,False,0,24235,38570,62805,1382550,51262,19117365,137149,59690020,5785.02,2637544.05,2643329.07,231350829,161954495,42828281,8490791.91,1062026.87,9552818.78,True
2024,5,UCO Bank,Public Sector,Public,UCO Bank,False,0,2243,228,2471,10800,3568,0,0,0,0.0,0.0,0.0,12900680,6560752,1595474,307820.43,37754.77,345575.2,True
2024,5,Union Bank of India,Public Sector,Public,Union Bank of India,False,0,7681,2010,9691,42290,8001,783921,13153,1941885,590.28,56476.75,57067.03,54841108,44944003,7936161,1381597.68,179207.39,1560805.07,True
2024,5,AU Small Finance Bank,Small Finance Banks,Small Finance,AU Small Finance Bank,False,0,688,5,693,0,839,991635,5072,2768642,296.25,186760.71,187056.96,8735374,1819076,415845,99203.58,15136.36,114339.94,True
2024,5,Capital Small Finance Bank,Small Finance Banks,Small Finance,Capital Small Finance Bank,False,0,177,2,179,0,0,0,0,0,0.0,0.0,0.0,247179,120139,32263,6879.19,1125.76,8004.95,True
2024,5,ESAF Small Finance Bank,Small Finance Banks,Small Finance,ESAF Small Finance Bank,False,0,618,2,620,0,5275,0,0,0,0.0,0.0,0.0,5731566,912915,189465,44501.32,3373.29,47874.61,True
2024,5,Equitas Small Finance Bank,Small Finance Banks,Small Finance,Equitas Small Finance Bank,False,0,362,4,366,19603,320,0,0,0,0.0,0.0,0.0,1839687,2760584,183226,75023.69,4675.25,79698.94,True
2024,5,Jana Small Finance Bank,Small Finance Banks,Small Finance,Jana Small Finance Bank,False,0,59,2,61,0,152,0,0,0,0.0,0.0,0.0,3359366,401934,53825,19539.13,1320.71,20859.84,True
2024,5,North East Small Finance Bank,Small Finance Banks,Small Finance,North East Small Finance Bank,False,0,19,1,20,0,0,0,0,0,0.0,0.0,0.0,455697,61124,7452,2430.95,95.92,2526.87,True
2024,5,Shivalik Small Finance Bank,Small Finance Banks,Small Finance,Shivalik Small Finance Bank,False,0,0,0,0,0,0,0,0,0,0.0,0.0,0.0,75135,31529,7719,1745.03,259.04,2004.07,True
2024,5,Suryoday Small Finance Bank,Small Finance Banks,Small Finance,Suryoday Small Finance Bank,False,0,0,0,0,0,67,0,0,0,0.0,0.0,0.0,751209,99710,18291,3929.02,254.58,4183.6,True
2024,5,Ujjivan Small Finance Bank,Small Finance Banks,Small Finance,Ujjivan Small Finance Bank,False,0,602,4,606,0,0,0,0,0,0.0,0.0,0.0,7136177,3572183,256457,151762.29,5487.7,157249.99,True
2024,5,Unity Small Finance Bank,Small Finance Banks,Small Finance,Unity Small Finance Bank,False,0,232,0,232,0,0,0,0,0,0.0,0.0,0.0,16250,8320,2333,300.6,44.95,345.55,True
2024,5,Utkarsh Small Finance Bank,Small Finance Banks,Small Finance,Utkarsh Small Finance Bank,False,0,313,7,320,0,638,384,1,701,0.01,36.99,37.0,1746312,287861,43022,14017.0,1058.03,15075.03,True
2024,6,American Express,Foreign Banks,Foreign,American Express,False,0,0,0,0,50323,0,1367400,0,4983356,0.0,432078.79,432078.79,0,0,0,0.0,0.0,0.0,True
2024,6,Bank of America,Foreign Banks,Foreign,Bank of America,False,0,0,0,0,0,0,0,0,0,0.0,0.0,0.0,0,0,0,0.0,0.0,0.0,False
2024,6,Bank of Bahrain & Kuwait,Foreign Banks,Foreign,Bank of Bahrain & Kuwait,False,0,0,0,0,0,0,0,0,0,0.0,0.0,0.0,439,1465,1389,77.5,78.38,155.88,True
2024,6,Barclays Bank,Foreign Banks,Foreign,Barclays Bank,False,0,0,0,0,0,0,0,0,0,0.0,0.0,0.0,776,433,134,40.49,3.06,43.55,True
2024,6,Citi Bank,Foreign Banks,Foreign,Axis Bank,True,2023,0,0,0,0,0,205639,434,366902,34.42,44389.77,44424.19,0,0,0,0.0,0.0,0.0,True
2024,6,DBS Bank,Foreign Banks,Foreign,DBS Bank,False,0,440,342,782,546,93,502134,3901,748834,115.02,44344.28,44459.3,1727436,828116,340042,44274.55,8246.74,52521.29,True
2024,6,Deutsche Bank,Foreign Banks,Foreign,Deutsche Bank,False,0,13,2,15,0,0,0,0,0,0.0,0.0,0.0,110850,30140,40613,1819.6,1337.11,3156.71,True
2024,6,Doha Bank,Foreign Banks,Foreign,Doha Bank,False,0,2,0,2,0,0,0,0,0,0.0,0.0,0.0,21959,2057,1199,119.05,34.89,153.94,True
2024,6,HSBC,Foreign Banks,Foreign,HSBC,False,0,46,28,74,0,0,698858,2310,2179854,165.5,92548.99,92714.49,754217,226853,227632,13649.29,9815.26,23464.55,True
2024,6,KEB Hana Bank,Foreign Banks,Foreign,KEB Hana Bank,False,0,1,0,1,0,0,0,0,0,0.0,0.0,0.0,1488,262,1016,18.03,37.23,55.26,True
2024,6,Kookmin Bank,Foreign Banks,Foreign,Kookmin Bank,False,0,1,0,1,0,0,0,0,0,0.0,0.0,0.0,390,135,774,8.8,27.47,36.27,True
2024,6,SBM Bank,Foreign Banks,Foreign,SBM Bank,False,0,0,0,0,0,2098,944278,4789,725987,190.37,13393.65,13584.02,788018,31241,17632,932.71,458.28,1390.99,True
2024,6,Standard Chartered Bank,Foreign Banks,Foreign,Standard Chartered Bank,False,0,102,64,166,0,0,1032558,2486,2502672,150.66,102116.83,102267.49,1099835,666430,538264,34770.72,17070.45,51841.17,True
2024,6,Woori Bank,Foreign Banks,Foreign,Woori Bank,False,0,0,0,0,0,0,0,0,0,0.0,0.0,0.0,1191,647,2969,46.66,100.83,147.49,True
2024,6,Airtel Payments Bank,Payment Banks,Payments Bank,Airtel Payments Bank,False,0,0,0,0,0,129306,0,0,0,0.0,0.0,0.0,3278963,213819,252584,8973.83,2818.81,11792.64,True
2024,6,Fino Payments Bank,Payment Banks,Payments Bank,Fino Payments Bank,False,0,0,0,0,0,426495,0,0,0,0.0,0.0,0.0,9537718,2220935,156109,73031.33,3176.9,76208.23,True
2024,6,India Post Payments Bank,Payment Banks,Payments Bank,India Post Payments Bank,False,0,0,0,0,0,182715,0,0,0,0.0,0.0,0.0,17469059,0,197246,0.0,658.76,658.76,True
2024,6,Jio Payments Bank,Payment Banks,Payments Bank,Jio Payments Bank,False,0,0,0,0,0,0,0,0,0,0.0,0.0,0.0,37313,0,2398,0.0,56.37,56.37,True
2024,6,NSDL Payments Bank,Payment Banks,Payments Bank,NSDL Payments Bank,False,0,0,0,0,0,414523,0,0,0,0.0,0.0,0.0,1222781,312736,53313,5602.38,441.9,6044.28,True
2024,6,Paytm Payments Bank,Payment Banks,Payments Bank,Paytm Payments Bank,False,0,0,0,0,0,0,0,0,0,0.0,0.0,0.0,32264225,120,1221,3.67,7.48,11.15,True
2024,6,At Pos,Private Sector,Private,At Pos,False,0,0,0,0,0,0,0,0,0,0.0,0.0,0.0,0,0,0,0.0,0.0,0.0,False
2024,6,Atms & Crms,Private Sector,Private,Atms & Crms,False,0,0,0,0,0,0,0,0,0,0.0,0.0,0.0,0,0,0,0.0,0.0,0.0,False
2024,6,Axis Bank,Private Sector,Private,Axis Bank,False,0,6307,8686,14993,1867530,541,14457746,82090,52467324,3842.23,1775027.24,1778869.47,36163344,18595015,7672184,1176233.69,279651.54,1455885.23,True
2024,6,Bandhan Bank,Private Sector,Private,Bandhan Bank,False,0,433,5,438,60323,0,0,0,0,0.0,0.0,0.0,5746225,2242751,343246,126006.8,11903.92,137910.72,True
2024,6,City Union Bank,Private Sector,Private,City Union Bank,False,0,1149,530,1679,6945,69922,27579,307,76423,16.76,4386.33,4403.09,2822694,2577959,440139,144427.97,12573.26,157001.23,True
2024,6,Csb Bank Ltd.,Private Sector,Private,Csb Bank Ltd.,False,0,710,47,757,0,0,110860,0,953867,0.0,20499.07,20499.07,883835,433620,175214,21560.91,3985.28,25546.19,True
2024,6,DCB Bank,Private Sector,Private,DCB Bank,False,0,413,5,418,8007,0,0,0,0,0.0,0.0,0.0,934908,279261,124569,14956.27,3987.83,18944.1,True
2024,6,Dhanlaxmi Bank,Private Sector,Private,Dhanlaxmi Bank,False,0,241,39,280,1399,0,11984,232,29683,8.2,782.84,791.04,546640,445564,165998,19537.44,3236.99,22774.43,True
2024,6,Federal Bank,Private Sector,Private,Federal Bank,False,0,1704,335,2039,20384,589,997820,4836,3814710,228.03,157705.14,157933.17,13691402,8044962,4484210,405463.8,124894.76,530358.56,True
2024,6,HDFC Bank,Private Sector,Private,HDFC Bank,False,0,12114,9049,21163,1509922,4004,21333467,208325,92804920,13154.8,4145169.99,4158324.79,56396005,35452905,18963495,2316326.03,736114.18,3052440.21,True
2024,6,ICICI Bank,Private Sector,Private,ICICI Bank,False,0,10166,6929,17095,1735334,6252,17268688,68264,66520163,3317.95,3049702.69,3053020.64,32064590,16643801,10548513,1171960.8,470689.4,1642650.2,True
2024,6,IDFC First Bank,Private Sector,Private,IDFC First Bank,False,0,898,318,1216,46601,7800,2813627,27732,9652737,1225.47,291178.28,292403.75,6599079,4032156,952413,197224.2,42781.27,240005.47,True
2024,6,IndusInd Bank,Private Sector,Private,IndusInd Bank,False,0,1863,1127,2990,227387,146,2992748,25239,9399712,1331.11,773398.59,774729.7,11273667,4187813,1449491,248161.34,54487.55,302648.89,True
2024,6,J&K Bank,Private Sector,Private,J&K Bank,False,0,947,631,1578,14310,942,120788,9086,276401,397.86,18771.16,19169.02,4416890,5734875,2109507,315752.02,29664.02,345416.04,True
2024,6,Karnataka Bank,Private Sector,Private,Karnataka Bank,False,0,931,573,1504,10333,0,0,0,0,0.0,0.0,0.0,5343061,3794505,876895,184230.34,18069.76,202300.1,True
2024,6,Karur Vysya Bank,Private Sector,Private,Karur Vysya Bank,False,0,1467,786,2253,9042,0,10284,727,37125,56.66,3133.4,3190.06,4911135,4395846,1184397,217734.93,35084.55,252819.48,True
2024,6,Kotak Mahindra Bank,Private Sector,Private,Kotak Mahindra Bank,False,0,1800,1479,3279,73864,4444,5517030,38167,16865031,1772.75,696198.88,697971.63,34427656,11371258,4504355,539281.17,114489.97,653771.14,True
2024,6,Nainital Bank,Private Sector,Private,Nainital Bank,False,0,0,0,0,0,0,0,0,0,0.0,0.0,0.0,262632,75123,22144,3625.21,458.93,4084.14,True
2024,6,Number - Outstanding (As On Month End),Private Sector,Private,Number - Outstanding (As On Month End),False,0,0,0,0,0,0,0,0,0,0.0,0.0,0.0,0,0,0,0.0,0.0,0.0,False
2024,6,RBL Bank,Private Sector,Private,RBL Bank,False,0,362,36,398,1529389,0,5256416,43401,10248526,1771.73,717369.19,719140.92,1517240,549201,269912,28752.99,11110.27,39863.26,True
2024,6,South Indian Bank,Private Sector,Private,South Indian Bank,False,0,911,387,1298,18037,0,400063,0,1457323,0.0,77396.84,77396.84,3705989,2905714,1294228,144213.82,35847.13,180060.95,True
2024,6,Tamilnad Mercantile Bank,Private Sector,Private,Tamilnad Mercantile Bank,False,0,504,658,1162,2312,0,32354,2116,59288,88.86,3016.29,3105.15,2317836,4871803,393170,214563.0,10874.22,225437.22,True
2024,6,Yes Bank,Private Sector,Private,Yes Bank,False,0,1142,164,1306,76982,99850,2216551,18186,6753650,911.52,257618.14,258529.66,4938516,2358736,802147,120653.05,25476.49,146129.54,True
2024,6,Bank of Baroda,Public Sector,Public,Bank of Baroda,False,0,8040,2379,10419,41453,44886,2585324,17040,8069819,838.56,273482.18,274320.74,82805103,23921987,4209401,1170262.01,112447.51,1282709.52,True
2024,6,Bank of India,Public Sector,Public,Bank of India,False,0,5329,2904,8233,41781,19608,75038,9312,194443,574.0,8190.45,8764.45,44779517,15326052,3262562,639014.28,65283.71,704297.99,True
2024,6,Bank of Maharashtra,Public Sector,Public,Bank of Maharashtra,False,0,2078,207,2285,1451,1801,32620,905,64049,42.29,2977.2,3019.49,13808105,5823534,1509833,264379.55,29236.53,293616.08,True
2024,6,Canara Bank,Public Sector,Public,Canara Bank,False,0,8308,3948,12256,77878,13167,907085,93716,1402532,5140.56,59929.31,65069.87,57401698,32019654,7368584,1549893.27,209569.51,1759462.78,True
2024,6,Central Bank of India,Public Sector,Public,Central Bank of India,False,0,2857,1144,4001,3134,2605,0,0,0,0.0,0.0,0.0,28707297,8795419,1821124,411118.1,45009.37,456127.47,True
2024,6,IDBI Bank,Public Sector,Public,IDBI Bank,False,0,2332,961,3293,14218,1539,36338,464,123508,27.29,4509.67,4536.96,11992645,5408948,1520090,270942.66,37033.76,307976.42,True
2024,6,Indian Bank,Public Sector,Public,Indian Bank,False,0,4479,614,5093,21656,11945,237766,4759,339320,351.2,19117.98,19469.18,32356053,20020225,4034193,956514.1,94841.72,1051355.82,True
2024,6,Indian Overseas Bank,Public Sector,Public,Indian Overseas Bank,False,0,2771,733,3504,0,7078,79101,2323,91733,115.92,2765.62,2881.54,18761988,11926949,2897034,511483.15,65629.25,577112.4,True
2024,6,Punjab & Sind Bank,Public Sector,Public,Punjab & Sind Bank,False,0,1028,27,1055,737,1230,0,0,0,0.0,0.0,0.0,3820483,1418434,470021,67826.65,11282.18,79108.83,True
2024,6,Punjab National Bank,Public Sector,Public,Punjab National Bank,False,0,7775,4305,12080,36275,0,524180,8770,611927,265.69,28624.18,28889.87,40564087,25924987,6029938,1312995.86,146704.32,1459700.18,True
2024,6,State Bank of India,Public Sector,Public,State Bank of India,False,0,24103,38430,62533,1395562,52110,19238868,129172,59078449,5488.72,2526655.53,2532144.25,232034018,160387626,40590394,8391108.98,989307.16,9380416.14,True
2024,6,UCO Bank,Public Sector,Public,UCO Bank,False,0,2242,227,2469,10814,3568,0,0,0,0.0,0.0,0.0,12876674,6449947,1394035,300096.0,32661.96,332757.96,True
2024,6,Union Bank of India,Public Sector,Public,Union Bank of India,False,0,7675,2016,9691,45368,8004,776887,14511,2155079,638.65,60585.6,61224.25,55157257,44046781,7399867,1351792.15,167303.86,1519096.01,True
2024,6,AU Small Finance Bank,Small Finance Banks,Small Finance,AU Small Finance Bank,False,0,690,5,695,0,839,1000547,4992,2892633,296.21,175045.12,175341.33,8636551,1728818,418080,93141.6,14442.96,107584.56,True
2024,6,Capital Small Finance Bank,Small Finance Banks,Small Finance,Capital Small Finance Bank,False,0,177,2,179,0,0,0,0,0,0.0,0.0,0.0,245962,108962,30938,6022.38,974.1,6996.48,True
2024,6,ESAF Small Finance Bank,Small Finance Banks,Small Finance,ESAF Small Finance Bank,False,0,625,2,627,0,5386,0,0,0,0.0,0.0,0.0,5685503,891736,175618,43618.59,3134.54,46753.13,True
2024,6,Equitas Small Finance Bank,Small Finance Banks,Small Finance,Equitas Small Finance Bank,False,0,366,4,370,7697,320,0,0,0,0.0,0.0,0.0,1809119,2699950,172728,73608.36,4633.53,78241.89,True
2024,6,Jana Small Finance Bank,Small Finance Banks,Small Finance,Jana Small Finance Bank,False,0,59,2,61,0,144,0,0,0,0.0,0.0,0.0,3409378,393378,52016,18948.85,1154.2,20103.05,True
2024,6,North East Small Finance Bank,Small Finance Banks,Small Finance,North East Small Finance Bank,False,0,19,1,20,0,0,0,0,0,0.0,0.0,0.0,460605,73231,7199,2557.84,91.24,2649.08,True
2024,6,Shivalik Small Finance Bank,Small Finance Banks,Small Finance,Shivalik Small Finance Bank,False,0,0,0,0,0,0,0,0,0,0.0,0.0,0.0,74659,28897,7014,1545.27,230.44,1775.71,True
2024,6,Suryoday Small Finance Bank,Small Finance Banks,Small Finance,Suryoday Small Finance Bank,False,0,0,0,0,0,67,0,0,0,0.0,0.0,0.0,764924,96930,18294,3802.81,250.39,4053.2,True
2024,6,Ujjivan Small Finance Bank,Small Finance Banks,Small Finance,Ujjivan Small Finance Bank,False,0,606,4,610,0,0,0,0,0,0.0,0.0,0.0,7215966,3296381,234703,136071.31,4888.26,140959.57,True
2024,6,Unity Small Finance Bank,Small Finance Banks,Small Finance,Unity Small Finance Bank,False,0,232,0,232,0,0,0,0,0,0.0,0.0,0.0,21698,10438,3570,397.49,60.11,457.6,True
2024,6,Utkarsh Small Finance Bank,Small Finance Banks,Small Finance,Utkarsh Small Finance Bank,False,0,314,7,321,0,641,392,0,725,0.0,50.15,50.15,1754698,253921,42395,13214.74,1114.14,14328.88,True
2024,7,American Express,Foreign Banks,Foreign,American Express,False,0,0,0,0,50288,0,1384863,0,5334946,0.0,469579.2,469579.2,0,0,0,0.0,0.0,0.0,True
2024,7,Bank of America,Foreign Banks,Foreign,Bank of America,False,0,0,0,0,0,0,0,0,0,0.0,0.0,0.0,0,0,0,0.0,0.0,0.0,False
2024,7,Bank of Bahrain & Kuwait,Foreign Banks,Foreign,Bank of Bahrain & Kuwait,False,0,0,0,0,0,0,0,0,0,0.0,0.0,0.0,553,1483,1576,79.88,84.2,164.08,True
2024,7,Barclays Bank,Foreign Banks,Foreign,Barclays Bank,False,0,0,0,0,0,0,0,0,0,0.0,0.0,0.0,789,412,163,37.9,3.32,41.22,True
2024,7,Citi Bank,Foreign Banks,Foreign,Axis Bank,True,2023,0,0,0,0,0,208285,467,420073,39.58,61498.11,61537.69,0,0,0,0.0,0.0,0.0,True
2024,7,DBS Bank,Foreign Banks,Foreign,DBS Bank,False,0,440,340,780,551,93,514296,4092,815783,119.69,48535.21,48654.9,1732726,823875,373985,43246.49,8952.25,52198.74,True
2024,7,Deutsche Bank,Foreign Banks,Foreign,Deutsche Bank,False,0,13,2,15,0,0,0,0,0,0.0,0.0,0.0,112218,28445,39279,1721.98,1413.62,3135.6,True
2024,7,Doha Bank,Foreign Banks,Foreign,Doha Bank,False,0,2,0,2,0,0,0,0,0,0.0,0.0,0.0,22105,2395,1929,140.86,65.84,206.7,True
2024,7,HSBC,Foreign Banks,Foreign,HSBC,False,0,46,27,73,0,0,718457,2307,2314161,160.46,114581.45,114741.91,754217,218140,250412,12959.48,11828.48,24787.96,True
2024,7,KEB Hana Bank,Foreign Banks,Foreign,KEB Hana Bank,False,0,1,0,1,0,0,0,0,0,0.0,0.0,0.0,1503,297,923,19.02,29.59,48.61,True
2024,7,Kookmin Bank,Foreign Banks,Foreign,Kookmin Bank,False,0,1,0,1,0,0,0,0,0,0.0,0.0,0.0,393,91,693,6.26,17.74,24.0,True
2024,7,SBM Bank,Foreign Banks,Foreign,SBM Bank,False,0,0,0,0,0,0,622949,5504,723800,222.82,14067.79,14290.61,794288,32202,18674,923.17,539.54,1462.71,True
2024,7,Standard Chartered Bank,Foreign Banks,Foreign,Standard Chartered Bank,False,0,102,62,164,0,0,1033383,2712,2822159,175.41,120272.43,120447.84,1109120,616510,525605,31536.09,17818.85,49354.94,True
2024,7,Woori Bank,Foreign Banks,Foreign,Woori Bank,False,0,0,0,0,0,0,0,0,0,0.0,0.0,0.0,1218,641,2916,45.65,103.33,148.98,True
2024,7,Airtel Payments Bank,Payment Banks,Payments Bank,Airtel Payments Bank,False,0,0,0,0,0,132073,0,0,0,0.0,0.0,0.0,3587055,239994,271660,9899.83,3488.79,13388.62,True
2024,7,Fino Payments Bank,Payment Banks,Payments Bank,Fino Payments Bank,False,0,0,0,0,0,430689,0,0,0,0.0,0.0,0.0,9687625,2222163,159004,71586.06,3006.01,74592.07,True
2024,7,India Post Payments Bank,Payment Banks,Payments Bank,India Post Payments Bank,False,0,0,0,0,0,187381,0,0,0,0.0,0.0,0.0,18062909,0,249696,0.0,971.51,971.51,True
2024,7,Jio Payments Bank,Payment Banks,Payments Bank,Jio Payments Bank,False,0,0,0,0,0,0,0,0,0,0.0,0.0,0.0,96774,8,5036,0.12,146.88,147.0,True
2024,7,NSDL Payments Bank,Payment Banks,Payments Bank,NSDL Payments Bank,False,0,0,0,0,0,364780,0,0,0,0.0,0.0,0.0,1300205,439079,46171,7592.5,432.68,8025.18,True
2024,7,Paytm Payments Bank,Payment Banks,Payments Bank,Paytm Payments Bank,False,0,0,0,0,0,0,0,0,0,0.0,0.0,0.0,30620714,227,1426,6.7,9.43,16.13,True
2024,7,At Pos,Private Sector,Private,At Pos,False,0,0,0,0,0,0,0,0,0,0.0,0.0,0.0,0,0,0,0.0,0.0,0.0,False
2024,7,Atms & Crms,Private Sector,Private,Atms & Crms,False,0,0,0,0,0,0,0,0,0,0.0,0.0,0.0,0,0,0,0.0,0.0,0.0,False
2024,7,Axis Bank,Private Sector,Private,Axis Bank,False,0,6323,8504,14827,1885629,541,14612080,87551,59879918,4045.82,2050618.71,2054664.53,36684421,18515631,7467123,1157411.06,291112.12,1448523.18,True
2024,7,Bandhan Bank,Private Sector,Private,Bandhan Bank,False,0,433,5,438,61808,0,0,0,0,0.0,0.0,0.0,5839090,2394039,362934,135624.37,13199.61,148823.98,True
2024,7,City Union Bank,Private Sector,Private,City Union Bank,False,0,1154,530,1684,6870,70983,27572,272,79323,13.54,4453.04,4466.58,2853108,2598018,479371,144204.77,13576.74,157781.51,True
2024,7,Csb Bank Ltd.,Private Sector,Private,Csb Bank Ltd.,False,0,715,49,764,0,0,118639,0,1066008,0.0,21650.63,21650.63,891137,447830,184848,22187.35,4224.9,26412.25,True
2024,7,DCB Bank,Private Sector,Private,DCB Bank,False,0,418,5,423,7991,0,0,0,0,0.0,0.0,0.0,970596,278407,128305,14897.25,4408.69,19305.94,True
2024,7,Dhanlaxmi Bank,Private Sector,Private,Dhanlaxmi Bank,False,0,241,39,280,1462,0,12376,273,32863,9.47,866.31,875.78,547958,451442,172054,19560.05,3477.93,23037.98,True
2024,7,Federal Bank,Private Sector,Private,Federal Bank,False,0,1714,332,2046,21097,589,1017450,5256,4026822,254.12,169689.47,169943.59,13700144,8060957,4682190,405289.34,136101.81,541391.15,True
2024,7,HDFC Bank,Private Sector,Private,HDFC Bank,False,0,12162,8918,21080,1454501,3328,21731989,210457,98559598,13164.9,4436856.26,4450021.16,56762578,34994001,19147594,2262676.18,802223.44,3064899.62,True
2024,7,ICICI Bank,Private Sector,Private,ICICI Bank,False,0,9929,6618,16547,1764048,6115,17413024,69402,70844029,3340.29,3456560.08,3459900.37,32171188,15997202,10912439,1131400.63,568264.94,1699665.57,True
2024,7,IDFC First Bank,Private Sector,Private,IDFC First Bank,False,0,899,342,1241,46937,7622,2892557,27906,10435565,1235.19,317920.0,319155.19,6617788,4013855,973079,193250.89,49459.02,242709.91,True
2024,7,IndusInd Bank,Private Sector,Private,IndusInd Bank,False,0,1875,1125,3000,241466,146,3003867,25013,10114268,1293.07,803769.54,805062.61,11368894,4138377,1485528,247595.37,58058.5,305653.87,True
2024,7,J&K Bank,Private Sector,Private,J&K Bank,False,0,946,631,1577,14313,942,121476,9835,308084,398.94,21157.63,21556.57,4492118,5788676,2132784,301929.33,34983.11,336912.44,True
2024,7,Karnataka Bank,Private Sector,Private,Karnataka Bank,False,0,935,572,1507,10273,0,0,0,0,0.0,0.0,0.0,5396904,3842371,916823,182651.07,19361.59,202012.66,True
2024,7,Karur Vysya Bank,Private Sector,Private,Karur Vysya Bank,False,0,1467,779,2246,9126,0,10266,719,38298,53.93,3268.71,3322.64,4899678,4432762,1246103,216042.8,38875.7,254918.5,True
2024,7,Kotak Mahindra Bank,Private Sector,Private,Kotak Mahindra Bank,False,0,1811,1476,3287,75594,953,5474497,36126,16936689,1660.97,683532.23,685193.2,34441642,11348425,4379953,534225.91,119638.62,653864.53,True
2024,7,Nainital Bank,Private Sector,Private,Nainital Bank,False,0,0,0,0,0,0,0,0,0,0.0,0.0,0.0,268000,70603,20410,3312.39,458.85,3771.24,True
2024,7,Number - Outstanding (As On Month End),Private Sector,Private,Number - Outstanding (As On Month End),False,0,0,0,0,0,0,0,0,0,0.0,0.0,0.0,0,0,0,0.0,0.0,0.0,False
2024,7,RBL Bank,Private Sector,Private,RBL Bank,False,0,364,36,400,1506057,0,5280469,43721,10547551,1761.23,749597.84,751359.07,1530020,548850,272719,28586.06,11215.06,39801.12,True
2024,7,South Indian Bank,Private Sector,Private,South Indian Bank,False,0,911,382,1293,17971,0,398453,0,1453657,0.0,79735.35,79735.35,3723644,2921028,1372640,144441.17,39349.47,183790.64,True
2024,7,Tamilnad Mercantile Bank,Private Sector,Private,Tamilnad Mercantile Bank,False,0,505,656,1161,2316,0,32287,2274,61991,85.6,3086.72,3172.32,2325486,4869856,396983,210365.14,10918.21,221283.35,True
2024,7,Yes Bank,Private Sector,Private,Yes Bank,False,0,1147,163,1310,75979,94656,2218965,18409,7271514,921.38,274730.15,275651.53,5012466,2397506,806772,122597.39,26021.75,148619.14,True
2024,7,Bank of Baroda,Public Sector,Public,Bank of Baroda,False,0,8254,2291,10545,42009,44875,2711000,15943,8694260,777.58,294674.39,295451.97,83617762,23914732,4463564,1149838.13,121049.38,1270887.51,True
2024,7,Bank of India,Public Sector,Public,Bank of India,False,0,5330,2904,8234,41599,19608,74540,9636,211672,584.83,9118.74,9703.57,41126319,15532787,3413429,635894.71,68715.66,704610.37,True
2024,7,Bank of Maharashtra,Public Sector,Public,Bank of Maharashtra,False,0,2096,230,2326,1415,3164,31795,922,69236,44.34,3318.07,3362.41,13925267,5951744,1508114,268293.77,32208.51,300502.28,True
2024,7,Canara Bank,Public Sector,Public,Canara Bank,False,0,8331,3924,12255,76879,13167,896529,97826,1469738,5359.97,63466.82,68826.79,57659948,31751647,7487706,1508294.58,223614.85,1731909.43,True
2024,7,Central Bank of India,Public Sector,Public,Central Bank of India,False,0,2857,1144,4001,3131,2605,0,0,0,0.0,0.0,0.0,28970900,8653970,1780790,394634.96,46113.79,440748.75,True
2024,7,IDBI Bank,Public Sector,Public,IDBI Bank,False,0,2338,936,3274,14413,1619,36985,568,139229,33.42,5385.27,5418.69,12071325,5349166,1539340,265868.15,38347.97,304216.12,True
2024,7,Indian Bank,Public Sector,Public,Indian Bank,False,0,4554,610,5164,20817,12442,246302,5209,353274,388.26,21799.11,22187.37,32475638,20270761,4153255,951151.94,99399.43,1050551.37,True
2024,7,Indian Overseas Bank,Public Sector,Public,Indian Overseas Bank,False,0,2765,734,3499,0,7277,79141,2605,94380,128.07,2936.85,3064.92,19001036,12113306,2979681,507765.79,68159.63,575925.42,True
2024,7,Punjab & Sind Bank,Public Sector,Public,Punjab & Sind Bank,False,0,1039,28,1067,772,1318,0,0,0,0.0,0.0,0.0,3610505,1447964,455402,68631.74,11681.32,80313.06,True
2024,7,Punjab National Bank,Public Sector,Public,Punjab National Bank,False,0,7815,4289,12104,35366,0,529008,8412,618976,254.92,29879.77,30134.69,40598369,25326100,6042174,1263997.62,156243.8,1420241.42,True
2024,7,State Bank of India,Public Sector,Public,State Bank of India,False,0,24172,38272,62444,1419921,52453,19336986,142465,63008858,5949.87,2687824.37,2693774.24,233187477,159621644,41757108,8200300.55,1049709.55,9250010.1,True
2024,7,UCO Bank,Public Sector,Public,UCO Bank,False,0,2242,230,2472,10823,3568,0,0,0,0.0,0.0,0.0,12802523,6574715,1421258,302375.68,35085.23,337460.91,True
2024,7,Union Bank of India,Public Sector,Public,Union Bank of India,False,0,7673,2018,9691,47059,8002,767959,12896,2053229,566.73,58437.25,59003.98,55594735,45110782,7845420,1338159.2,179839.31,1517998.51,True
2024,7,AU Small Finance Bank,Small Finance Banks,Small Finance,AU Small Finance Bank,False,0,691,5,696,0,841,1009484,4814,2977895,286.3,184077.5,184363.8,8612706,1723650,436679,92239.1,14808.15,107047.25,True
2024,7,Capital Small Finance Bank,Small Finance Banks,Small Finance,Capital Small Finance Bank,False,0,177,2,179,0,0,0,0,0,0.0,0.0,0.0,245620,118206,31231,6575.01,993.77,7568.78,True
2024,7,ESAF Small Finance Bank,Small Finance Banks,Small Finance,ESAF Small Finance Bank,False,0,632,2,634,0,5492,0,0,0,0.0,0.0,0.0,5728432,858133,177867,40408.74,3286.28,43695.02,True
2024,7,Equitas Small Finance Bank,Small Finance Banks,Small Finance,Equitas Small Finance Bank,False,0,367,4,371,3172,320,0,0,0,0.0,0.0,0.0,1743552,2739879,177258,73668.41,4872.19,78540.6,True
2024,7,Jana Small Finance Bank,Small Finance Banks,Small Finance,Jana Small Finance Bank,False,0,59,2,61,0,136,0,0,0,0.0,0.0,0.0,3460744,405321,54037,19356.07,1193.72,20549.79,True
2024,7,North East Small Finance Bank,Small Finance Banks,Small Finance,North East Small Finance Bank,False,0,19,1,20,0,0,0,0,0,0.0,0.0,0.0,466306,89618,7279,2581.84,85.75,2667.59,True
2024,7,Shivalik Small Finance Bank,Small Finance Banks,Small Finance,Shivalik Small Finance Bank,False,0,0,0,0,0,0,0,0,0,0.0,0.0,0.0,75397,28790,6739,1545.68,241.17,1786.85,True
2024,7,Suryoday Small Finance Bank,Small Finance Banks,Small Finance,Suryoday Small Finance Bank,False,0,0,0,0,0,67,0,0,0,0.0,0.0,0.0,776044,97436,23385,3636.24,317.23,3953.47,True
2024,7,Ujjivan Small Finance Bank,Small Finance Banks,Small Finance,Ujjivan Small Finance Bank,False,0,606,3,609,0,0,0,0,0,0.0,0.0,0.0,7303370,3326231,236376,129283.15,4982.16,134265.31,True
2024,7,Unity Small Finance Bank,Small Finance Banks,Small Finance,Unity Small Finance Bank,False,0,232,0,232,0,0,0,0,0,0.0,0.0,0.0,28420,14368,4696,530.71,64.85,595.56,True
2024,7,Utkarsh Small Finance Bank,Small Finance Banks,Small Finance,Utkarsh Small Finance Bank,False,0,320,7,327,0,650,508,0,730,0.0,40.16,40.16,1738622,257696,45245,13687.33,1685.18,15372.51,True
2024,8,American Express,Foreign Banks,Foreign,American Express,False,0,0,0,0,50255,0,1404839,0,5912709,0.0,510048.25,510048.25,0,0,0,0.0,0.0,0.0,True
2024,8,Bank of America,Foreign Banks,Foreign,Bank of America,False,0,0,0,0,0,0,0,0,0,0.0,0.0,0.0,0,0,0,0.0,0.0,0.0,False
2024,8,Bank of Bahrain & Kuwait,Foreign Banks,Foreign,Bank of Bahrain & Kuwait,False,0,0,0,0,0,0,0,0,0,0.0,0.0,0.0,631,1571,1545,80.34,93.18,173.52,True
2024,8,Barclays Bank,Foreign Banks,Foreign,Barclays Bank,False,0,0,0,0,0,0,0,0,0,0.0,0.0,0.0,761,442,138,40.9,5.0,45.9,True
2024,8,Citi Bank,Foreign Banks,Foreign,Axis Bank,True,2023,0,0,0,0,0,211653,435,410720,35.07,55246.23,55281.3,0,0,0,0.0,0.0,0.0,True
2024,8,DBS Bank,Foreign Banks,Foreign,DBS Bank,False,0,440,340,780,615,89,525297,3959,811631,113.14,46526.59,46639.73,1733290,819219,370685,43154.08,8939.67,52093.75,True
2024,8,Deutsche Bank,Foreign Banks,Foreign,Deutsche Bank,False,0,13,2,15,0,0,0,0,0,0.0,0.0,0.0,112997,30318,39588,1835.0,1381.05,3216.05,True
2024,8,Doha Bank,Foreign Banks,Foreign,Doha Bank,False,0,2,0,2,0,0,0,0,0,0.0,0.0,0.0,22239,2397,2089,144.77,68.41,213.18,True
2024,8,HSBC,Foreign Banks,Foreign,HSBC,False,0,46,0,46,0,0,740378,2535,2411156,178.02,149628.87,149806.89,782435,237899,268333,14146.41,12413.7,26560.11,True
2024,8,KEB Hana Bank,Foreign Banks,Foreign,KEB Hana Bank,False,0,1,0,1,0,0,0,0,0,0.0,0.0,0.0,1530,396,1146,25.59,33.49,59.08,True
2024,8,Kookmin Bank,Foreign Banks,Foreign,Kookmin Bank,False,0,1,0,1,0,0,0,0,0,0.0,0.0,0.0,406,143,722,10.81,20.7,31.51,True
2024,8,SBM Bank,Foreign Banks,Foreign,SBM Bank,False,0,0,0,0,0,0,631468,6601,700685,290.71,13764.62,14055.33,801145,27418,15743,840.2,386.85,1227.05,True
2024,8,Standard Chartered Bank,Foreign Banks,Foreign,Standard Chartered Bank,False,0,102,0,102,0,0,1007872,2741,2621490,177.62,108936.38,109114.0,1117218,673496,527699,34955.86,18042.56,52998.42,True
2024,8,Woori Bank,Foreign Banks,Foreign,Woori Bank,False,0,0,0,0,0,0,0,0,0,0.0,0.0,0.0,1234,736,3661,55.36,114.62,169.98,True
2024,8,Airtel Payments Bank,Payment Banks,Payments Bank,Airtel Payments Bank,False,0,0,0,0,0,134340,0,0,0,0.0,0.0,0.0,3931605,262948,231836,10681.47,3202.03,13883.5,True
2024,8,Fino Payments Bank,Payment Banks,Payments Bank,Fino Payments Bank,False,0,0,0,0,0,434451,0,0,0,0.0,0.0,0.0,9864141,2219498,153311,70139.43,2700.85,72840.28,True
2024,8,India Post Payments Bank,Payment Banks,Payments Bank,India Post Payments Bank,False,0,0,0,0,0,189445,0,0,0,0.0,0.0,0.0,18829384,0,224475,0.0,879.77,879.77,True
2024,8,Jio Payments Bank,Payment Banks,Payments Bank,Jio Payments Bank,False,0,0,0,0,0,0,0,0,0,0.0,0.0,0.0,212350,6104,9183,248.29,195.57,443.86,True
2024,8,NSDL Payments Bank,Payment Banks,Payments Bank,NSDL Payments Bank,False,0,0,0,0,0,324655,0,0,0,0.0,0.0,0.0,1070381,428550,53757,8279.76,500.49,8780.25,True
2024,8,Paytm Payments Bank,Payment Banks,Payments Bank,Paytm Payments Bank,False,0,0,0,0,0,0,0,0,0,0.0,0.0,0.0,30616951,275,1070,7.55,7.56,15.11,True
2024,8,At Pos,Private Sector,Private,At Pos,False,0,0,0,0,0,0,0,0,0,0.0,0.0,0.0,0,0,0,0.0,0.0,0.0,False
2024,8,Atms & Crms,Private Sector,Private,Atms & Crms,False,0,0,0,0,0,0,0,0,0,0.0,0.0,0.0,0,0,0,0.0,0.0,0.0,False
2024,8,Axis Bank,Private Sector,Private,Axis Bank,False,0,6343,8422,14765,1894894,541,14739214,85967,59574423,4024.26,1958917.48,1962941.74,37304729,18866207,7523285,1172996.37,290681.17,1463677.54,True
2024,8,Bandhan Bank,Private Sector,Private,Bandhan Bank,False,0,433,5,438,66070,0,0,0,0,0.0,0.0,0.0,5909330,2452880,352045,141373.07,12781.46,154154.53,True
2024,8,City Union Bank,Private Sector,Private,City Union Bank,False,0,1161,518,1679,6967,79947,27238,284,78358,17.06,4696.79,4713.85,2864617,2588124,582811,143231.18,17033.11,160264.29,True
2024,8,Csb Bank Ltd.,Private Sector,Private,Csb Bank Ltd.,False,0,720,48,768,0,0,127534,0,1215079,0.0,21696.81,21696.81,896327,454795,186287,22838.19,4242.48,27080.67,True
2024,8,DCB Bank,Private Sector,Private,DCB Bank,False,0,420,5,425,7982,0,1,0,0,0.0,0.0,0.0,995965,287543,126358,15193.51,4181.43,19374.94,True
2024,8,Dhanlaxmi Bank,Private Sector,Private,Dhanlaxmi Bank,False,0,241,39,280,1451,0,12705,254,32598,9.3,883.71,893.01,547300,458480,172159,20098.57,3629.61,23728.18,True
2024,8,Federal Bank,Private Sector,Private,Federal Bank,False,0,1715,335,2050,21375,589,1031201,5494,4091780,260.55,162548.82,162809.37,13742386,8200473,4629960,416274.13,134177.51,550451.64,True
2024,8,HDFC Bank,Private Sector,Private,HDFC Bank,False,0,12211,8820,21031,1637589,3191,21973579,213887,100938694,13440.07,4344084.59,4357524.66,56795898,36003084,18698732,2328662.41,783928.05,3112590.46,True
2024,8,ICICI Bank,Private Sector,Private,ICICI Bank,False,0,9920,6153,16073,1794238,6114,17558265,69904,72438577,3403.95,3254247.81,3257651.76,32047827,16532925,10555118,1164440.06,512174.7,1676614.76,True
2024,8,IDFC First Bank,Private Sector,Private,IDFC First Bank,False,0,899,329,1228,46811,7629,2974430,29203,11053459,1338.67,317267.21,318605.88,6659156,4149090,955233,198289.92,49462.16,247752.08,True
2024,8,IndusInd Bank,Private Sector,Private,IndusInd Bank,False,0,1881,1126,3007,245303,146,3009647,24031,10180475,1243.42,802798.35,804041.77,11112307,4028944,1462026,238614.03,52335.33,290949.36,True
2024,8,J&K Bank,Private Sector,Private,J&K Bank,False,0,946,630,1576,14319,942,122738,9965,299931,408.42,20392.72,20801.14,4542630,5590379,1977103,289606.28,32318.84,321925.12,True
2024,8,Karnataka Bank,Private Sector,Private,Karnataka Bank,False,0,936,568,1504,10336,0,0,0,0,0.0,0.0,0.0,5420287,3962733,895369,187602.92,19377.38,206980.3,True
2024,8,Karur Vysya Bank,Private Sector,Private,Karur Vysya Bank,False,0,1469,748,2217,9190,0,10246,760,37451,56.96,3298.22,3355.18,4971962,4377214,1190218,213830.57,39963.72,253794.29,True
2024,8,Kotak Mahindra Bank,Private Sector,Private,Kotak Mahindra Bank,False,0,1828,1480,3308,75768,953,5413306,33905,16736597,1592.84,655489.43,657082.27,34536908,11405902,4162337,545889.04,113229.27,659118.31,True
2024,8,Nainital Bank,Private Sector,Private,Nainital Bank,False,0,0,0,0,0,0,0,0,0,0.0,0.0,0.0,271958,68661,20384,3240.3,418.97,3659.27,True
2024,8,Number - Outstanding (As On Month End),Private Sector,Private,Number - Outstanding (As On Month End),False,0,0,0,0,0,0,0,0,0,0.0,0.0,0.0,0,0,0,0.0,0.0,0.0,False
2024,8,RBL Bank,Private Sector,Private,RBL Bank,False,0,371,36,407,1604380,0,5264023,43161,10432043,1726.35,731519.5,733245.85,1548358,568344,274395,29104.79,11414.62,40519.41,True
2024,8,South Indian Bank,Private Sector,Private,South Indian Bank,False,0,911,379,1290,18115,0,397362,0,1414827,0.0,74738.46,74738.46,3751626,2982923,1367759,149783.64,39853.45,189637.09,True
2024,8,Tamilnad Mercantile Bank,Private Sector,Private,Tamilnad Mercantile Bank,False,0,507,655,1162,2313,0,32439,2161,61772,86.02,3087.76,3173.78,2317858,4959077,390362,218555.72,10803.87,229359.59,True
2024,8,Yes Bank,Private Sector,Private,Yes Bank,False,0,1151,161,1312,75748,94943,2254586,18229,7536860,923.05,270791.29,271714.34,5070885,2339676,778678,118970.24,24813.48,143783.72,True
2024,8,Bank of Baroda,Public Sector,Public,Bank of Baroda,False,0,8258,2219,10477,43119,45133,2788335,14140,9025661,689.98,289458.0,290147.98,84418702,24342240,4236100,1161008.57,115848.01,1276856.58,True
2024,8,Bank of India,Public Sector,Public,Bank of India,False,0,5330,2904,8234,18804,19608,74313,9323,203416,540.77,8593.62,9134.39,40503878,15723258,3266926,639721.55,66294.48,706016.03,True
2024,8,Bank of Maharashtra,Public Sector,Public,Bank of Maharashtra,False,0,2115,235,2350,1413,2052,31697,816,64240,39.94,2973.66,3013.6,14140607,6279493,1476779,282248.45,32210.82,314459.27,True
2024,8,Canara Bank,Public Sector,Public,Canara Bank,False,0,8329,3886,12215,75113,13173,922625,97342,1489010,5353.63,63664.3,69017.93,58077451,32246039,7409038,1532428.57,227135.33,1759563.9,True
2024,8,Central Bank of India,Public Sector,Public,Central Bank of India,False,0,2857,1144,4001,3230,2691,0,0,0,0.0,0.0,0.0,29574663,8901181,1580273,405516.29,45394.26,450910.55,True
2024,8,IDBI Bank,Public Sector,Public,IDBI Bank,False,0,2344,912,3256,13322,1013,37822,517,134816,31.03,5155.54,5186.57,12089489,5465792,1507584,269503.07,37924.27,307427.34,True
2024,8,Indian Bank,Public Sector,Public,Indian Bank,False,0,4590,612,5202,20895,12735,256683,5026,372011,378.3,22386.65,22764.95,32568181,20322373,4116212,955949.89,100327.7,1056277.59,True
2024,8,Indian Overseas Bank,Public Sector,Public,Indian Overseas Bank,False,0,2763,737,3500,0,7633,79002,2384,94171,119.96,2909.63,3029.59,19337496,12423736,3019346,523291.06,70200.24,593491.3,True
2024,8,Punjab & Sind Bank,Public Sector,Public,Punjab & Sind Bank,False,0,1044,28,1072,815,1412,0,0,0,0.0,0.0,0.0,3581764,1474060,438183,69582.34,10678.39,80260.73,True
2024,8,Punjab National Bank,Public Sector,Public,Punjab National Bank,False,0,7827,4256,12083,34543,0,532414,7925,620826,235.94,28935.34,29171.28,40877319,25652025,5810417,1272768.81,146793.43,1419562.24,True
2024,8,State Bank of India,Public Sector,Public,State Bank of India,False,0,24233,38048,62281,1444312,46870,19447459,138019,63977438,5858.07,2648010.39,2653868.46,233923363,163361151,40989135,8439616.31,1041682.33,9481298.64,True
2024,8,UCO Bank,Public Sector,Public,UCO Bank,False,0,2242,230,2472,10891,3568,0,0,0,0.0,0.0,0.0,12705341,6510865,1341155,298495.5,32929.05,331424.55,True
2024,8,Union Bank of India,Public Sector,Public,Union Bank of India,False,0,7672,2019,9691,48180,8007,758275,12363,2110879,535.16,58573.04,59108.2,55908898,45725842,7556968,1346868.79,171021.77,1517890.56,True
2024,8,AU Small Finance Bank,Small Finance Banks,Small Finance,AU Small Finance Bank,False,0,691,6,697,0,841,1025179,4622,2964145,270.69,177068.54,177339.23,8684227,1730413,432342,88530.9,13613.72,102144.62,True
2024,8,Capital Small Finance Bank,Small Finance Banks,Small Finance,Capital Small Finance Bank,False,0,179,2,181,0,0,0,0,0,0.0,0.0,0.0,241979,119503,29449,6558.0,882.47,7440.47,True
2024,8,ESAF Small Finance Bank,Small Finance Banks,Small Finance,ESAF Small Finance Bank,False,0,639,2,641,0,5650,0,0,0,0.0,0.0,0.0,5783260,875924,176133,41517.62,3329.51,44847.13,True
2024,8,Equitas Small Finance Bank,Small Finance Banks,Small Finance,Equitas Small Finance Bank,False,0,367,4,371,2333,321,0,0,0,0.0,0.0,0.0,1737708,2618736,167803,69430.83,4895.02,74325.85,True
2024,8,Jana Small Finance Bank,Small Finance Banks,Small Finance,Jana Small Finance Bank,False,0,59,2,61,0,136,0,0,0,0.0,0.0,0.0,3579241,388229,52609,18057.27,1181.87,19239.14,True
2024,8,North East Small Finance Bank,Small Finance Banks,Small Finance,North East Small Finance Bank,False,0,19,1,20,0,0,0,0,0,0.0,0.0,0.0,402312,110921,6319,2948.39,84.43,3032.82,True
2024,8,Shivalik Small Finance Bank,Small Finance Banks,Small Finance,Shivalik Small Finance Bank,False,0,0,0,0,0,0,0,0,0,0.0,0.0,0.0,73843,28092,6052,1452.79,192.98,1645.77,True
2024,8,Suryoday Small Finance Bank,Small Finance Banks,Small Finance,Suryoday Small Finance Bank,False,0,0,0,0,0,67,0,0,0,0.0,0.0,0.0,787239,91958,34443,3386.47,416.62,3803.09,True
2024,8,Ujjivan Small Finance Bank,Small Finance Banks,Small Finance,Ujjivan Small Finance Bank,False,0,607,3,610,0,0,0,0,0,0.0,0.0,0.0,7359616,3197440,221436,123738.32,4628.51,128366.83,True
2024,8,Unity Small Finance Bank,Small Finance Banks,Small Finance,Unity Small Finance Bank,False,0,232,0,232,0,0,0,0,0,0.0,0.0,0.0,34844,18188,5963,660.21,95.09,755.3,True
2024,8,Utkarsh Small Finance Bank,Small Finance Banks,Small Finance,Utkarsh Small Finance Bank,False,0,330,7,337,0,656,543,0,733,0.0,47.44,47.44,1750783,257123,43639,13824.37,1959.63,15784.0,True
2024,9,American Express,Foreign Banks,Foreign,American Express,False,0,0,0,0,50254,0,1419372,0,5940943,0.0,522834.47,522834.47,0,0,0,0.0,0.0,0.0,True
2024,9,Bank of America,Foreign Banks,Foreign,Bank of America,False,0,0,0,0,0,0,0,0,0,0.0,0.0,0.0,0,0,0,0.0,0.0,0.0,False
2024,9,Bank of Bahrain & Kuwait,Foreign Banks,Foreign,Bank of Bahrain & Kuwait,False,0,0,0,0,0,0,0,0,0,0.0,0.0,0.0,639,3008,2284,157.42,103.92,261.34,True
2024,9,Barclays Bank,Foreign Banks,Foreign,Barclays Bank,False,0,0,0,0,0,0,0,0,0,0.0,0.0,0.0,779,496,82,46.32,3.29,49.61,True
2024,9,Citi Bank,Foreign Banks,Foreign,Axis Bank,True,2023,0,0,0,0,0,212732,471,420210,40.09,58101.73,58141.82,0,0,0,0.0,0.0,0.0,True
2024,9,DBS Bank,Foreign Banks,Foreign,DBS Bank,False,0,438,340,778,622,90,532559,4096,785007,123.28,44795.5,44918.78,1735815,781841,314273,41477.43,7835.33,49312.76,True
2024,9,Deutsche Bank,Foreign Banks,Foreign,Deutsche Bank,False,0,13,2,15,0,0,0,0,0,0.0,0.0,0.0,113549,28146,36073,1724.49,1264.04,2988.53,True
2024,9,Doha Bank,Foreign Banks,Foreign,Doha Bank,False,0,2,0,2,0,0,0,0,0,0.0,0.0,0.0,22304,1890,1115,104.68,37.79,142.47,True
2024,9,HSBC,Foreign Banks,Foreign,HSBC,False,0,46,27,73,0,0,718457,2407,2339141,179.35,166706.39,166885.74,794722,219681,241344,13062.3,11385.49,24447.79,True
2024,9,KEB Hana Bank,Foreign Banks,Foreign,KEB Hana Bank,False,0,1,0,1,0,0,0,0,0,0.0,0.0,0.0,1548,319,1352,21.28,51.48,72.76,True
2024,9,Kookmin Bank,Foreign Banks,Foreign,Kookmin Bank,False,0,1,0,1,0,0,0,0,0,0.0,0.0,0.0,420,106,700,8.13,22.0,30.13,True
2024,9,SBM Bank,Foreign Banks,Foreign,SBM Bank,False,0,0,0,0,0,0,638525,6567,677707,274.38,13202.84,13477.22,806906,27490,15914,820.67,430.2,1250.87,True
2024,9,Standard Chartered Bank,Foreign Banks,Foreign,Standard Chartered Bank,False,0,102,48,150,0,0,979954,2174,2361604,138.42,101360.17,101498.59,1054782,610999,475796,31689.23,16042.03,47731.26,True
2024,9,Woori Bank,Foreign Banks,Foreign,Woori Bank,False,0,0,0,0,0,0,0,0,0,0.0,0.0,0.0,1246,565,3373,45.95,103.82,149.77,True
2024,9,Airtel Payments Bank,Payment Banks,Payments Bank,Airtel Payments Bank,False,0,0,0,0,0,136285,0,0,0,0.0,0.0,0.0,4294061,286262,227964,11820.58,3204.7,15025.28,True
2024,9,Fino Payments Bank,Payment Banks,Payments Bank,Fino Payments Bank,False,0,0,0,0,0,437926,0,0,0,0.0,0.0,0.0,9791918,2189896,156633,70297.33,3601.81,73899.14,True
2024,9,India Post Payments Bank,Payment Banks,Payments Bank,India Post Payments Bank,False,0,0,0,0,0,190668,0,0,0,0.0,0.0,0.0,19624453,0,1297450,0.0,881.89,881.89,True
2024,9,Jio Payments Bank,Payment Banks,Payments Bank,Jio Payments Bank,False,0,0,0,0,0,0,0,0,0,0.0,0.0,0.0,259051,38186,21163,1470.93,364.53,1835.46,True
2024,9,NSDL Payments Bank,Payment Banks,Payments Bank,NSDL Payments Bank,False,0,0,0,0,0,313929,0,0,0,0.0,0.0,0.0,1198389,427628,55773,9251.19,567.44,9818.63,True
2024,9,Paytm Payments Bank,Payment Banks,Payments Bank,Paytm Payments Bank,False,0,0,0,0,0,0,0,0,0,0.0,0.0,0.0,30614013,235,551,6.13,6.83,12.96,True
2024,9,At Pos,Private Sector,Private,At Pos,False,0,0,0,0,0,0,0,0,0,0.0,0.0,0.0,0,0,0,0.0,0.0,0.0,False
2024,9,Atms & Crms,Private Sector,Private,Atms & Crms,False,0,0,0,0,0,0,0,0,0,0.0,0.0,0.0,0,0,0,0.0,0.0,0.0,False
2024,9,Axis Bank,Private Sector,Private,Axis Bank,False,0,6381,8329,14710,1897209,541,14792226,78310,57658433,3726.39,1872189.96,1875916.35,37702660,18089873,6870944,1128270.17,259389.79,1387659.96,True
2024,9,Bandhan Bank,Private Sector,Private,Bandhan Bank,False,0,433,5,438,72908,0,0,0,0,0.0,0.0,0.0,6017159,2444112,351051,142179.69,12440.54,154620.23,True
2024,9,City Union Bank,Private Sector,Private,City Union Bank,False,0,1163,519,1682,6914,86094,25729,285,77535,14.72,4518.61,4533.33,2881359,2497107,542096,139235.57,14663.05,153898.62,True
2024,9,Csb Bank Ltd.,Private Sector,Private,Csb Bank Ltd.,False,0,723,47,770,0,0,133306,0,1324541,0.0,21572.74,21572.74,894864,436585,177277,21921.56,3998.64,25920.2,True
2024,9,DCB Bank,Private Sector,Private,DCB Bank,False,0,423,5,428,7954,0,3,0,0,0.0,0.0,0.0,1027647,287145,123744,15089.97,3895.99,18985.96,True
2024,9,Dhanlaxmi Bank,Private Sector,Private,Dhanlaxmi Bank,False,0,241,39,280,1486,0,12818,243,32430,8.14,918.36,926.5,559783,438074,166316,19544.49,3463.84,23008.33,True
2024,9,Federal Bank,Private Sector,Private,Federal Bank,False,0,1720,330,2050,20686,589,1049206,5166,4067824,256.47,157655.25,157911.72,13836055,7848539,4454899,397508.65,127740.17,525248.82,True
2024,9,HDFC Bank,Private Sector,Private,HDFC Bank,False,0,12237,8756,20993,1638516,3136,22405188,203006,103586646,12971.78,5222659.95,5235631.73,57092063,33875087,17508558,2203897.13,727083.07,2930980.2,True
2024,9,ICICI Bank,Private Sector,Private,ICICI Bank,False,0,10000,6117,16117,1767953,6280,17562210,65992,72558325,3248.77,3145701.28,3148950.05,31972238,15310392,9511607,1082310.21,440167.63,1522477.84,True
2024,9,IDFC First Bank,Private Sector,Private,IDFC First Bank,False,0,902,331,1233,47622,7544,3076601,27569,11289571,1256.17,318115.86,319372.03,6659945,3963894,898636,189641.38,45481.55,235122.93,True
2024,9,IndusInd Bank,Private Sector,Private,IndusInd Bank,False,0,1895,1116,3011,246321,141,3022768,23430,10726651,1224.92,847109.8,848334.72,11154738,3883761,1352686,232639.46,48669.83,281309.29,True
2024,9,J&K Bank,Private Sector,Private,J&K Bank,False,0,948,631,1579,14319,942,123424,9326,282763,396.97,19732.79,20129.76,4605046,5251122,1771971,281650.19,28661.18,310311.37,True
2024,9,Karnataka Bank,Private Sector,Private,Karnataka Bank,False,0,937,568,1505,10498,0,0,0,0,0.0,0.0,0.0,5419331,3746868,825232,179383.29,16987.65,196370.94,True
2024,9,Karur Vysya Bank,Private Sector,Private,Karur Vysya Bank,False,0,1477,731,2208,8313,0,10242,789,35073,60.53,2993.48,3054.01,5027307,4260006,1144380,208963.52,32372.42,241335.94,True
2024,9,Kotak Mahindra Bank,Private Sector,Private,Kotak Mahindra Bank,False,0,1848,1481,3329,76897,953,5305046,30627,16253619,1447.85,633292.89,634740.74,34608869,10695088,3967680,519323.11,107574.31,626897.42,True
2024,9,Nainital Bank,Private Sector,Private,Nainital Bank,False,0,0,0,0,0,0,0,0,0,0.0,0.0,0.0,275222,70460,19035,3318.78,400.3,3719.08,True
2024,9,Number - Outstanding (As On Month End),Private Sector,Private,Number - Outstanding (As On Month End),False,0,0,0,0,0,0,0,0,0,0.0,0.0,0.0,0,0,0,0.0,0.0,0.0,False
2024,9,RBL Bank,Private Sector,Private,RBL Bank,False,0,370,36,406,1662956,0,5218099,38654,9940100,1577.45,704142.08,705719.53,1558113,540038,252836,27782.44,10555.63,38338.07,True
2024,9,South Indian Bank,Private Sector,Private,South Indian Bank,False,0,911,374,1285,18277,0,393789,0,1352261,0.0,69235.99,69235.99,3763611,2854778,1285586,143625.52,36576.0,180201.52,True
2024,9,Tamilnad Mercantile Bank,Private Sector,Private,Tamilnad Mercantile Bank,False,0,507,655,1162,2258,0,32717,1971,59678,80.91,2976.7,3057.61,2348267,4843507,390646,216832.02,10897.54,227729.56,True
2024,9,Yes Bank,Private Sector,Private,Yes Bank,False,0,1159,164,1323,71867,94372,2291974,17077,7705856,875.07,268912.14,269787.21,5099164,2220517,718308,115092.64,23223.24,138315.88,True
2024,9,Bank of Baroda,Public Sector,Public,Bank of Baroda,False,0,8107,2253,10360,43961,45549,2808405,12746,9057610,626.29,284668.24,285294.53,85090233,23329401,3946673,1121902.65,106169.66,1228072.31,True
2024,9,Bank of India,Public Sector,Public,Bank of India,False,0,5334,2900,8234,18485,19609,73940,8710,199301,521.23,8727.46,9248.69,40001095,15163665,2938906,620046.96,60817.78,680864.74,True
2024,9,Bank of Maharashtra,Public Sector,Public,Bank of Maharashtra,False,0,2124,238,2362,1416,3100,31587,722,61073,35.15,2805.86,2841.01,14280474,6016088,1384999,272215.27,29320.58,301535.85,True
2024,9,Canara Bank,Public Sector,Public,Canara Bank,False,0,8312,3879,12191,74631,13173,958791,99457,1501724,5569.03,63800.62,69369.65,58499002,30847436,6979477,1475104.97,200715.72,1675820.69,True
2024,9,Central Bank of India,Public Sector,Public,Central Bank of India,False,0,2857,1144,4001,3367,2775,0,0,0,0.0,0.0,0.0,29986420,8679279,1725916,396542.84,43492.64,440035.48,True
2024,9,IDBI Bank,Public Sector,Public,IDBI Bank,False,0,2354,887,3241,13519,1041,39631,588,133627,34.64,5152.76,5187.4,12111532,5244916,1412408,260011.7,34222.36,294234.06,True
2024,9,Indian Bank,Public Sector,Public,Indian Bank,False,0,4601,616,5217,20904,12993,265112,4549,383066,350.49,22194.82,22545.31,32680016,19692355,3833536,925156.86,84534.52,1009691.38,True
2024,9,Indian Overseas Bank,Public Sector,Public,Indian Overseas Bank,False,0,2763,737,3500,0,7829,60130,2356,93310,117.12,2890.47,3007.59,19600172,12142660,2872643,508857.1,62502.68,571359.78,True
2024,9,Punjab & Sind Bank,Public Sector,Public,Punjab & Sind Bank,False,0,1049,28,1077,833,1503,0,0,0,0.0,0.0,0.0,3648840,1439804,422901,68286.75,10201.46,78488.21,True
2024,9,Punjab National Bank,Public Sector,Public,Punjab National Bank,False,0,7801,4239,12040,34478,0,541418,7224,613312,216.74,28970.06,29186.8,40630988,24845236,5595408,1238981.07,139146.68,1378127.75,True
2024,9,State Bank of India,Public Sector,Public,State Bank of India,False,0,24713,37988,62701,1445506,46452,19586884,130362,65463103,5552.77,2771477.71,2777030.48,234984596,157827279,39822658,8133095.15,1015081.32,9148176.47,True
2024,9,UCO Bank,Public Sector,Public,UCO Bank,False,0,2240,231,2471,11020,3568,0,0,0,0.0,0.0,0.0,12587210,6419760,1300830,294710.3,31225.79,325936.09,True
2024,9,Union Bank of India,Public Sector,Public,Union Bank of India,False,0,7671,2020,9691,48382,8001,746358,12503,2249691,540.33,59326.03,59866.36,56180879,43561329,6727188,1287401.2,144778.49,1432179.69,True
2024,9,AU Small Finance Bank,Small Finance Banks,Small Finance,AU Small Finance Bank,False,0,682,6,688,0,842,1033176,4472,2927749,267.08,171371.81,171638.89,8620318,1573553,399272,81156.84,13659.08,94815.92,True
2024,9,Capital Small Finance Bank,Small Finance Banks,Small Finance,Capital Small Finance Bank,False,0,180,2,182,0,0,0,0,0,0.0,0.0,0.0,241749,115871,28162,6329.05,843.35,7172.4,True
2024,9,ESAF Small Finance Bank,Small Finance Banks,Small Finance,ESAF Small Finance Bank,False,0,644,2,646,0,5765,3,1,5,0.01,0.01,0.02,5591115,830768,174898,39454.89,3293.15,42748.04,True
2024,9,Equitas Small Finance Bank,Small Finance Banks,Small Finance,Equitas Small Finance Bank,False,0,366,4,370,2460,321,0,0,0,0.0,0.0,0.0,1738786,2468670,157449,63890.77,4146.68,68037.45,True
2024,9,Jana Small Finance Bank,Small Finance Banks,Small Finance,Jana Small Finance Bank,False,0,59,2,61,0,136,0,0,0,0.0,0.0,0.0,3552421,331876,50246,14453.17,1128.35,15581.52,True
2024,9,North East Small Finance Bank,Small Finance Banks,Small Finance,North East Small Finance Bank,False,0,18,1,19,0,0,0,0,0,0.0,0.0,0.0,394631,109112,6341,2876.25,87.1,2963.35,True
2024,9,Shivalik Small Finance Bank,Small Finance Banks,Small Finance,Shivalik Small Finance Bank,False,0,0,0,0,0,0,0,0,0,0.0,0.0,0.0,69589,27827,6606,1450.47,204.08,1654.55,True
2024,9,Suryoday Small Finance Bank,Small Finance Banks,Small Finance,Suryoday Small Finance Bank,False,0,0,0,0,0,67,0,0,0,0.0,0.0,0.0,798337,82857,28869,3184.77,354.37,3539.14,True
2024,9,Ujjivan Small Finance Bank,Small Finance Banks,Small Finance,Ujjivan Small Finance Bank,False,0,607,3,610,0,0,0,0,0,0.0,0.0,0.0,7408625,3029351,205950,113626.8,4267.8,117894.6,True
2024,9,Unity Small Finance Bank,Small Finance Banks,Small Finance,Unity Small Finance Bank,False,0,232,0,232,0,0,0,0,0,0.0,0.0,0.0,39972,19077,6470,715.06,108.19,823.25,True
2024,9,Utkarsh Small Finance Bank,Small Finance Banks,Small Finance,Utkarsh Small Finance Bank,False,0,337,7,344,0,677,938,0,762,0.0,48.51,48.51,1726849,245784,41077,13288.47,1861.6,15150.07,True
2024,10,American Express,Foreign Banks,Foreign,American Express,False,0,0,0,0,50091,0,1429916,0,6275194,0.0,595259.3,595259.3,0,0,0,0.0,0.0,0.0,True
2024,10,Bank of America,Foreign Banks,Foreign,Bank of America,False,0,0,0,0,0,0,0,0,0,0.0,0.0,0.0,0,0,0,0.0,0.0,0.0,False
2024,10,Bank of Bahrain & Kuwait,Foreign Banks,Foreign,Bank of Bahrain & Kuwait,False,0,0,0,0,0,0,0,0,0,0.0,0.0,0.0,641,1564,1232,79.02,62.02,141.04,True
2024,10,Barclays Bank,Foreign Banks,Foreign,Barclays Bank,False,0,0,0,0,0,0,0,0,0,0.0,0.0,0.0,775,608,137,56.91,3.82,60.73,True
2024,10,Citi Bank,Foreign Banks,Foreign,Axis Bank,True,2023,0,0,0,0,0,217205,513,410641,44.15,52249.66,52293.81,0,0,0,0.0,0.0,0.0,True
2024,10,DBS Bank,Foreign Banks,Foreign,DBS Bank,False,0,439,341,780,628,90,539451,4187,877941,122.67,52558.75,52681.42,1743319,823494,356300,44897.23,9112.67,54009.9,True
2024,10,Deutsche Bank,Foreign Banks,Foreign,Deutsche Bank,False,0,13,2,15,0,0,0,0,0,0.0,0.0,0.0,106125,32680,39290,2065.63,1512.1,3577.73,True
2024,10,Doha Bank,Foreign Banks,Foreign,Doha Bank,False,0,2,0,2,0,0,0,0,0,0.0,0.0,0.0,22453,2117,1060,124.18,33.72,157.9,True
2024,10,HSBC,Foreign Banks,Foreign,HSBC,False,0,46,27,73,0,0,780694,2690,2567857,193.59,183651.38,183844.97,816374,265952,272091,16568.18,14132.32,30700.5,True
2024,10,KEB Hana Bank,Foreign Banks,Foreign,KEB Hana Bank,False,0,1,0,1,0,0,0,0,0,0.0,0.0,0.0,1575,417,1321,30.72,43.77,74.49,True
2024,10,Kookmin Bank,Foreign Banks,Foreign,Kookmin Bank,False,0,1,0,1,0,0,0,0,0,0.0,0.0,0.0,441,83,708,5.93,21.71,27.64,True
2024,10,SBM Bank,Foreign Banks,Foreign,SBM Bank,False,0,0,0,0,0,0,646192,7794,663377,365.5,13461.06,13826.56,811456,29435,16972,906.71,493.22,1399.93,True
2024,10,Standard Chartered Bank,Foreign Banks,Foreign,Standard Chartered Bank,False,0,102,47,149,0,0,969662,2528,2467370,172.16,112406.75,112578.91,1057711,684237,509645,36862.94,19316.7,56179.64,True
2024,10,Woori Bank,Foreign Banks,Foreign,Woori Bank,False,0,0,0,0,0,0,0,0,0,0.0,0.0,0.0,1259,760,3285,58.99,101.47,160.46,True
2024,10,Airtel Payments Bank,Payment Banks,Payments Bank,Airtel Payments Bank,False,0,0,0,0,0,138539,0,0,0,0.0,0.0,0.0,4657932,362772,230686,15723.66,3462.43,19186.09,True
2024,10,Fino Payments Bank,Payment Banks,Payments Bank,Fino Payments Bank,False,0,0,0,0,0,440961,0,0,0,0.0,0.0,0.0,9857867,2525284,159596,84070.63,3551.01,87621.64,True
2024,10,India Post Payments Bank,Payment Banks,Payments Bank,India Post Payments Bank,False,0,0,0,0,0,192528,0,0,0,0.0,0.0,0.0,20519546,0,223832,0.0,910.63,910.63,True
2024,10,Jio Payments Bank,Payment Banks,Payments Bank,Jio Payments Bank,False,0,0,0,0,0,0,0,0,0,0.0,0.0,0.0,298576,56214,28432,2159.85,478.35,2638.2,True
2024,10,NSDL Payments Bank,Payment Banks,Payments Bank,NSDL Payments Bank,False,0,0,0,0,0,301372,0,0,0,0.0,0.0,0.0,1536451,513008,61133,11961.83,658.31,12620.14,True
2024,10,Paytm Payments Bank,Payment Banks,Payments Bank,Paytm Payments Bank,False,0,0,0,0,0,0,0,0,0,0.0,0.0,0.0,30610727,220,988,6.28,2.98,9.26,True
2024,10,At Pos,Private Sector,Private,At Pos,False,0,0,0,0,0,0,0,0,0,0.0,0.0,0.0,0,0,0,0.0,0.0,0.0,False
2024,10,Atms & Crms,Private Sector,Private,Atms & Crms,False,0,0,0,0,0,0,0,0,0,0.0,0.0,0.0,0,0,0,0.0,0.0,0.0,False
2024,10,Axis Bank,Private Sector,Private,Axis Bank,False,0,6441,8038,14479,1917154,541,14771653,82861,69731592,4045.24,2607028.0,2611073.24,38535592,21098946,7272688,1353168.44,305726.42,1658894.86,True
2024,10,Bandhan Bank,Private Sector,Private,Bandhan Bank,False,0,433,5,438,64052,0,0,0,0,0.0,0.0,0.0,6057989,2582075,352432,150305.06,14069.63,164374.69,True
2024,10,City Union Bank,Private Sector,Private,City Union Bank,False,0,1166,520,1686,7149,87213,26716,303,86395,16.75,5098.83,5115.58,2918680,2593641,606311,148389.34,17279.33,165668.67,True
2024,10,Csb Bank Ltd.,Private Sector,Private,Csb Bank Ltd.,False,0,726,44,770,0,0,140107,0,1480999,0.0,23097.38,23097.38,900067,455881,172168,22966.1,3800.39,26766.49,True
2024,10,DCB Bank,Private Sector,Private,DCB Bank,False,0,425,5,430,7937,0,19,4,14,0.05,0.16,0.21,860088,324440,126454,17773.16,4616.13,22389.29,True
2024,10,Dhanlaxmi Bank,Private Sector,Private,Dhanlaxmi Bank,False,0,241,39,280,1488,0,12886,257,32900,9.53,922.89,932.42,561721,445868,156054,19499.32,3109.87,22609.19,True
2024,10,Federal Bank,Private Sector,Private,Federal Bank,False,0,1726,321,2047,20333,589,1060476,5404,4119593,266.97,168121.4,168388.37,13899539,8180401,4149493,413806.4,117849.66,531656.06,True
2024,10,HDFC Bank,Private Sector,Private,HDFC Bank,False,0,12222,8708,20930,1667772,2521,22646307,210268,111857864,13901.48,5360610.33,5374511.81,57605366,38958468,18572029,2638831.77,835452.9,3474284.67,True
2024,10,ICICI Bank,Private Sector,Private,ICICI Bank,False,0,10050,6138,16188,1709463,6244,17700751,70949,80170853,3618.51,3807988.09,3811606.6,34156827,17534224,10211782,1286356.67,515849.53,1802206.2,True
2024,10,IDFC First Bank,Private Sector,Private,IDFC First Bank,False,0,905,331,1236,43978,7650,3145919,28214,12621176,1348.54,377682.3,379030.84,6708720,4305660,962629,220761.34,52706.96,273468.3,True
2024,10,IndusInd Bank,Private Sector,Private,IndusInd Bank,False,0,1899,1114,3013,247864,141,3054496,24143,11925874,1324.68,943120.3,944444.98,11115757,4447591,1395138,273305.37,56123.33,329428.7,True
2024,10,J&K Bank,Private Sector,Private,J&K Bank,False,0,945,632,1577,14324,942,123943,10081,298018,443.56,21717.99,22161.55,4649990,5809665,1885269,335574.14,35484.78,371058.92,True
2024,10,Karnataka Bank,Private Sector,Private,Karnataka Bank,False,0,938,564,1502,10600,0,0,0,0,0.0,0.0,0.0,5463585,4051478,863328,194524.16,19598.45,214122.61,True
2024,10,Karur Vysya Bank,Private Sector,Private,Karur Vysya Bank,False,0,1478,726,2204,5055,0,10374,736,39044,58.14,3400.38,3458.52,5075894,4370026,1221710,220229.58,36109.49,256339.07,True
2024,10,Kotak Mahindra Bank,Private Sector,Private,Kotak Mahindra Bank,False,0,1852,1482,3334,78127,0,5207106,29594,16951779,1461.29,738484.79,739946.08,34762324,11973298,4061379,614693.58,122814.91,737508.49,True
2024,10,Nainital Bank,Private Sector,Private,Nainital Bank,False,0,0,0,0,0,0,0,0,0,0.0,0.0,0.0,278460,80670,20654,4007.01,488.97,4495.98,True
2024,10,Number - Outstanding (As On Month End),Private Sector,Private,Number - Outstanding (As On Month End),False,0,0,0,0,0,0,0,0,0,0.0,0.0,0.0,0,0,0,0.0,0.0,0.0,False
2024,10,RBL Bank,Private Sector,Private,RBL Bank,False,0,371,35,406,1832773,0,5174424,38303,10999157,1601.62,788238.32,789839.94,1572432,606461,265063,32403.17,12413.68,44816.85,True
2024,10,South Indian Bank,Private Sector,Private,South Indian Bank,False,0,911,372,1283,15066,0,391538,0,1326266,0.0,72865.16,72865.16,3787960,2932402,1207376,147318.81,34487.0,181805.81,True
2024,10,Tamilnad Mercantile Bank,Private Sector,Private,Tamilnad Mercantile Bank,False,0,507,655,1162,2382,0,33095,2090,66811,87.12,3287.75,3374.87,2347479,4993443,390060,232536.71,10799.63,243336.34,True
2024,10,Yes Bank,Private Sector,Private,Yes Bank,False,0,1165,161,1326,72361,96767,2341974,17298,8747511,908.8,315303.21,316212.01,5154054,2514866,746349,135638.52,27940.58,163579.1,True
2024,10,Bank of Baroda,Public Sector,Public,Bank of Baroda,False,0,8217,2256,10473,44524,45506,2879441,13747,9786705,692.14,325574.99,326267.13,85976657,26899152,4327108,1352551.38,130782.96,1483334.34,True
2024,10,Bank of India,Public Sector,Public,Bank of India,False,0,5335,2900,8235,18276,19650,74208,9915,216019,584.9,9764.99,10349.89,39458415,17132325,3169341,730904.38,73500.26,804404.64,True
2024,10,Bank of Maharashtra,Public Sector,Public,Bank of Maharashtra,False,0,2143,238,2381,1420,3160,31427,817,65530,39.56,3257.34,3296.9,14313361,7284684,1596352,350326.36,39260.38,389586.74,True
2024,10,Canara Bank,Public Sector,Public,Canara Bank,False,0,8298,3846,12144,73960,13173,971250,99282,1588472,5575.98,71697.98,77273.96,58873044,33356296,7409496,1620571.39,230459.83,1851031.22,True
2024,10,Central Bank of India,Public Sector,Public,Central Bank of India,False,0,2857,1144,4001,3367,2775,0,0,0,0.0,0.0,0.0,30178225,9845634,1835874,472391.67,52232.4,524624.07,True
2024,10,IDBI Bank,Public Sector,Public,IDBI Bank,False,0,2363,876,3239,13619,1063,39402,559,141696,34.51,6110.55,6145.06,12125956,5937493,1513104,308145.25,41545.23,349690.48,True
2024,10,Indian Bank,Public Sector,Public,Indian Bank,False,0,4607,614,5221,20913,13141,274473,4724,603832,377.91,39650.22,40028.13,32899596,21222078,4083812,1031138.36,99484.97,1130623.33,True
2024,10,Indian Overseas Bank,Public Sector,Public,Indian Overseas Bank,False,0,2763,738,3501,0,7939,64247,2494,97902,133.93,3259.7,3393.63,19875176,12963955,3072907,561109.97,71005.32,632115.29,True
2024,10,Punjab & Sind Bank,Public Sector,Public,Punjab & Sind Bank,False,0,1052,28,1080,859,1544,0,0,0,0.0,0.0,0.0,3582557,1603538,436317,79856.74,12112.56,91969.3,True
2024,10,Punjab National Bank,Public Sector,Public,Punjab National Bank,False,0,7809,4212,12021,34460,0,550487,7802,669454,248.77,33206.82,33455.59,40750078,28154770,5839257,1461890.89,162922.75,1624813.64,True
2024,10,State Bank of India,Public Sector,Public,State Bank of India,False,0,25447,37886,63333,1467705,47076,19807149,137860,70929124,5905.21,3184963.79,3190869.0,235164783,179363378,43310819,9577804.19,1234148.95,10811953.14,True
2024,10,UCO Bank,Public Sector,Public,UCO Bank,False,0,2246,228,2474,10846,3568,0,0,0,0.0,0.0,0.0,12550951,7076416,1344038,337676.7,36945.45,374622.15,True
2024,10,Union Bank of India,Public Sector,Public,Union Bank of India,False,0,7669,2022,9691,48060,8015,735926,11046,2180559,493.11,60351.32,60844.43,56447325,48143885,6987361,1485461.94,166119.41,1651581.35,True
2024,10,AU Small Finance Bank,Small Finance Banks,Small Finance,AU Small Finance Bank,False,0,670,6,676,0,842,1032357,5362,3191222,349.27,194374.26,194723.53,8677552,1786723,409812,94889.04,15228.91,110117.95,True
2024,10,Capital Small Finance Bank,Small Finance Banks,Small Finance,Capital Small Finance Bank,False,0,181,2,183,0,0,0,0,0,0.0,0.0,0.0,240317,126392,30001,7411.85,1112.25,8524.1,True
2024,10,ESAF Small Finance Bank,Small Finance Banks,Small Finance,ESAF Small Finance Bank,False,0,656,2,658,0,5945,46,0,10,0.0,0.05,0.05,5721466,887534,168946,43403.17,3184.29,46587.46,True
2024,10,Equitas Small Finance Bank,Small Finance Banks,Small Finance,Equitas Small Finance Bank,False,0,368,4,372,2659,325,0,0,0,0.0,0.0,0.0,1553443,2403786,160969,66607.96,4454.98,71062.94,True
2024,10,Jana Small Finance Bank,Small Finance Banks,Small Finance,Jana Small Finance Bank,False,0,59,2,61,0,130,0,0,0,0.0,0.0,0.0,3586914,324593,51737,14358.83,1282.28,15641.11,True
2024,10,North East Small Finance Bank,Small Finance Banks,Small Finance,North East Small Finance Bank,False,0,18,1,19,0,0,0,0,0,0.0,0.0,0.0,391472,115252,7695,3338.26,102.67,3440.93,True
2024,10,Shivalik Small Finance Bank,Small Finance Banks,Small Finance,Shivalik Small Finance Bank,False,0,0,0,0,0,0,0,0,0,0.0,0.0,0.0,68748,29593,5904,1580.95,193.36,1774.31,True
2024,10,Suryoday Small Finance Bank,Small Finance Banks,Small Finance,Suryoday Small Finance Bank,False,0,0,0,0,0,67,0,0,0,0.0,0.0,0.0,810290,81197,45280,3341.93,553.17,3895.1,True
2024,10,Ujjivan Small Finance Bank,Small Finance Banks,Small Finance,Ujjivan Small Finance Bank,False,0,607,3,610,0,0,0,0,0,0.0,0.0,0.0,7456790,2939753,202636,109195.3,4757.12,113952.42,True
2024,10,Unity Small Finance Bank,Small Finance Banks,Small Finance,Unity Small Finance Bank,False,0,173,0,173,0,0,0,0,0,0.0,0.0,0.0,45668,23306,7596,935.4,135.95,1071.35,True
2024,10,Utkarsh Small Finance Bank,Small Finance Banks,Small Finance,Utkarsh Small Finance Bank,False,0,343,7,350,0,687,4338,1,1813,0.0,54.3,54.3,1706142,263213,39824,15055.49,2077.86,17133.35,True
2024,11,American Express,Foreign Banks,Foreign,American Express,False,0,0,0,0,49448,0,1426449,0,6078387,0.0,569418.76,569418.76,0,0,0,0.0,0.0,0.0,True
2024,11,Bank of America,Foreign Banks,Foreign,Bank of America,False,0,0,0,0,0,0,0,0,0,0.0,0.0,0.0,0,0,0,0.0,0.0,0.0,False
2024,11,Bank of Bahrain & Kuwait,Foreign Banks,Foreign,Bank of Bahrain & Kuwait,False,0,0,0,0,0,0,0,0,0,0.0,0.0,0.0,780,1370,1120,68.85,39.23,108.08,True
2024,11,Barclays Bank,Foreign Banks,Foreign,Barclays Bank,False,0,0,0,0,0,0,0,0,0,0.0,0.0,0.0,771,463,62,43.33,1.74,45.07,True
2024,11,Citi Bank,Foreign Banks,Foreign,Axis Bank,True,2023,0,0,0,0,0,220699,465,401042,39.25,55981.94,56021.19,0,0,0,0.0,0.0,0.0,True
2024,11,DBS Bank,Foreign Banks,Foreign,DBS Bank,False,0,440,340,780,642,90,522388,3506,806264,103.67,46197.74,46301.41,1731706,726567,306563,39207.69,8644.66,47852.35,True
2024,11,Deutsche Bank,Foreign Banks,Foreign,Deutsche Bank,False,0,13,2,15,0,0,0,0,0,0.0,0.0,0.0,106125,26994,35529,1647.52,1283.78,2931.3,True
2024,11,Doha Bank,Foreign Banks,Foreign,Doha Bank,False,0,2,0,2,0,0,0,0,0,0.0,0.0,0.0,22543,1942,984,116.22,33.69,149.91,True
2024,11,HSBC,Foreign Banks,Foreign,HSBC,False,0,46,27,73,0,0,801372,2512,2432157,163.19,217472.79,217635.98,827136,237115,257704,14455.16,13130.33,27585.49,True
2024,11,KEB Hana Bank,Foreign Banks,Foreign,KEB Hana Bank,False,0,1,0,1,0,0,0,0,0,0.0,0.0,0.0,1593,371,1208,24.82,39.15,63.97,True
2024,11,Kookmin Bank,Foreign Banks,Foreign,Kookmin Bank,False,0,1,0,1,0,0,0,0,0,0.0,0.0,0.0,462,90,794,6.17,30.6,36.77,True
2024,11,SBM Bank,Foreign Banks,Foreign,SBM Bank,False,0,0,0,0,0,0,658637,7019,615850,308.72,12279.61,12588.33,815677,27660,15493,841.29,446.25,1287.54,True
2024,11,Standard Chartered Bank,Foreign Banks,Foreign,Standard Chartered Bank,False,0,102,47,149,0,0,962735,2337,2123763,160.38,95892.81,96053.19,1033131,587561,447098,31418.26,16854.9,48273.16,True
2024,11,Woori Bank,Foreign Banks,Foreign,Woori Bank,False,0,0,0,0,0,0,0,0,0,0.0,0.0,0.0,1265,831,3257,60.27,103.04,163.31,True
2024,11,Airtel Payments Bank,Payment Banks,Payments Bank,Airtel Payments Bank,False,0,0,0,0,0,140328,0,0,0,0.0,0.0,0.0,4956304,323351,206724,13780.3,3229.43,17009.73,True
2024,11,Fino Payments Bank,Payment Banks,Payments Bank,Fino Payments Bank,False,0,0,0,0,0,443315,0,0,0,0.0,0.0,0.0,9988127,2083729,133436,69470.59,3103.98,72574.57,True
2024,11,India Post Payments Bank,Payment Banks,Payments Bank,India Post Payments Bank,False,0,0,0,0,0,195907,0,0,0,0.0,0.0,0.0,21156486,0,170375,0.0,711.36,711.36,True
2024,11,Jio Payments Bank,Payment Banks,Payments Bank,Jio Payments Bank,False,0,0,0,0,0,0,0,0,0,0.0,0.0,0.0,333757,48431,26819,1804.15,352.32,2156.47,True
2024,11,NSDL Payments Bank,Payment Banks,Payments Bank,NSDL Payments Bank,False,0,0,0,0,0,292302,0,0,0,0.0,0.0,0.0,1294789,438785,62907,11340.19,643.9,11984.09,True
2024,11,Paytm Payments Bank,Payment Banks,Payments Bank,Paytm Payments Bank,False,0,0,0,0,0,0,0,0,0,0.0,0.0,0.0,30608105,175,799,4.04,3.73,7.77,True
2024,11,At Pos,Private Sector,Private,At Pos,False,0,0,0,0,0,0,0,0,0,0.0,0.0,0.0,0,0,0,0.0,0.0,0.0,False
2024,11,Atms & Crms,Private Sector,Private,Atms & Crms,False,0,0,0,0,0,0,0,0,0,0.0,0.0,0.0,0,0,0,0.0,0.0,0.0,False
2024,11,Axis Bank,Private Sector,Private,Axis Bank,False,0,6482,8004,14486,1920867,369,14731919,74032,57460345,3634.25,1991013.23,1994647.48,38956267,17262629,6382136,1105259.84,259967.47,1365227.31,True
2024,11,Bandhan Bank,Private Sector,Private,Bandhan Bank,False,0,433,5,438,64986,0,0,0,0,0.0,0.0,0.0,6500516,2273267,305724,126903.47,11675.6,138579.07,True
2024,11,City Union Bank,Private Sector,Private,City Union Bank,False,0,1172,519,1691,7296,91935,28021,259,72261,13.61,4453.14,4466.75,2949019,2255915,476390,125386.55,14348.88,139735.43,True
2024,11,Csb Bank Ltd.,Private Sector,Private,Csb Bank Ltd.,False,0,728,44,772,0,0,148121,0,1553371,0.0,22098.02,22098.02,908674,421587,152948,21060.95,3426.26,24487.21,True
2024,11,DCB Bank,Private Sector,Private,DCB Bank,False,0,425,5,430,7987,0,28,0,47,0.0,1.53,1.53,934523,286747,116115,15704.01,4087.42,19791.43,True
2024,11,Dhanalaxmi Bank Ltd,Private Sector,Private,Dhanalaxmi Bank Ltd,False,0,241,39,280,1407,0,12919,284,31724,10.13,873.66,883.79,570465,423577,143554,18407.56,2851.81,21259.37,True
2024,11,Federal Bank,Private Sector,Private,Federal Bank,False,0,1732,313,2045,20735,0,1075106,5379,3933771,249.88,152802.25,153052.13,13902426,7634414,3773225,385483.04,108225.59,493708.63,True
2024,11,HDFC Bank,Private Sector,Private,HDFC Bank,False,0,12174,8606,20780,1685393,2412,22833425,193348,103419806,12619.31,4555629.06,4568248.37,57889333,32933432,16321300,2211232.86,713800.92,2925033.78,True
2024,11,ICICI Bank,Private Sector,Private,ICICI Bank,False,0,10081,6105,16186,1715503,6223,17751518,65356,72979682,3291.74,3168799.13,3172090.87,31734549,14714595,8854729,1067331.6,442791.23,1510122.83,True
2024,11,IDFC First Bank,Private Sector,Private,IDFC First Bank,False,0,910,294,1204,43996,7685,3211850,25930,11938516,1216.85,331342.91,332559.76,6742982,3530987,855040,184399.36,49326.47,233725.83,True
2024,11,IndusInd Bank,Private Sector,Private,IndusInd Bank,False,0,1916,1113,3029,251195,141,3081902,22296,11185230,1197.22,878047.48,879244.7,11231571,3708717,1207755,224280.95,47835.61,272116.56,True
2024,11,J&K Bank,Private Sector,Private,J&K Bank,False,0,947,632,1579,14343,942,124706,9719,281121,413.64,20244.77,20658.41,4712802,5309730,1773837,297205.84,30092.46,327298.3,True
2024,11,Karnataka Bank,Private Sector,Private,Karnataka Bank,False,0,940,565,1505,10705,0,0,0,0,0.0,0.0,0.0,5484617,3673249,784248,176580.43,16951.78,193532.21,True
2024,11,Karur Vysya Bank,Private Sector,Private,Karur Vysya Bank,False,0,1482,714,2196,2770,0,10170,671,33669,51.51,2983.01,3034.52,5062289,3879460,999714,192284.58,29765.68,222050.26,True
2024,11,Kotak Mahindra Bank,Private Sector,Private,Kotak Mahindra Bank,False,0,1867,1453,3320,79477,0,5094515,27497,15369546,1351.22,614023.31,615374.53,34856409,10058219,3420239,507939.26,100019.37,607958.63,True
2024,11,Nainital Bank,Private Sector,Private,Nainital Bank,False,0,0,0,0,0,0,0,0,0,0.0,0.0,0.0,281620,64815,17943,3249.9,422.84,3672.74,True
2024,11,Number - Outstanding (As On Month End),Private Sector,Private,Number - Outstanding (As On Month End),False,0,0,0,0,0,0,0,0,0,0.0,0.0,0.0,0,0,0,0.0,0.0,0.0,False
2024,11,RBL Bank,Private Sector,Private,RBL Bank,False,0,373,35,408,1956988,0,5108342,35993,10150039,1527.01,678744.15,680271.16,1583291,507713,240644,26694.43,10991.09,37685.52,True
2024,11,South Indian Bank,Private Sector,Private,South Indian Bank,False,0,910,370,1280,13764,0,388917,0,1234228,0.0,61951.98,61951.98,3803247,2769783,1097487,138740.74,32003.99,170744.73,True
2024,11,Tamilnad Mercantile Bank,Private Sector,Private,Tamilnad Mercantile Bank,False,0,509,653,1162,2347,0,33215,1778,54460,76.58,2874.44,2951.02,2359503,4519205,385975,208272.09,10700.45,218972.54,True
2024,11,Yes Bank,Private Sector,Private,Yes Bank,False,0,1167,162,1329,76243,95036,2372897,15974,8546659,821.19,281316.72,282137.91,5207215,2083016,649727,129853.28,24262.0,154115.28,True
2024,11,Bank of Baroda,Public Sector,Public,Bank of Baroda,False,0,8345,2343,10688,45611,45458,2895055,12890,9104930,643.7,283731.75,284375.45,86552638,22467092,3738934,1110017.88,105839.34,1215857.22,True
2024,11,Bank of India,Public Sector,Public,Bank of India,False,0,5337,2898,8235,18163,19650,74236,9072,197537,535.58,8695.81,9231.39,39250483,14533776,2689013,602534.74,59182.01,661716.75,True
2024,11,Bank of Maharashtra,Public Sector,Public,Bank of Maharashtra,False,0,2160,242,2402,1397,3599,31303,836,60545,40.66,2865.69,2906.35,14032269,5484168,1307647,258005.58,30152.55,288158.13,True
2024,11,Canara Bank,Public Sector,Public,Canara Bank,False,0,8272,3818,12090,74429,13177,992112,96293,1461620,5452.68,65973.25,71425.93,59065159,29851984,6475512,1438885.59,199128.48,1638014.07,True
2024,11,Central Bank of India,Public Sector,Public,Central Bank of India,False,0,2857,1144,4001,3301,2725,0,0,0,0.0,0.0,0.0,27020639,8282128,1608000,389403.01,44190.55,433593.56,True
2024,11,IDBI Bank,Public Sector,Public,IDBI Bank,False,0,2366,867,3233,13559,1114,39915,584,133286,33.82,5327.15,5360.97,12107072,4858521,1267671,246488.4,32813.54,279301.94,True
2024,11,Indian Bank,Public Sector,Public,Indian Bank,False,0,4613,609,5222,20913,13224,280912,4492,679497,342.35,33580.63,33922.98,32975066,18712541,3447543,891999.98,85236.33,977236.31,True
2024,11,Indian Overseas Bank,Public Sector,Public,Indian Overseas Bank,False,0,2762,738,3500,0,8461,64120,2459,90639,122.7,2939.95,3062.65,20135678,11565584,2532681,487018.55,59302.87,546321.42,True
2024,11,Punjab & Sind Bank,Public Sector,Public,Punjab & Sind Bank,False,0,1017,26,1043,902,1614,0,0,0,0.0,0.0,0.0,3477037,1370925,388439,68678.68,10907.42,79586.1,True
2024,11,Punjab National Bank,Public Sector,Public,Punjab National Bank,False,0,7799,4216,12015,34117,0,564186,7062,613855,221.56,30316.15,30537.71,40818142,24133331,5129115,1247168.79,138374.21,1385543.0,True
2024,11,State Bank of India,Public Sector,Public,State Bank of India,False,0,26037,37787,63824,1490016,46348,20038207,132268,65369951,5568.14,2519290.99,2524859.13,236104368,153221164,36634558,8071290.0,957290.87,9028580.87,True
2024,11,UCO Bank,Public Sector,Public,UCO Bank,False,0,2246,228,2474,10904,3568,0,0,0,0.0,0.0,0.0,12426924,6117106,1143983,287602.55,29893.75,317496.3,True
2024,11,Union Bank of India,Public Sector,Public,Union Bank of India,False,0,7032,1368,8400,48721,8021,599568,10170,2194100,448.52,58932.8,59381.32,56625362,42200692,6081631,1279442.14,139467.26,1418909.4,True
2024,11,AU Small Finance Bank,Small Finance Banks,Small Finance,AU Small Finance Bank,False,0,670,6,676,0,843,1032988,4557,2843504,291.67,153307.35,153599.02,8747178,1438388,367540,75718.87,13737.48,89456.35,True
2024,11,Capital Small Finance Bank,Small Finance Banks,Small Finance,Capital Small Finance Bank,False,0,182,2,184,0,0,0,0,0,0.0,0.0,0.0,239529,115593,29756,7045.32,1254.44,8299.76,True
2024,11,ESAF Small Finance Bank,Small Finance Banks,Small Finance,ESAF Small Finance Bank,False,0,664,2,666,0,6081,49,0,242,0.0,2.09,2.09,5787404,820079,152434,39619.26,2894.0,42513.26,True
2024,11,Equitas Small Finance Bank,Small Finance Banks,Small Finance,Equitas Small Finance Bank,False,0,369,4,373,2747,328,0,0,0,0.0,0.0,0.0,1536319,1932805,135680,55338.73,3803.05,59141.78,True
2024,11,Jana Small Finance Bank,Small Finance Banks,Small Finance,Jana Small Finance Bank,False,0,59,2,61,0,130,0,0,0,0.0,0.0,0.0,3612297,307617,45662,13866.8,1077.01,14943.81,True
2024,11,North East Small Finance Bank,Small Finance Banks,Small Finance,North East Small Finance Bank,False,0,17,1,18,0,0,0,0,0,0.0,0.0,0.0,375669,130011,6250,2924.06,82.59,3006.65,True
2024,11,Shivalik Small Finance Bank,Small Finance Banks,Small Finance,Shivalik Small Finance Bank,False,0,0,0,0,0,0,0,0,0,0.0,0.0,0.0,69493,23738,5231,1282.5,161.93,1444.43,True
2024,11,Suryoday Small Finance Bank,Small Finance Banks,Small Finance,Suryoday Small Finance Bank,False,0,0,0,0,0,67,0,0,0,0.0,0.0,0.0,820987,67962,48842,2671.0,568.17,3239.17,True
2024,11,Ujjivan Small Finance Bank,Small Finance Banks,Small Finance,Ujjivan Small Finance Bank,False,0,607,4,611,0,0,0,0,0,0.0,0.0,0.0,7490221,2765333,175286,105838.52,4100.85,109939.37,True
2024,11,Unity Small Finance Bank,Small Finance Banks,Small Finance,Unity Small Finance Bank,False,0,174,0,174,0,0,0,0,0,0.0,0.0,0.0,51656,21383,7392,834.45,130.54,964.99,True
2024,11,Utkarsh Small Finance Bank,Small Finance Banks,Small Finance,Utkarsh Small Finance Bank,False,0,349,7,356,0,690,27208,7,6928,0.23,109.78,110.01,1700102,223067,37610,12824.11,2396.51,15220.62,True
2024,12,American Express,Foreign Banks,Foreign,American Express,False,0,0,0,0,36444,0,1437498,0,6157285,0.0,571422.82,571422.82,0,0,0,0.0,0.0,0.0,True
2024,12,Bank of America,Foreign Banks,Foreign,Bank of America,False,0,0,0,0,0,0,0,0,0,0.0,0.0,0.0,0,0,0,0.0,0.0,0.0,False
2024,12,Bank of Bahrain & Kuwait,Foreign Banks,Foreign,Bank of Bahrain & Kuwait,False,0,0,0,0,0,0,0,0,0,0.0,0.0,0.0,802,1512,1197,78.91,60.15,139.06,True
2024,12,Barclays Bank,Foreign Banks,Foreign,Barclays Bank,False,0,0,0,0,0,0,0,0,0,0.0,0.0,0.0,1058,605,100,55.74,5.8,61.54,True
2024,12,Citi Bank,Foreign Banks,Foreign,Axis Bank,True,2023,0,0,0,0,0,223969,603,381511,52.18,51485.98,51538.16,0,0,0,0.0,0.0,0.0,True
2024,12,DBS Bank,Foreign Banks,Foreign,DBS Bank,False,0,440,336,776,647,90,508863,3162,837725,95.22,50075.68,50170.9,1739117,743589,293156,39608.54,8329.24,47937.78,True
2024,12,Deutsche Bank,Foreign Banks,Foreign,Deutsche Bank,False,0,13,2,15,0,0,0,0,0,0.0,0.0,0.0,104832,29911,40917,1847.99,1514.47,3362.46,True
2024,12,Doha Bank,Foreign Banks,Foreign,Doha Bank,False,0,2,0,2,0,0,0,0,0,0.0,0.0,0.0,22614,2248,1240,136.64,38.14,174.78,True
2024,12,HSBC,Foreign Banks,Foreign,HSBC,False,0,46,27,73,0,0,801372,3195,2741471,222.58,196482.73,196705.31,842628,252444,288260,15408.82,15309.67,30718.49,True
2024,12,KEB Hana Bank,Foreign Banks,Foreign,KEB Hana Bank,False,0,1,0,1,0,0,0,0,0,0.0,0.0,0.0,1601,348,1264,23.05,46.08,69.13,True
2024,12,Kookmin Bank,Foreign Banks,Foreign,Kookmin Bank,False,0,0,0,0,0,0,0,0,0,0.0,0.0,0.0,481,116,844,7.11,30.64,37.75,True
2024,12,SBM Bank,Foreign Banks,Foreign,SBM Bank,False,0,0,0,0,0,0,693987,7397,653366,340.97,13251.58,13592.55,820325,28748,16407,861.18,480.76,1341.94,True
2024,12,Standard Chartered Bank,Foreign Banks,Foreign,Standard Chartered Bank,False,0,101,46,147,0,0,928039,2172,2290195,143.77,106361.05,106504.82,1029810,612364,489132,32710.71,18126.86,50837.57,True
2024,12,Woori Bank,Foreign Banks,Foreign,Woori Bank,False,0,0,0,0,0,0,0,0,0,0.0,0.0,0.0,1282,644,3268,48.07,110.11,158.18,True
2024,12,Airtel Payments Bank,Payment Banks,Payments Bank,Airtel Payments Bank,False,0,0,0,0,0,142289,0,0,0,0.0,0.0,0.0,5166271,357178,105250,14580.42,1522.41,16102.83,True
2024,12,Fino Payments Bank,Payment Banks,Payments Bank,Fino Payments Bank,False,0,0,0,0,0,445603,0,0,0,0.0,0.0,0.0,10036287,2171864,142316,73573.31,3551.82,77125.13,True
2024,12,India Post Payments Bank,Payment Banks,Payments Bank,India Post Payments Bank,False,0,0,0,0,0,196421,0,0,0,0.0,0.0,0.0,21861433,0,204691,0.0,933.86,933.86,True
2024,12,Jio Payments Bank,Payment Banks,Payments Bank,Jio Payments Bank,False,0,0,0,0,0,0,0,0,0,0.0,0.0,0.0,373897,50148,29302,1878.22,425.73,2303.95,True
2024,12,NSDL Payments Bank,Payment Banks,Payments Bank,NSDL Payments Bank,False,0,0,0,0,0,308604,0,0,0,0.0,0.0,0.0,1350504,469985,61970,11372.98,623.4,11996.38,True
2024,12,Paytm Payments Bank,Payment Banks,Payments Bank,Paytm Payments Bank,False,0,0,0,0,0,0,0,0,0,0.0,0.0,0.0,30605276,151,623,4.12,3.13,7.25,True
2024,12,At Pos,Private Sector,Private,At Pos,False,0,0,0,0,0,0,0,0,0,0.0,0.0,0.0,0,0,0,0.0,0.0,0.0,False
2024,12,Atms & Crms,Private Sector,Private,Atms & Crms,False,0,0,0,0,0,0,0,0,0,0.0,0.0,0.0,0,0,0,0.0,0.0,0.0,False
2024,12,Axis Bank,Private Sector,Private,Axis Bank,False,0,6505,7955,14460,1967973,369,14796963,77237,62892705,3827.68,2163823.85,2167651.53,39115004,17753468,6703265,1149701.39,273407.07,1423108.46,True
2024,12,Bandhan Bank,Private Sector,Private,Bandhan Bank,False,0,433,5,438,65860,0,0,0,0,0.0,0.0,0.0,6085747,2361386,321935,130463.99,12131.26,142595.25,True
2024,12,City Union Bank,Private Sector,Private,City Union Bank,False,0,1170,523,1693,7302,92325,26844,248,71863,14.19,4681.2,4695.39,2963830,2378022,506629,132973.19,14547.49,147520.68,True
2024,12,Csb Bank Ltd.,Private Sector,Private,Csb Bank Ltd.,False,0,737,40,777,0,0,153576,0,1815979,0.0,24417.72,24417.72,906711,445332,169888,22465.26,4005.27,26470.53,True
2024,12,DCB Bank,Private Sector,Private,DCB Bank,False,0,425,5,430,8012,0,41,2,61,0.02,1.45,1.47,821559,284603,127513,16378.03,4297.32,20675.35,True
2024,12,Dhanalaxmi Bank Ltd,Private Sector,Private,Dhanalaxmi Bank Ltd,False,0,241,39,280,1475,0,12941,288,34024,10.3,968.06,978.36,574838,436340,146994,19170.14,3041.25,22211.39,True
2024,12,Federal Bank,Private Sector,Private,Federal Bank,False,0,1739,314,2053,21058,0,1095127,5599,4352906,266.34,174241.26,174507.6,13980395,7938001,4090693,404247.01,124663.7,528910.71,True
2024,12,HDFC Bank,Private Sector,Private,HDFC Bank,False,0,12403,8646,21049,1695039,2267,23145038,200644,114374506,13114.83,5316532.23,5329647.06,58395284,34278579,17100584,2318865.39,744463.07,3063328.46,True
2024,12,ICICI Bank,Private Sector,Private,ICICI Bank,False,0,10186,6088,16274,1802952,6289,17901052,69336,80852488,3465.19,3501627.73,3505092.92,31819602,15269145,9537323,1117079.73,479483.97,1596563.7,True
2024,12,IDFC First Bank,Private Sector,Private,IDFC First Bank,False,0,913,295,1208,44375,7647,3291800,26787,13294560,1283.93,372220.27,373504.2,6705953,3539100,896812,191730.71,52439.69,244170.4,True
2024,12,IndusInd Bank,Private Sector,Private,IndusInd Bank,False,0,1922,1071,2993,249297,141,3117373,24081,12063964,1293.06,940937.4,942230.46,11057251,3890127,1252946,239598.18,50468.56,290066.74,True
2024,12,J&K Bank,Private Sector,Private,J&K Bank,False,0,944,633,1577,14349,942,125283,9751,293680,415.88,20853.42,21269.3,4733915,5162516,1727657,279262.97,28976.46,308239.43,True
2024,12,Karnataka Bank,Private Sector,Private,Karnataka Bank,False,0,944,562,1506,10590,0,0,0,0,0.0,0.0,0.0,5490143,3783632,799911,184294.14,17421.73,201715.87,True
2024,12,Karur Vysya Bank,Private Sector,Private,Karur Vysya Bank,False,0,1493,704,2197,2740,0,10248,530,30052,42.73,2769.01,2811.74,5112105,4041537,1047458,201552.96,30422.26,231975.22,True
2024,12,Kotak Mahindra Bank,Private Sector,Private,Kotak Mahindra Bank,False,0,1896,1441,3337,80585,0,5021613,27564,16308616,1368.14,676425.57,677793.71,34694454,10353795,3581501,529462.54,107821.11,637283.65,True
2024,12,Nainital Bank,Private Sector,Private,Nainital Bank,False,0,0,0,0,0,0,0,0,0,0.0,0.0,0.0,284607,68387,17378,3374.61,396.68,3771.29,True
2024,12,Number - Outstanding (As On Month End),Private Sector,Private,Number - Outstanding (As On Month End),False,0,0,0,0,0,0,0,0,0,0.0,0.0,0.0,0,0,0,0.0,0.0,0.0,False
2024,12,RBL Bank,Private Sector,Private,RBL Bank,False,0,376,35,411,2119293,0,5038440,35592,10964758,1568.71,752136.27,753704.98,1610758,519098,248958,27898.44,11214.29,39112.73,True
2024,12,South Indian Bank,Private Sector,Private,South Indian Bank,False,0,910,370,1280,13940,0,385372,0,1326506,0.0,68415.24,68415.24,3777228,2870579,1201750,146044.45,35955.93,182000.38,True
2024,12,Tamilnad Mercantile Bank,Private Sector,Private,Tamilnad Mercantile Bank,False,0,508,654,1162,2346,0,33049,2039,61325,84.32,3110.7,3195.02,2384102,4702814,387445,216394.15,10834.96,227229.11,True
2024,12,Yes Bank,Private Sector,Private,Yes Bank,False,0,1168,157,1325,98651,95092,2407944,16453,9721128,857.31,310161.17,311018.48,5022677,2124479,669454,114951.2,24633.53,139584.73,True
2024,12,Bank of Baroda,Public Sector,Public,Bank of Baroda,False,0,8395,2383,10778,47037,44909,2937896,13104,9976545,663.27,307994.98,308658.25,87335032,23739493,3778473,1180484.67,108791.7,1289276.37,True
2024,12,Bank of India,Public Sector,Public,Bank of India,False,0,5339,2897,8236,18184,21901,73696,9719,207725,574.97,9347.76,9922.73,38747535,15265108,2690621,637505.11,59161.26,696666.37,True
2024,12,Bank of Maharashtra,Public Sector,Public,Bank of Maharashtra,False,0,2173,243,2416,1391,3773,31278,755,65375,37.44,3125.89,3163.33,14022969,6086661,1335209,284031.02,30196.45,314227.47,True
2024,12,Canara Bank,Public Sector,Public,Canara Bank,False,0,8217,3809,12026,74536,13177,997943,103464,1583643,5817.58,70794.18,76611.76,59396108,30969820,6766569,1493243.14,204530.37,1697773.51,True
2024,12,Central Bank of India,Public Sector,Public,Central Bank of India,False,0,2857,1144,4001,3344,2755,0,0,0,0.0,0.0,0.0,28178425,8659061,1656116,404883.48,43213.76,448097.24,True
2024,12,IDBI Bank,Public Sector,Public,IDBI Bank,False,0,2377,807,3184,13522,1197,41023,537,147651,31.32,6023.02,6054.34,12107833,5068995,1325638,262637.58,34391.03,297028.61,True
2024,12,Indian Bank,Public Sector,Public,Indian Bank,False,0,4617,607,5224,20921,13292,282514,4777,507849,368.44,24028.96,24397.4,33020751,19223516,3557763,915256.93,84648.89,999905.82,True
2024,12,Indian Overseas Bank,Public Sector,Public,Indian Overseas Bank,False,0,2764,737,3501,0,9041,65086,2658,104846,135.63,3515.52,3651.15,20478463,12214319,2669601,514228.76,61113.98,575342.74,True
2024,12,Punjab & Sind Bank,Public Sector,Public,Punjab & Sind Bank,False,0,1016,27,1043,958,1665,0,0,0,0.0,0.0,0.0,3480941,1397823,386905,69351.95,10183.26,79535.21,True
2024,12,Punjab National Bank,Public Sector,Public,Punjab National Bank,False,0,7826,4208,12034,34302,0,574560,7839,641762,247.9,31909.53,32157.43,41015342,24874549,5230867,1283921.12,138323.02,1422244.14,True
2024,12,State Bank of India,Public Sector,Public,State Bank of India,False,0,26468,37646,64114,1480273,46525,20246942,141564,72476804,5881.95,2821348.4,2827230.35,240315298,159324615,37775544,8461595.89,980460.76,9442056.65,True
2024,12,UCO Bank,Public Sector,Public,UCO Bank,False,0,2254,223,2477,10860,3568,0,0,0,0.0,0.0,0.0,12454245,6352610,1163293,302282.87,29877.8,332160.67,True
2024,12,Union Bank of India,Public Sector,Public,Union Bank of India,False,0,5557,1206,6763,49500,8005,551230,10014,2139807,433.77,57003.01,57436.78,60574547,44069604,6299686,1335591.27,144735.26,1480326.53,True
2024,12,AU Small Finance Bank,Small Finance Banks,Small Finance,AU Small Finance Bank,False,0,668,6,674,0,843,1030962,4347,3014704,262.94,136447.63,136710.57,8833571,1598964,392832,83498.39,14799.51,98297.9,True
2024,12,Capital Small Finance Bank,Small Finance Banks,Small Finance,Capital Small Finance Bank,False,0,185,2,187,0,0,0,0,0,0.0,0.0,0.0,235870,111892,27704,6618.34,971.8,7590.14,True
2024,12,ESAF Small Finance Bank,Small Finance Banks,Small Finance,ESAF Small Finance Bank,False,0,667,2,669,0,6274,47,0,394,0.0,3.89,3.89,5804134,839700,156458,40193.27,3170.25,43363.52,True
2024,12,Equitas Small Finance Bank,Small Finance Banks,Small Finance,Equitas Small Finance Bank,False,0,371,4,375,2793,331,11,7,104,0.04,1.81,1.85,1423522,1999779,139342,59155.23,4030.42,63185.65,True
2024,12,Jana Small Finance Bank,Small Finance Banks,Small Finance,Jana Small Finance Bank,False,0,58,2,60,0,122,0,0,0,0.0,0.0,0.0,3653288,341543,49276,15675.49,1156.4,16831.89,True
2024,12,North East Small Finance Bank,Small Finance Banks,Small Finance,North East Small Finance Bank,False,0,17,1,18,0,0,0,0,0,0.0,0.0,0.0,379538,143444,5787,3381.39,80.69,3462.08,True
2024,12,Shivalik Small Finance Bank,Small Finance Banks,Small Finance,Shivalik Small Finance Bank,False,0,0,0,0,0,0,0,0,0,0.0,0.0,0.0,70234,25210,5013,1374.64,173.37,1548.01,True
2024,12,Suryoday Small Finance Bank,Small Finance Banks,Small Finance,Suryoday Small Finance Bank,False,0,0,0,0,0,67,17,0,21,0.0,0.06,0.06,828938,69171,51879,2730.58,616.62,3347.2,True
2024,12,Ujjivan Small Finance Bank,Small Finance Banks,Small Finance,Ujjivan Small Finance Bank,False,0,607,4,611,0,0,0,0,0,0.0,0.0,0.0,7348988,2789698,178688,105008.2,4089.81,109098.01,True
2024,12,Unity Small Finance Bank,Small Finance Banks,Small Finance,Unity Small Finance Bank,False,0,180,0,180,0,0,0,0,0,0.0,0.0,0.0,59135,23826,7381,923.68,141.02,1064.7,True
2024,12,Utkarsh Small Finance Bank,Small Finance Banks,Small Finance,Utkarsh Small Finance Bank,False,0,356,7,363,0,713,66268,146,21530,1.43,212.98,214.41,1688966,241866,34074,14387.09,1693.68,16080.77,True
